record_id,state,district,block_taluka,station_location,longitude,latitude,year,month,season,ph,ec_us_cm,tds_mg_l,cl_mg_l,no3_mg_l,so4_mg_l,f_mg_l,total_hardness_mg_l,fe_mg_l,as_ppb,u_ppb,rainfall_mm,rainfall_source,rainfall_year,health_value,health_indicator,health_source,health_year,water_source,water_year,data_availability_status,data_type,rainfall_anomaly,rainfall_change,anomaly_score,abnormal_pattern_flag,risk_score,health_risk_component,water_risk_component,env_risk_component,hist_risk_component,vuln_risk_component,abnormal_risk_component,risk_class
REAL_WQ_30,Andhra Pradesh,Alluri,Sita,Rama Raju Addatigala Veerbhadrapuram-DW13,82.0753,17.4406,2024,Pre-Monsoon,Pre-Monsoon,7.25,1012.0,634.0,69.0,6.0,76.0,0.02,334.0,,,,872.3,IMD All-India Monsoon Series,2021.0,5919303.0,National Reported Water-Borne Disease Total,Rajya Sabha Unstarred Question No. 557,2021.0,CGWB Ground Water Quality Data (2024),2024.0,PARTIAL,REAL_PUBLIC_SOURCE,-0.07,-0.29,-0.11,0,26.2,0.33,0.02,0.48,0.25,0.35,0.07,LOW
REAL_WQ_31,Andhra Pradesh,Alluri,Sita,Rama Raju Anantagiri Sunkarametta-DW13,82.9722,18.2711,2024,Pre-Monsoon,Pre-Monsoon,7.03,339.0,210.0,16.0,57.0,3.0,0.01,132.0,,,,872.3,IMD All-India Monsoon Series,2021.0,5919303.0,National Reported Water-Borne Disease Total,Rajya Sabha Unstarred Question No. 557,2021.0,CGWB Ground Water Quality Data (2024),2024.0,PARTIAL,REAL_PUBLIC_SOURCE,-0.07,-0.29,-0.037,0,27.9,0.33,0.05,0.48,0.25,0.35,0.24,LOW
REAL_WQ_32,Andhra Pradesh,Alluri,Sita,Rama Raju Chintur Chirevalli,81.0856,17.5946,2024,Pre-Monsoon,Pre-Monsoon,7.37,2480.0,1130.0,318.0,48.0,122.0,0.74,623.0,,,,872.3,IMD All-India Monsoon Series,2021.0,5919303.0,National Reported Water-Borne Disease Total,Rajya Sabha Unstarred Question No. 557,2021.0,CGWB Ground Water Quality Data (2024),2024.0,PARTIAL,REAL_PUBLIC_SOURCE,-0.07,-0.29,-0.073,0,29.0,0.33,0.12,0.48,0.25,0.35,0.16,LOW
REAL_WQ_33,Andhra Pradesh,Alluri,Sita,Rama Raju Chintur Edugarallapalli,81.1783,17.7427,2024,Pre-Monsoon,Pre-Monsoon,8.03,1930.0,1252.0,128.0,48.0,64.0,1.67,137.0,,,,872.3,IMD All-India Monsoon Series,2021.0,5919303.0,National Reported Water-Borne Disease Total,Rajya Sabha Unstarred Question No. 557,2021.0,CGWB Ground Water Quality Data (2024),2024.0,PARTIAL,REAL_PUBLIC_SOURCE,-0.07,-0.29,0.007,1,31.0,0.33,0.16,0.48,0.25,0.35,0.35,MODERATE
REAL_WQ_34,Andhra Pradesh,Alluri,Sita,Rama Raju Gangavaram Jaderu-DW14,81.9303,17.5253,2024,Pre-Monsoon,Pre-Monsoon,7.7,914.0,536.0,25.0,3.0,19.0,0.1,241.0,,,,872.3,IMD All-India Monsoon Series,2021.0,5919303.0,National Reported Water-Borne Disease Total,Rajya Sabha Unstarred Question No. 557,2021.0,CGWB Ground Water Quality Data (2024),2024.0,PARTIAL,REAL_PUBLIC_SOURCE,-0.07,-0.29,-0.112,0,25.8,0.33,0.01,0.48,0.25,0.35,0.07,LOW
REAL_WQ_35,Andhra Pradesh,Alluri,Sita,Rama Raju Nellipaka Lakshmipuram,81.0484,17.7197,2024,Pre-Monsoon,Pre-Monsoon,7.63,1760.0,1069.0,125.0,64.0,48.0,0.6,452.0,,,,872.3,IMD All-India Monsoon Series,2021.0,5919303.0,National Reported Water-Borne Disease Total,Rajya Sabha Unstarred Question No. 557,2021.0,CGWB Ground Water Quality Data (2024),2024.0,PARTIAL,REAL_PUBLIC_SOURCE,-0.07,-0.29,-0.079,0,30.5,0.33,0.18,0.48,0.25,0.35,0.15,MODERATE
REAL_WQ_36,Andhra Pradesh,Alluri,Sita,Rama Raju Paderu Vontlamamidi-DW13,82.8192,17.9828,2024,Pre-Monsoon,Pre-Monsoon,7.21,154.0,76.0,7.0,0.0,4.0,0.01,43.0,,,,872.3,IMD All-India Monsoon Series,2021.0,5919303.0,National Reported Water-Borne Disease Total,Rajya Sabha Unstarred Question No. 557,2021.0,CGWB Ground Water Quality Data (2024),2024.0,PARTIAL,REAL_PUBLIC_SOURCE,-0.07,-0.29,-0.1,0,25.7,0.33,0.0,0.48,0.25,0.35,0.1,LOW
REAL_WQ_37,Andhra Pradesh,Alluri,Sita,Rama Raju Peddabayalu Peddabayalu,82.5898,18.2878,2024,Pre-Monsoon,Pre-Monsoon,7.14,362.0,193.0,36.0,45.0,2.0,0.01,121.0,,,,872.3,IMD All-India Monsoon Series,2021.0,5919303.0,National Reported Water-Borne Disease Total,Rajya Sabha Unstarred Question No. 557,2021.0,CGWB Ground Water Quality Data (2024),2024.0,PARTIAL,REAL_PUBLIC_SOURCE,-0.07,-0.29,-0.05,0,26.3,0.33,0.0,0.48,0.25,0.35,0.21,LOW
REAL_WQ_38,Andhra Pradesh,Alluri,Sita,Rama Raju Rajahmundry(U) Rajmundry Swarajyanagar 2013DW,81.7778,16.9997,2024,Pre-Monsoon,Pre-Monsoon,7.48,1201.0,791.0,96.0,18.0,73.0,0.01,426.0,,,,872.3,IMD All-India Monsoon Series,2021.0,5919303.0,National Reported Water-Borne Disease Total,Rajya Sabha Unstarred Question No. 557,2021.0,CGWB Ground Water Quality Data (2024),2024.0,PARTIAL,REAL_PUBLIC_SOURCE,-0.07,-0.29,-0.114,0,26.8,0.33,0.05,0.48,0.25,0.35,0.06,LOW
REAL_WQ_39,Andhra Pradesh,Alluri,Sita,Rama Raju Rajavommangi Lagarai-DW14,82.1956,17.5761,2024,Pre-Monsoon,Pre-Monsoon,7.71,618.0,370.0,39.0,62.0,43.0,0.01,161.0,,,,872.3,IMD All-India Monsoon Series,2021.0,5919303.0,National Reported Water-Borne Disease Total,Rajya Sabha Unstarred Question No. 557,2021.0,CGWB Ground Water Quality Data (2024),2024.0,PARTIAL,REAL_PUBLIC_SOURCE,-0.07,-0.29,-0.05,0,28.3,0.33,0.08,0.48,0.25,0.35,0.21,LOW
REAL_WQ_40,Andhra Pradesh,Alluri,Sita,Rama Raju Rampachodavaram Folkspeta-DW13,81.8397,17.305,2024,Pre-Monsoon,Pre-Monsoon,7.35,1555.0,958.0,94.0,36.0,90.0,0.1,606.0,,,,872.3,IMD All-India Monsoon Series,2021.0,5919303.0,National Reported Water-Borne Disease Total,Rajya Sabha Unstarred Question No. 557,2021.0,CGWB Ground Water Quality Data (2024),2024.0,PARTIAL,REAL_PUBLIC_SOURCE,-0.07,-0.29,-0.106,0,27.6,0.33,0.08,0.48,0.25,0.35,0.08,LOW
REAL_WQ_41,Andhra Pradesh,Alluri,Sita,Rama Raju Rampachodavaram Rampachodavaram,81.7777,17.4388,2024,Pre-Monsoon,Pre-Monsoon,7.12,752.0,407.0,76.0,65.0,27.0,0.01,244.0,,,,872.3,IMD All-India Monsoon Series,2021.0,5919303.0,National Reported Water-Borne Disease Total,Rajya Sabha Unstarred Question No. 557,2021.0,CGWB Ground Water Quality Data (2024),2024.0,PARTIAL,REAL_PUBLIC_SOURCE,-0.07,-0.29,-0.053,0,28.6,0.33,0.09,0.48,0.25,0.35,0.21,LOW
REAL_WQ_42,Andhra Pradesh,Alluri,Sita,Rama Raju Rampachodavaram Sitapalli,81.8333,17.3558,2024,Pre-Monsoon,Pre-Monsoon,7.5,765.0,438.0,57.0,3.0,4.0,0.01,207.0,,,,872.3,IMD All-India Monsoon Series,2021.0,5919303.0,National Reported Water-Borne Disease Total,Rajya Sabha Unstarred Question No. 557,2021.0,CGWB Ground Water Quality Data (2024),2024.0,PARTIAL,REAL_PUBLIC_SOURCE,-0.07,-0.29,-0.124,0,25.5,0.33,0.0,0.48,0.25,0.35,0.04,LOW
REAL_WQ_43,Andhra Pradesh,Alluri,Sita,Rama Raju Y.Ramavaram Chaviti Tibalu-DW14,81.9856,17.6269,2024,Pre-Monsoon,Pre-Monsoon,7.0,1178.0,752.0,124.0,103.0,76.0,0.02,426.0,,,,872.3,IMD All-India Monsoon Series,2021.0,5919303.0,National Reported Water-Borne Disease Total,Rajya Sabha Unstarred Question No. 557,2021.0,CGWB Ground Water Quality Data (2024),2024.0,PARTIAL,REAL_PUBLIC_SOURCE,-0.07,-0.29,-0.025,0,33.9,0.33,0.29,0.48,0.25,0.35,0.27,MODERATE
REAL_WQ_44,Andhra Pradesh,Anakapalli,Actchutpuram,Pudimadaka,83.0114,17.5082,2024,Pre-Monsoon,Pre-Monsoon,7.2,1086.0,713.0,97.0,21.0,43.0,0.9,224.0,,,,872.3,IMD All-India Monsoon Series,2021.0,5919303.0,National Reported Water-Borne Disease Total,Rajya Sabha Unstarred Question No. 557,2021.0,CGWB Ground Water Quality Data (2024),2024.0,PARTIAL,REAL_PUBLIC_SOURCE,-0.07,-0.29,-0.096,0,26.7,0.33,0.04,0.48,0.25,0.35,0.1,LOW
REAL_WQ_45,Andhra Pradesh,Anakapalli,ANAKAPALLE,Anakapalli,83.0,17.6947,2024,Pre-Monsoon,Pre-Monsoon,7.39,3780.0,2130.0,615.0,24.0,301.0,1.35,713.0,,,,872.3,IMD All-India Monsoon Series,2021.0,5919303.0,National Reported Water-Borne Disease Total,Rajya Sabha Unstarred Question No. 557,2021.0,CGWB Ground Water Quality Data (2024),2024.0,PARTIAL,REAL_PUBLIC_SOURCE,-0.07,-0.29,-0.003,0,33.1,0.33,0.25,0.48,0.25,0.35,0.33,MODERATE
REAL_WQ_46,Andhra Pradesh,Anakapalli,KOTAURATLA,Kotauratla,82.6917,17.5592,2024,Pre-Monsoon,Pre-Monsoon,7.63,1390.0,938.0,145.0,43.0,93.0,1.09,329.0,,,,872.3,IMD All-India Monsoon Series,2021.0,5919303.0,National Reported Water-Borne Disease Total,Rajya Sabha Unstarred Question No. 557,2021.0,CGWB Ground Water Quality Data (2024),2024.0,PARTIAL,REAL_PUBLIC_SOURCE,-0.07,-0.29,-0.095,0,27.6,0.33,0.07,0.48,0.25,0.35,0.11,LOW
REAL_WQ_47,Andhra Pradesh,Anakapalli,Munagapaka,Pudimadaka,83.0403,17.6422,2024,Pre-Monsoon,Pre-Monsoon,6.85,1379.0,932.0,180.0,59.0,91.0,0.42,281.0,,,,872.3,IMD All-India Monsoon Series,2021.0,5919303.0,National Reported Water-Borne Disease Total,Rajya Sabha Unstarred Question No. 557,2021.0,CGWB Ground Water Quality Data (2024),2024.0,PARTIAL,REAL_PUBLIC_SOURCE,-0.07,-0.29,-0.023,0,30.0,0.33,0.14,0.48,0.25,0.35,0.28,LOW
REAL_WQ_48,Andhra Pradesh,Anakapalli,RAVIKAMATAM,Kottakota-DW13,82.7,17.7625,2024,Pre-Monsoon,Pre-Monsoon,7.85,2980.0,1758.0,412.0,5.0,116.0,2.35,355.0,,,,872.3,IMD All-India Monsoon Series,2021.0,5919303.0,National Reported Water-Borne Disease Total,Rajya Sabha Unstarred Question No. 557,2021.0,CGWB Ground Water Quality Data (2024),2024.0,PARTIAL,REAL_PUBLIC_SOURCE,-0.07,-0.29,0.002,1,34.8,0.33,0.32,0.48,0.25,0.35,0.34,MODERATE
REAL_WQ_49,Andhra Pradesh,Anakapalli,RAVIKAMATAM,Medivoda,82.7847,17.7794,2024,Pre-Monsoon,Pre-Monsoon,7.66,919.0,507.0,69.0,52.0,29.0,0.67,328.0,,,,872.3,IMD All-India Monsoon Series,2021.0,5919303.0,National Reported Water-Borne Disease Total,Rajya Sabha Unstarred Question No. 557,2021.0,CGWB Ground Water Quality Data (2024),2024.0,PARTIAL,REAL_PUBLIC_SOURCE,-0.07,-0.29,-0.085,0,26.8,0.33,0.03,0.48,0.25,0.35,0.13,LOW
REAL_WQ_50,Andhra Pradesh,Anakapalli,ROLUGUNTA,Rolugunta1,82.6667,17.7117,2024,Pre-Monsoon,Pre-Monsoon,7.81,737.0,378.0,35.0,15.0,25.0,2.29,155.0,,,,872.3,IMD All-India Monsoon Series,2021.0,5919303.0,National Reported Water-Borne Disease Total,Rajya Sabha Unstarred Question No. 557,2021.0,CGWB Ground Water Quality Data (2024),2024.0,PARTIAL,REAL_PUBLIC_SOURCE,-0.07,-0.29,-0.089,0,28.3,0.33,0.1,0.48,0.25,0.35,0.12,LOW
REAL_WQ_51,Andhra Pradesh,Anakapalli,S.RAYAVARAM,Addaroddu,82.7472,17.4236,2024,Pre-Monsoon,Pre-Monsoon,7.33,3061.0,1809.0,576.0,3.0,163.0,1.13,440.0,,,,872.3,IMD All-India Monsoon Series,2021.0,5919303.0,National Reported Water-Borne Disease Total,Rajya Sabha Unstarred Question No. 557,2021.0,CGWB Ground Water Quality Data (2024),2024.0,PARTIAL,REAL_PUBLIC_SOURCE,-0.07,-0.29,-0.028,0,32.1,0.33,0.22,0.48,0.25,0.35,0.27,MODERATE
REAL_WQ_52,Andhra Pradesh,Anakapalli,Sabbavaram,Vangali,83.0973,17.8279,2024,Pre-Monsoon,Pre-Monsoon,7.17,1061.0,630.0,90.0,9.0,64.0,1.46,360.0,,,,872.3,IMD All-India Monsoon Series,2021.0,5919303.0,National Reported Water-Borne Disease Total,Rajya Sabha Unstarred Question No. 557,2021.0,CGWB Ground Water Quality Data (2024),2024.0,PARTIAL,REAL_PUBLIC_SOURCE,-0.07,-0.29,-0.105,0,26.2,0.33,0.02,0.48,0.25,0.35,0.08,LOW
REAL_WQ_53,Andhra Pradesh,Anantapuram,Gooty,Gooty,77.6155,15.1132,2024,Pre-Monsoon,Pre-Monsoon,7.62,2425.0,1446.0,389.0,9.0,127.0,2.31,163.0,,,,872.3,IMD All-India Monsoon Series,2021.0,5919303.0,National Reported Water-Borne Disease Total,Rajya Sabha Unstarred Question No. 557,2021.0,CGWB Ground Water Quality Data (2024),2024.0,PARTIAL,REAL_PUBLIC_SOURCE,-0.07,-0.29,-0.065,0,32.6,0.33,0.26,0.48,0.25,0.35,0.18,MODERATE
REAL_WQ_54,Andhra Pradesh,Anantapuram,Gooty,GOOTY,77.6155,15.1132,2024,Pre-Monsoon,Pre-Monsoon,7.67,2583.0,1602.0,535.0,8.0,130.0,1.78,119.0,,,,872.3,IMD All-India Monsoon Series,2021.0,5919303.0,National Reported Water-Borne Disease Total,Rajya Sabha Unstarred Question No. 557,2021.0,CGWB Ground Water Quality Data (2024),2024.0,PARTIAL,REAL_PUBLIC_SOURCE,-0.07,-0.29,-0.037,0,32.0,0.33,0.22,0.48,0.25,0.35,0.25,MODERATE
REAL_WQ_55,Andhra Pradesh,Anantapuram,Guntakal,Guntakal2,77.3837,15.1557,2024,Pre-Monsoon,Pre-Monsoon,7.63,2060.0,1118.0,131.0,54.0,122.0,0.23,294.0,,,,872.3,IMD All-India Monsoon Series,2021.0,5919303.0,National Reported Water-Borne Disease Total,Rajya Sabha Unstarred Question No. 557,2021.0,CGWB Ground Water Quality Data (2024),2024.0,PARTIAL,REAL_PUBLIC_SOURCE,-0.07,-0.29,-0.078,0,29.6,0.33,0.14,0.48,0.25,0.35,0.15,LOW
REAL_WQ_56,Andhra Pradesh,Anantapuram,Kalyandurg,Kalyandurg-alt,77.1071,14.5483,2024,Pre-Monsoon,Pre-Monsoon,7.6,1851.0,931.0,99.0,17.0,44.0,0.44,360.0,,,,872.3,IMD All-India Monsoon Series,2021.0,5919303.0,National Reported Water-Borne Disease Total,Rajya Sabha Unstarred Question No. 557,2021.0,CGWB Ground Water Quality Data (2024),2024.0,PARTIAL,REAL_PUBLIC_SOURCE,-0.07,-0.29,-0.098,0,27.6,0.33,0.07,0.48,0.25,0.35,0.1,LOW
REAL_WQ_57,Andhra Pradesh,Anantapuram,Raptadu,Gandlaparthy,77.5435,14.5419,2024,Pre-Monsoon,Pre-Monsoon,7.5,2164.0,1051.0,222.0,46.0,132.0,0.98,366.0,,,,872.3,IMD All-India Monsoon Series,2021.0,5919303.0,National Reported Water-Borne Disease Total,Rajya Sabha Unstarred Question No. 557,2021.0,CGWB Ground Water Quality Data (2024),2024.0,PARTIAL,REAL_PUBLIC_SOURCE,-0.07,-0.29,-0.091,0,28.3,0.33,0.1,0.48,0.25,0.35,0.12,LOW
REAL_WQ_58,Andhra Pradesh,Anantapuram,Rayadurg,Rayadurg-new,76.8484,14.7054,2024,Pre-Monsoon,Pre-Monsoon,7.44,1435.0,678.0,121.0,106.0,49.0,0.31,233.0,,,,872.3,IMD All-India Monsoon Series,2021.0,5919303.0,National Reported Water-Borne Disease Total,Rajya Sabha Unstarred Question No. 557,2021.0,CGWB Ground Water Quality Data (2024),2024.0,PARTIAL,REAL_PUBLIC_SOURCE,-0.07,-0.29,-0.065,0,33.2,0.33,0.28,0.48,0.25,0.35,0.18,MODERATE
REAL_WQ_59,Andhra Pradesh,Anantapuram,Singanamala,Sivapuram,77.7269,14.7788,2024,Pre-Monsoon,Pre-Monsoon,7.47,1084.0,687.0,67.0,116.0,56.0,1.15,344.0,,,,872.3,IMD All-India Monsoon Series,2021.0,5919303.0,National Reported Water-Borne Disease Total,Rajya Sabha Unstarred Question No. 557,2021.0,CGWB Ground Water Quality Data (2024),2024.0,PARTIAL,REAL_PUBLIC_SOURCE,-0.07,-0.29,-0.048,0,33.4,0.33,0.28,0.48,0.25,0.35,0.22,MODERATE
REAL_WQ_60,Andhra Pradesh,Anantapuram,Singanamala,Sivapuram,77.7269,14.7788,2024,Pre-Monsoon,Pre-Monsoon,7.28,1086.0,693.0,77.0,84.0,55.0,1.03,354.0,,,,872.3,IMD All-India Monsoon Series,2021.0,5919303.0,National Reported Water-Borne Disease Total,Rajya Sabha Unstarred Question No. 557,2021.0,CGWB Ground Water Quality Data (2024),2024.0,PARTIAL,REAL_PUBLIC_SOURCE,-0.07,-0.29,-0.065,0,31.4,0.33,0.21,0.48,0.25,0.35,0.18,MODERATE
REAL_WQ_61,Andhra Pradesh,Anantapuram,Tadpatri,Egudur,77.94,14.97,2024,Pre-Monsoon,Pre-Monsoon,7.62,3851.0,2275.0,629.0,4.0,710.0,0.1,260.0,,,,872.3,IMD All-India Monsoon Series,2021.0,5919303.0,National Reported Water-Borne Disease Total,Rajya Sabha Unstarred Question No. 557,2021.0,CGWB Ground Water Quality Data (2024),2024.0,PARTIAL,REAL_PUBLIC_SOURCE,-0.07,-0.29,0.021,1,33.4,0.33,0.25,0.48,0.25,0.35,0.38,MODERATE
REAL_WQ_62,Andhra Pradesh,Anantapuram,Vajrakarur,Gade Hothur,77.3051,15.0147,2024,Pre-Monsoon,Pre-Monsoon,7.5,4201.0,2205.0,727.0,6.0,540.0,0.46,582.0,,,,872.3,IMD All-India Monsoon Series,2021.0,5919303.0,National Reported Water-Borne Disease Total,Rajya Sabha Unstarred Question No. 557,2021.0,CGWB Ground Water Quality Data (2024),2024.0,PARTIAL,REAL_PUBLIC_SOURCE,-0.07,-0.29,0.017,1,33.4,0.33,0.25,0.48,0.25,0.35,0.37,MODERATE
REAL_WQ_63,Andhra Pradesh,Anantapuram,Vajrakarur,Vajrakarur,77.3831,15.0304,2024,Pre-Monsoon,Pre-Monsoon,7.61,1680.0,807.0,70.0,23.0,202.0,0.59,449.0,,,,872.3,IMD All-India Monsoon Series,2021.0,5919303.0,National Reported Water-Borne Disease Total,Rajya Sabha Unstarred Question No. 557,2021.0,CGWB Ground Water Quality Data (2024),2024.0,PARTIAL,REAL_PUBLIC_SOURCE,-0.07,-0.29,-0.094,0,27.1,0.33,0.05,0.48,0.25,0.35,0.11,LOW
REAL_WQ_64,Andhra Pradesh,Anantapuram,Vajrakarur,Vajrakarur,77.3825,15.0223,2024,Pre-Monsoon,Pre-Monsoon,7.42,2500.0,1496.0,239.0,189.0,243.0,1.4,530.0,,,,872.3,IMD All-India Monsoon Series,2021.0,5919303.0,National Reported Water-Borne Disease Total,Rajya Sabha Unstarred Question No. 557,2021.0,CGWB Ground Water Quality Data (2024),2024.0,PARTIAL,REAL_PUBLIC_SOURCE,-0.07,-0.29,0.043,1,37.8,0.33,0.42,0.48,0.25,0.35,0.43,MODERATE
REAL_WQ_65,Andhra Pradesh,Annamayya,CHINNAMANDYAM,Chinnamandyam,78.7008,13.9489,2024,Pre-Monsoon,Pre-Monsoon,7.45,1469.0,924.0,168.0,15.0,59.0,1.5,389.0,,,,872.3,IMD All-India Monsoon Series,2021.0,5919303.0,National Reported Water-Borne Disease Total,Rajya Sabha Unstarred Question No. 557,2021.0,CGWB Ground Water Quality Data (2024),2024.0,PARTIAL,REAL_PUBLIC_SOURCE,-0.07,-0.29,-0.116,0,27.3,0.33,0.07,0.48,0.25,0.35,0.06,LOW
REAL_WQ_66,Andhra Pradesh,Annamayya,GALIVEEDU,Galiveedu-alt,78.5,14.0,2024,Pre-Monsoon,Pre-Monsoon,7.49,1341.0,866.0,128.0,70.0,62.0,0.84,369.0,,,,872.3,IMD All-India Monsoon Series,2021.0,5919303.0,National Reported Water-Borne Disease Total,Rajya Sabha Unstarred Question No. 557,2021.0,CGWB Ground Water Quality Data (2024),2024.0,PARTIAL,REAL_PUBLIC_SOURCE,-0.07,-0.29,-0.099,0,30.1,0.33,0.17,0.48,0.25,0.35,0.1,MODERATE
REAL_WQ_67,Andhra Pradesh,Annamayya,Kalakada,Kalakada,79.1778,13.0417,2024,Pre-Monsoon,Pre-Monsoon,7.24,1715.0,997.0,251.0,70.0,94.0,0.6,546.0,,,,872.3,IMD All-India Monsoon Series,2021.0,5919303.0,National Reported Water-Borne Disease Total,Rajya Sabha Unstarred Question No. 557,2021.0,CGWB Ground Water Quality Data (2024),2024.0,PARTIAL,REAL_PUBLIC_SOURCE,-0.07,-0.29,-0.084,0,30.8,0.33,0.2,0.48,0.25,0.35,0.13,MODERATE
REAL_WQ_68,Andhra Pradesh,Annamayya,KALAKADA,Kalakoda,78.7958,13.8133,2024,Pre-Monsoon,Pre-Monsoon,7.25,2619.0,1695.0,346.0,19.0,44.0,0.5,488.0,,,,872.3,IMD All-India Monsoon Series,2021.0,5919303.0,National Reported Water-Borne Disease Total,Rajya Sabha Unstarred Question No. 557,2021.0,CGWB Ground Water Quality Data (2024),2024.0,PARTIAL,REAL_PUBLIC_SOURCE,-0.07,-0.29,-0.048,0,31.3,0.33,0.2,0.48,0.25,0.35,0.22,MODERATE
REAL_WQ_69,Andhra Pradesh,Annamayya,Kambhamvaripalle,Vagalla (Naramakulapalli),78.9058,13.7743,2024,Pre-Monsoon,Pre-Monsoon,7.35,846.0,545.0,34.0,29.0,51.0,0.91,320.0,,,,872.3,IMD All-India Monsoon Series,2021.0,5919303.0,National Reported Water-Borne Disease Total,Rajya Sabha Unstarred Question No. 557,2021.0,CGWB Ground Water Quality Data (2024),2024.0,PARTIAL,REAL_PUBLIC_SOURCE,-0.07,-0.29,-0.117,0,25.7,0.33,0.01,0.48,0.25,0.35,0.06,LOW
REAL_WQ_70,Andhra Pradesh,Annamayya,MADANAPALLE,Basani Khonda-DW14,78.5292,13.5592,2024,Pre-Monsoon,Pre-Monsoon,6.95,4960.0,3185.0,1431.0,10.0,245.0,1.35,992.0,,,,872.3,IMD All-India Monsoon Series,2021.0,5919303.0,National Reported Water-Borne Disease Total,Rajya Sabha Unstarred Question No. 557,2021.0,CGWB Ground Water Quality Data (2024),2024.0,PARTIAL,REAL_PUBLIC_SOURCE,-0.07,-0.29,0.113,1,34.5,0.33,0.25,0.48,0.25,0.35,0.6,MODERATE
REAL_WQ_71,Andhra Pradesh,Annamayya,Madanapalli,MADANAPALLI,78.5014,13.5563,2024,Pre-Monsoon,Pre-Monsoon,7.4,2285.0,1370.0,304.0,85.0,86.0,1.26,402.0,,,,872.3,IMD All-India Monsoon Series,2021.0,5919303.0,National Reported Water-Borne Disease Total,Rajya Sabha Unstarred Question No. 557,2021.0,CGWB Ground Water Quality Data (2024),2024.0,PARTIAL,REAL_PUBLIC_SOURCE,-0.07,-0.29,-0.066,0,34.3,0.33,0.33,0.48,0.25,0.35,0.18,MODERATE
REAL_WQ_72,Andhra Pradesh,Annamayya,NIMMANAPALLE,Chintaparti-1,78.7153,13.5083,2024,Pre-Monsoon,Pre-Monsoon,7.26,2169.0,1338.0,380.0,32.0,152.0,1.16,514.0,,,,872.3,IMD All-India Monsoon Series,2021.0,5919303.0,National Reported Water-Borne Disease Total,Rajya Sabha Unstarred Question No. 557,2021.0,CGWB Ground Water Quality Data (2024),2024.0,PARTIAL,REAL_PUBLIC_SOURCE,-0.07,-0.29,-0.083,0,29.4,0.33,0.14,0.48,0.25,0.35,0.14,LOW
REAL_WQ_73,Andhra Pradesh,Annamayya,PILERU,Piler(Rural)-PZ,78.9503,13.6444,2024,Pre-Monsoon,Pre-Monsoon,7.38,1225.0,759.0,93.0,62.0,70.0,0.88,428.0,,,,872.3,IMD All-India Monsoon Series,2021.0,5919303.0,National Reported Water-Borne Disease Total,Rajya Sabha Unstarred Question No. 557,2021.0,CGWB Ground Water Quality Data (2024),2024.0,PARTIAL,REAL_PUBLIC_SOURCE,-0.07,-0.29,-0.091,0,28.9,0.33,0.12,0.48,0.25,0.35,0.12,LOW
REAL_WQ_74,Andhra Pradesh,Annamayya,PULLAMPETA,Ananta-samudram (OW2 of Aq-II (3rd Well,79.1697,14.0656,2024,Pre-Monsoon,Pre-Monsoon,7.73,366.0,211.0,19.0,4.0,1.0,0.46,150.0,,,,872.3,IMD All-India Monsoon Series,2021.0,5919303.0,National Reported Water-Borne Disease Total,Rajya Sabha Unstarred Question No. 557,2021.0,CGWB Ground Water Quality Data (2024),2024.0,PARTIAL,REAL_PUBLIC_SOURCE,-0.07,-0.29,-0.108,0,25.7,0.33,0.0,0.48,0.25,0.35,0.08,LOW
REAL_WQ_75,Andhra Pradesh,Annamayya,RAMASAMUDRAM,Ramasamudram-DW15,78.4267,13.3728,2024,Pre-Monsoon,Pre-Monsoon,7.37,1000.0,571.0,119.0,40.0,67.0,0.17,277.0,,,,872.3,IMD All-India Monsoon Series,2021.0,5919303.0,National Reported Water-Borne Disease Total,Rajya Sabha Unstarred Question No. 557,2021.0,CGWB Ground Water Quality Data (2024),2024.0,PARTIAL,REAL_PUBLIC_SOURCE,-0.07,-0.29,-0.105,0,26.0,0.33,0.01,0.48,0.25,0.35,0.09,LOW
REAL_WQ_76,Andhra Pradesh,Annamayya,VEERABALLE,Sanipai,78.95,14.1186,2024,Pre-Monsoon,Pre-Monsoon,7.52,1440.0,880.0,151.0,3.0,87.0,0.67,326.0,,,,872.3,IMD All-India Monsoon Series,2021.0,5919303.0,National Reported Water-Borne Disease Total,Rajya Sabha Unstarred Question No. 557,2021.0,CGWB Ground Water Quality Data (2024),2024.0,PARTIAL,REAL_PUBLIC_SOURCE,-0.07,-0.29,-0.111,0,27.2,0.33,0.06,0.48,0.25,0.35,0.07,LOW
REAL_WQ_77,Andhra Pradesh,Bapatla,Addanki,Addanki Pz,79.9723,15.8273,2024,Pre-Monsoon,Pre-Monsoon,7.45,1020.0,571.0,46.0,39.0,32.0,0.7,201.0,,,,872.3,IMD All-India Monsoon Series,2021.0,5919303.0,National Reported Water-Borne Disease Total,Rajya Sabha Unstarred Question No. 557,2021.0,CGWB Ground Water Quality Data (2024),2024.0,PARTIAL,REAL_PUBLIC_SOURCE,-0.07,-0.29,-0.107,0,26.0,0.33,0.01,0.48,0.25,0.35,0.08,LOW
REAL_WQ_78,Andhra Pradesh,Bapatla,Amruthaluru,Govada,80.6675,16.0698,2024,Pre-Monsoon,Pre-Monsoon,7.68,1351.0,836.0,148.0,4.0,128.0,0.38,425.0,,,,872.3,IMD All-India Monsoon Series,2021.0,5919303.0,National Reported Water-Borne Disease Total,Rajya Sabha Unstarred Question No. 557,2021.0,CGWB Ground Water Quality Data (2024),2024.0,PARTIAL,REAL_PUBLIC_SOURCE,-0.07,-0.29,-0.105,0,27.1,0.33,0.06,0.48,0.25,0.35,0.08,LOW
REAL_WQ_79,Andhra Pradesh,Bapatla,Chinaganjam,Kadavakuduru,80.2543,15.7264,2024,Pre-Monsoon,Pre-Monsoon,7.72,1666.0,1084.0,209.0,62.0,92.0,1.01,254.0,,,,872.3,IMD All-India Monsoon Series,2021.0,5919303.0,National Reported Water-Borne Disease Total,Rajya Sabha Unstarred Question No. 557,2021.0,CGWB Ground Water Quality Data (2024),2024.0,PARTIAL,REAL_PUBLIC_SOURCE,-0.07,-0.29,-0.061,0,30.6,0.33,0.17,0.48,0.25,0.35,0.19,MODERATE
REAL_WQ_80,Andhra Pradesh,Bapatla,Kollur,Kolluru,80.8049,16.1667,2024,Pre-Monsoon,Pre-Monsoon,7.51,1793.0,1076.0,222.0,9.0,286.0,0.26,308.0,,,,872.3,IMD All-India Monsoon Series,2021.0,5919303.0,National Reported Water-Borne Disease Total,Rajya Sabha Unstarred Question No. 557,2021.0,CGWB Ground Water Quality Data (2024),2024.0,PARTIAL,REAL_PUBLIC_SOURCE,-0.07,-0.29,-0.106,0,28.1,0.33,0.1,0.48,0.25,0.35,0.08,LOW
REAL_WQ_81,Andhra Pradesh,Bapatla,Korisapadu,Medarmetla,80.0156,15.7283,2024,Pre-Monsoon,Pre-Monsoon,7.41,1980.0,898.0,231.0,76.0,65.0,0.64,465.0,,,,872.3,IMD All-India Monsoon Series,2021.0,5919303.0,National Reported Water-Borne Disease Total,Rajya Sabha Unstarred Question No. 557,2021.0,CGWB Ground Water Quality Data (2024),2024.0,PARTIAL,REAL_PUBLIC_SOURCE,-0.07,-0.29,-0.088,0,31.1,0.33,0.21,0.48,0.25,0.35,0.12,MODERATE
REAL_WQ_82,Andhra Pradesh,Bapatla,Nizampatnam,Nijampatnam,80.6639,15.9024,2024,Pre-Monsoon,Pre-Monsoon,7.56,2170.0,1372.0,339.0,85.0,47.0,0.21,350.0,,,,872.3,IMD All-India Monsoon Series,2021.0,5919303.0,National Reported Water-Borne Disease Total,Rajya Sabha Unstarred Question No. 557,2021.0,CGWB Ground Water Quality Data (2024),2024.0,PARTIAL,REAL_PUBLIC_SOURCE,-0.07,-0.29,-0.054,0,34.5,0.33,0.33,0.48,0.25,0.35,0.2,MODERATE
REAL_WQ_83,Andhra Pradesh,Bapatla,Repalle,Repalle,80.8397,16.0288,2024,Pre-Monsoon,Pre-Monsoon,7.55,4686.0,2845.0,807.0,15.0,316.0,0.79,753.0,,,,872.3,IMD All-India Monsoon Series,2021.0,5919303.0,National Reported Water-Borne Disease Total,Rajya Sabha Unstarred Question No. 557,2021.0,CGWB Ground Water Quality Data (2024),2024.0,PARTIAL,REAL_PUBLIC_SOURCE,-0.07,-0.29,0.057,1,33.8,0.33,0.25,0.48,0.25,0.35,0.47,MODERATE
REAL_WQ_84,Andhra Pradesh,Bapatla,Vetapalem,Veta Palem,80.3047,15.7742,2024,Pre-Monsoon,Pre-Monsoon,7.65,2050.0,1193.0,336.0,35.0,127.0,0.09,226.0,,,,872.3,IMD All-India Monsoon Series,2021.0,5919303.0,National Reported Water-Borne Disease Total,Rajya Sabha Unstarred Question No. 557,2021.0,CGWB Ground Water Quality Data (2024),2024.0,PARTIAL,REAL_PUBLIC_SOURCE,-0.07,-0.29,-0.075,0,28.9,0.33,0.12,0.48,0.25,0.35,0.15,LOW
REAL_WQ_85,Andhra Pradesh,Chittoor,Bangarupalem,Bangarupalem,78.9086,13.1906,2024,Pre-Monsoon,Pre-Monsoon,7.5,547.0,314.0,62.0,1.0,16.0,0.29,117.0,,,,872.3,IMD All-India Monsoon Series,2021.0,5919303.0,National Reported Water-Borne Disease Total,Rajya Sabha Unstarred Question No. 557,2021.0,CGWB Ground Water Quality Data (2024),2024.0,PARTIAL,REAL_PUBLIC_SOURCE,-0.07,-0.29,-0.12,0,25.5,0.33,0.0,0.48,0.25,0.35,0.05,LOW
REAL_WQ_86,Andhra Pradesh,Chittoor,Bangarupalem,Bangarupalem,78.9046,13.1867,2024,Pre-Monsoon,Pre-Monsoon,7.36,613.0,370.0,64.0,11.0,35.0,0.09,180.0,,,,872.3,IMD All-India Monsoon Series,2021.0,5919303.0,National Reported Water-Borne Disease Total,Rajya Sabha Unstarred Question No. 557,2021.0,CGWB Ground Water Quality Data (2024),2024.0,PARTIAL,REAL_PUBLIC_SOURCE,-0.07,-0.29,-0.118,0,25.5,0.33,0.0,0.48,0.25,0.35,0.05,LOW
REAL_WQ_87,Andhra Pradesh,Chittoor,Karvetinagar,Karvetinagar,79.4531,13.4262,2024,Pre-Monsoon,Pre-Monsoon,6.9,920.0,516.0,3.0,1.0,1.0,0.5,452.0,,,,872.3,IMD All-India Monsoon Series,2021.0,5919303.0,National Reported Water-Borne Disease Total,Rajya Sabha Unstarred Question No. 557,2021.0,CGWB Ground Water Quality Data (2024),2024.0,PARTIAL,REAL_PUBLIC_SOURCE,-0.07,-0.29,-0.071,0,26.2,0.33,0.0,0.48,0.25,0.35,0.16,LOW
REAL_WQ_88,Andhra Pradesh,Chittoor,Nagri,Bugga Agraharam,79.6222,13.3313,2024,Pre-Monsoon,Pre-Monsoon,6.94,3763.0,2049.0,351.0,156.0,357.0,0.76,1172.0,,,,872.3,IMD All-India Monsoon Series,2021.0,5919303.0,National Reported Water-Borne Disease Total,Rajya Sabha Unstarred Question No. 557,2021.0,CGWB Ground Water Quality Data (2024),2024.0,PARTIAL,REAL_PUBLIC_SOURCE,-0.07,-0.29,0.098,1,40.6,0.33,0.5,0.48,0.25,0.35,0.56,MODERATE
REAL_WQ_89,Andhra Pradesh,Chittoor,Palamner,Palamaneru,78.2075,13.2075,2024,Pre-Monsoon,Pre-Monsoon,6.95,1882.0,1262.0,216.0,75.0,164.0,0.68,726.0,,,,872.3,IMD All-India Monsoon Series,2021.0,5919303.0,National Reported Water-Borne Disease Total,Rajya Sabha Unstarred Question No. 557,2021.0,CGWB Ground Water Quality Data (2024),2024.0,PARTIAL,REAL_PUBLIC_SOURCE,-0.07,-0.29,-0.028,0,33.2,0.33,0.26,0.48,0.25,0.35,0.27,MODERATE
REAL_WQ_90,Andhra Pradesh,Chittoor,Peddapanjani,T.Kothur,78.6831,13.3507,2024,Pre-Monsoon,Pre-Monsoon,7.15,1201.0,681.0,120.0,13.0,75.0,1.0,296.0,,,,872.3,IMD All-India Monsoon Series,2021.0,5919303.0,National Reported Water-Borne Disease Total,Rajya Sabha Unstarred Question No. 557,2021.0,CGWB Ground Water Quality Data (2024),2024.0,PARTIAL,REAL_PUBLIC_SOURCE,-0.07,-0.29,-0.099,0,26.5,0.33,0.03,0.48,0.25,0.35,0.1,LOW
REAL_WQ_91,Andhra Pradesh,Chittoor,Ramakuppam,Virnmala,78.535,12.7762,2024,Pre-Monsoon,Pre-Monsoon,7.33,928.0,540.0,34.0,6.0,40.0,1.39,234.0,,,,872.3,IMD All-India Monsoon Series,2021.0,5919303.0,National Reported Water-Borne Disease Total,Rajya Sabha Unstarred Question No. 557,2021.0,CGWB Ground Water Quality Data (2024),2024.0,PARTIAL,REAL_PUBLIC_SOURCE,-0.07,-0.29,-0.123,0,25.6,0.33,0.01,0.48,0.25,0.35,0.04,LOW
REAL_WQ_92,Andhra Pradesh,Chittoor,Sriranharajupuram,Katikapally,79.2544,13.3095,2024,Pre-Monsoon,Pre-Monsoon,7.17,1429.0,805.0,118.0,42.0,34.0,1.83,430.0,,,,872.3,IMD All-India Monsoon Series,2021.0,5919303.0,National Reported Water-Borne Disease Total,Rajya Sabha Unstarred Question No. 557,2021.0,CGWB Ground Water Quality Data (2024),2024.0,PARTIAL,REAL_PUBLIC_SOURCE,-0.07,-0.29,-0.088,0,28.2,0.33,0.09,0.48,0.25,0.35,0.12,LOW
REAL_WQ_93,Andhra Pradesh,Chittoor,Venkatgirikota,Venkatgirikota,78.4793,13.0008,2024,Pre-Monsoon,Pre-Monsoon,7.0,1837.0,1217.0,433.0,25.0,91.0,0.3,548.0,,,,872.3,IMD All-India Monsoon Series,2021.0,5919303.0,National Reported Water-Borne Disease Total,Rajya Sabha Unstarred Question No. 557,2021.0,CGWB Ground Water Quality Data (2024),2024.0,PARTIAL,REAL_PUBLIC_SOURCE,-0.07,-0.29,-0.056,0,29.3,0.33,0.12,0.48,0.25,0.35,0.2,LOW
REAL_WQ_94,Andhra Pradesh,East,Godavari,Gokavaram Bhavugipet-DW13,81.8467,17.2033,2024,Pre-Monsoon,Pre-Monsoon,7.22,2288.0,1360.0,382.0,26.0,71.0,0.08,603.0,,,,872.3,IMD All-India Monsoon Series,2021.0,5919303.0,National Reported Water-Borne Disease Total,Rajya Sabha Unstarred Question No. 557,2021.0,CGWB Ground Water Quality Data (2024),2024.0,PARTIAL,REAL_PUBLIC_SOURCE,-0.07,-0.29,-0.069,0,29.7,0.33,0.14,0.48,0.25,0.35,0.17,LOW
REAL_WQ_95,Andhra Pradesh,East,Godavari,Gopalapuram Chityala-DW14,81.5939,17.0847,2024,Pre-Monsoon,Pre-Monsoon,7.44,1044.0,622.0,85.0,42.0,82.0,0.1,349.0,,,,872.3,IMD All-India Monsoon Series,2021.0,5919303.0,National Reported Water-Borne Disease Total,Rajya Sabha Unstarred Question No. 557,2021.0,CGWB Ground Water Quality Data (2024),2024.0,PARTIAL,REAL_PUBLIC_SOURCE,-0.07,-0.29,-0.106,0,26.2,0.33,0.02,0.48,0.25,0.35,0.08,LOW
REAL_WQ_96,Andhra Pradesh,East,Godavari,Gopalapuram Dondapudi-DW14,81.5483,17.2033,2024,Pre-Monsoon,Pre-Monsoon,7.43,2091.0,1230.0,241.0,46.0,91.0,0.11,504.0,,,,872.3,IMD All-India Monsoon Series,2021.0,5919303.0,National Reported Water-Borne Disease Total,Rajya Sabha Unstarred Question No. 557,2021.0,CGWB Ground Water Quality Data (2024),2024.0,PARTIAL,REAL_PUBLIC_SOURCE,-0.07,-0.29,-0.083,0,29.1,0.33,0.13,0.48,0.25,0.35,0.14,LOW
REAL_WQ_97,Andhra Pradesh,East,Godavari,Nidadavole Munipalli-DW13,81.7136,16.8642,2024,Pre-Monsoon,Pre-Monsoon,7.2,3289.0,1878.0,748.0,2.0,141.0,0.03,843.0,,,,872.3,IMD All-India Monsoon Series,2021.0,5919303.0,National Reported Water-Borne Disease Total,Rajya Sabha Unstarred Question No. 557,2021.0,CGWB Ground Water Quality Data (2024),2024.0,PARTIAL,REAL_PUBLIC_SOURCE,-0.07,-0.29,0.003,1,32.7,0.33,0.23,0.48,0.25,0.35,0.34,MODERATE
REAL_WQ_98,Andhra Pradesh,East,Godavari,Rajahmundry(U) Rajmundry Main road 2013DW,81.8044,17.0508,2024,Pre-Monsoon,Pre-Monsoon,7.36,1280.0,735.0,122.0,4.0,41.0,0.01,362.0,,,,872.3,IMD All-India Monsoon Series,2021.0,5919303.0,National Reported Water-Borne Disease Total,Rajya Sabha Unstarred Question No. 557,2021.0,CGWB Ground Water Quality Data (2024),2024.0,PARTIAL,REAL_PUBLIC_SOURCE,-0.07,-0.29,-0.116,0,26.5,0.33,0.04,0.48,0.25,0.35,0.06,LOW
REAL_WQ_99,Andhra Pradesh,Eluru,Buttayagudem,Buttayagudem,81.3188,17.1988,2024,Pre-Monsoon,Pre-Monsoon,7.5,1046.0,664.0,75.0,16.0,77.0,0.24,354.0,,,,872.3,IMD All-India Monsoon Series,2021.0,5919303.0,National Reported Water-Borne Disease Total,Rajya Sabha Unstarred Question No. 557,2021.0,CGWB Ground Water Quality Data (2024),2024.0,PARTIAL,REAL_PUBLIC_SOURCE,-0.07,-0.29,-0.116,0,26.2,0.33,0.03,0.48,0.25,0.35,0.06,LOW
REAL_WQ_100,Andhra Pradesh,Eluru,Jangareddigudem,Jangareddygudem,81.3014,17.121,2024,Pre-Monsoon,Pre-Monsoon,7.96,972.0,626.0,116.0,64.0,55.0,0.51,283.0,,,,872.3,IMD All-India Monsoon Series,2021.0,5919303.0,National Reported Water-Borne Disease Total,Rajya Sabha Unstarred Question No. 557,2021.0,CGWB Ground Water Quality Data (2024),2024.0,PARTIAL,REAL_PUBLIC_SOURCE,-0.07,-0.29,-0.005,0,29.6,0.33,0.11,0.48,0.25,0.35,0.32,LOW
REAL_WQ_101,Andhra Pradesh,Eluru,Koyyalagudem,Kanapuram,81.4176,17.1878,2024,Pre-Monsoon,Pre-Monsoon,7.43,1632.0,1024.0,214.0,29.0,103.0,0.94,525.0,,,,872.3,IMD All-India Monsoon Series,2021.0,5919303.0,National Reported Water-Borne Disease Total,Rajya Sabha Unstarred Question No. 557,2021.0,CGWB Ground Water Quality Data (2024),2024.0,PARTIAL,REAL_PUBLIC_SOURCE,-0.07,-0.29,-0.111,0,27.8,0.33,0.09,0.48,0.25,0.35,0.07,LOW
REAL_WQ_102,Andhra Pradesh,Eluru,Lingapalem,Dharmajigudem,80.935,16.8933,2024,Pre-Monsoon,Pre-Monsoon,7.66,1013.0,489.0,72.0,15.0,33.0,0.32,222.0,,,,872.3,IMD All-India Monsoon Series,2021.0,5919303.0,National Reported Water-Borne Disease Total,Rajya Sabha Unstarred Question No. 557,2021.0,CGWB Ground Water Quality Data (2024),2024.0,PARTIAL,REAL_PUBLIC_SOURCE,-0.07,-0.29,-0.108,0,25.6,0.33,0.0,0.48,0.25,0.35,0.08,LOW
REAL_WQ_103,Andhra Pradesh,Eluru,Mandavalli,Kaikaluru1,81.2006,16.5451,2024,Pre-Monsoon,Pre-Monsoon,7.39,3073.0,2073.0,538.0,72.0,332.0,0.24,563.0,,,,872.3,IMD All-India Monsoon Series,2021.0,5919303.0,National Reported Water-Borne Disease Total,Rajya Sabha Unstarred Question No. 557,2021.0,CGWB Ground Water Quality Data (2024),2024.0,PARTIAL,REAL_PUBLIC_SOURCE,-0.07,-0.29,-0.015,0,36.1,0.33,0.37,0.48,0.25,0.35,0.3,MODERATE
REAL_WQ_104,Andhra Pradesh,Eluru,Mandavalli,Mandavalli,81.1638,16.5178,2024,Pre-Monsoon,Pre-Monsoon,7.25,2843.0,1344.0,468.0,23.0,142.0,0.53,624.0,,,,872.3,IMD All-India Monsoon Series,2021.0,5919303.0,National Reported Water-Borne Disease Total,Rajya Sabha Unstarred Question No. 557,2021.0,CGWB Ground Water Quality Data (2024),2024.0,PARTIAL,REAL_PUBLIC_SOURCE,-0.07,-0.29,-0.048,0,29.9,0.33,0.14,0.48,0.25,0.35,0.22,LOW
REAL_WQ_105,Andhra Pradesh,Eluru,Mudinepalle,Bomminampadu,81.2171,16.4735,2024,Pre-Monsoon,Pre-Monsoon,7.29,5015.0,3172.0,955.0,92.0,428.0,0.28,853.0,,,,872.3,IMD All-India Monsoon Series,2021.0,5919303.0,National Reported Water-Borne Disease Total,Rajya Sabha Unstarred Question No. 557,2021.0,CGWB Ground Water Quality Data (2024),2024.0,PARTIAL,REAL_PUBLIC_SOURCE,-0.07,-0.29,0.1,1,39.7,0.33,0.46,0.48,0.25,0.35,0.57,MODERATE
REAL_WQ_106,Andhra Pradesh,Eluru,Mudinepalle,Singarayapalem (Babaji Mattam),81.1516,16.4108,2024,Pre-Monsoon,Pre-Monsoon,7.14,3239.0,1975.0,389.0,138.0,255.0,0.21,639.0,,,,872.3,IMD All-India Monsoon Series,2021.0,5919303.0,National Reported Water-Borne Disease Total,Rajya Sabha Unstarred Question No. 557,2021.0,CGWB Ground Water Quality Data (2024),2024.0,PARTIAL,REAL_PUBLIC_SOURCE,-0.07,-0.29,0.043,1,39.8,0.33,0.5,0.48,0.25,0.35,0.43,MODERATE
REAL_WQ_107,Andhra Pradesh,Eluru,Ungutur,Kaikaram - Pz 2,81.3642,16.8114,2024,Pre-Monsoon,Pre-Monsoon,7.3,1871.0,1140.0,356.0,68.0,116.0,0.34,559.0,,,,872.3,IMD All-India Monsoon Series,2021.0,5919303.0,National Reported Water-Borne Disease Total,Rajya Sabha Unstarred Question No. 557,2021.0,CGWB Ground Water Quality Data (2024),2024.0,PARTIAL,REAL_PUBLIC_SOURCE,-0.07,-0.29,-0.089,0,31.2,0.33,0.21,0.48,0.25,0.35,0.12,MODERATE
REAL_WQ_108,Andhra Pradesh,Guntur,Amruthalur,Inturu,80.6199,16.0597,2024,Pre-Monsoon,Pre-Monsoon,7.74,506.0,256.0,19.0,52.0,20.0,0.14,82.0,,,,872.3,IMD All-India Monsoon Series,2021.0,5919303.0,National Reported Water-Borne Disease Total,Rajya Sabha Unstarred Question No. 557,2021.0,CGWB Ground Water Quality Data (2024),2024.0,PARTIAL,REAL_PUBLIC_SOURCE,-0.07,-0.29,-0.051,0,33.1,0.33,0.03,0.48,0.65,0.35,0.21,MODERATE
REAL_WQ_109,Andhra Pradesh,Guntur,Chebrolu,Narakoduru,80.5145,16.2257,2024,Pre-Monsoon,Pre-Monsoon,7.48,1752.0,1107.0,208.0,129.0,128.0,0.37,363.0,,,,872.3,IMD All-India Monsoon Series,2021.0,5919303.0,National Reported Water-Borne Disease Total,Rajya Sabha Unstarred Question No. 557,2021.0,CGWB Ground Water Quality Data (2024),2024.0,PARTIAL,REAL_PUBLIC_SOURCE,-0.07,-0.29,-0.045,0,41.2,0.33,0.35,0.48,0.65,0.35,0.23,MODERATE
REAL_WQ_110,Andhra Pradesh,Guntur,Guntur,Guntur,80.4319,16.2986,2024,Pre-Monsoon,Pre-Monsoon,7.44,6620.0,3988.0,1802.0,6.0,574.0,0.4,1452.0,,,,872.3,IMD All-India Monsoon Series,2021.0,5919303.0,National Reported Water-Borne Disease Total,Rajya Sabha Unstarred Question No. 557,2021.0,CGWB Ground Water Quality Data (2024),2024.0,PARTIAL,REAL_PUBLIC_SOURCE,-0.07,-0.29,0.123,1,40.6,0.33,0.25,0.48,0.65,0.35,0.62,MODERATE
REAL_WQ_111,Andhra Pradesh,Guntur,Guntur,Nallapadu,80.3739,16.3057,2024,Pre-Monsoon,Pre-Monsoon,7.46,1373.0,709.0,117.0,3.0,60.0,0.84,360.0,,,,872.3,IMD All-India Monsoon Series,2021.0,5919303.0,National Reported Water-Borne Disease Total,Rajya Sabha Unstarred Question No. 557,2021.0,CGWB Ground Water Quality Data (2024),2024.0,PARTIAL,REAL_PUBLIC_SOURCE,-0.07,-0.29,-0.117,0,32.4,0.33,0.03,0.48,0.65,0.35,0.06,MODERATE
REAL_WQ_112,Andhra Pradesh,Guntur,Guntur,Phanidharam,80.3969,16.3606,2024,Pre-Monsoon,Pre-Monsoon,7.5,3600.0,2285.0,774.0,56.0,473.0,0.46,687.0,,,,872.3,IMD All-India Monsoon Series,2021.0,5919303.0,National Reported Water-Borne Disease Total,Rajya Sabha Unstarred Question No. 557,2021.0,CGWB Ground Water Quality Data (2024),2024.0,PARTIAL,REAL_PUBLIC_SOURCE,-0.07,-0.29,0.017,1,40.6,0.33,0.3,0.48,0.65,0.35,0.37,MODERATE
REAL_WQ_113,Andhra Pradesh,Guntur,Kollipara,Kollipara,80.7496,16.2866,2024,Pre-Monsoon,Pre-Monsoon,7.51,2134.0,1222.0,189.0,17.0,93.0,0.04,254.0,,,,872.3,IMD All-India Monsoon Series,2021.0,5919303.0,National Reported Water-Borne Disease Total,Rajya Sabha Unstarred Question No. 557,2021.0,CGWB Ground Water Quality Data (2024),2024.0,PARTIAL,REAL_PUBLIC_SOURCE,-0.07,-0.29,-0.087,0,34.9,0.33,0.12,0.48,0.65,0.35,0.13,MODERATE
REAL_WQ_114,Andhra Pradesh,Guntur,Medikonduru,Medikondur,80.3024,16.3455,2024,Pre-Monsoon,Pre-Monsoon,7.41,2260.0,1228.0,272.0,100.0,168.0,0.37,456.0,,,,872.3,IMD All-India Monsoon Series,2021.0,5919303.0,National Reported Water-Borne Disease Total,Rajya Sabha Unstarred Question No. 557,2021.0,CGWB Ground Water Quality Data (2024),2024.0,PARTIAL,REAL_PUBLIC_SOURCE,-0.07,-0.29,-0.063,0,41.5,0.33,0.37,0.48,0.65,0.35,0.18,MODERATE
REAL_WQ_115,Andhra Pradesh,Guntur,Nadendla,Satulur,80.1232,16.253,2024,Pre-Monsoon,Pre-Monsoon,7.55,2428.0,1504.0,274.0,23.0,239.0,1.11,279.0,,,,872.3,IMD All-India Monsoon Series,2021.0,5919303.0,National Reported Water-Borne Disease Total,Rajya Sabha Unstarred Question No. 557,2021.0,CGWB Ground Water Quality Data (2024),2024.0,PARTIAL,REAL_PUBLIC_SOURCE,-0.07,-0.29,-0.064,0,36.4,0.33,0.17,0.48,0.65,0.35,0.18,MODERATE
REAL_WQ_116,Andhra Pradesh,Guntur,Phirangipuram,Pirangipuram (Repudi),80.2565,16.2881,2024,Pre-Monsoon,Pre-Monsoon,7.52,2361.0,1350.0,415.0,44.0,135.0,1.44,597.0,,,,872.3,IMD All-India Monsoon Series,2021.0,5919303.0,National Reported Water-Borne Disease Total,Rajya Sabha Unstarred Question No. 557,2021.0,CGWB Ground Water Quality Data (2024),2024.0,PARTIAL,REAL_PUBLIC_SOURCE,-0.07,-0.29,-0.072,0,35.6,0.33,0.14,0.48,0.65,0.35,0.16,MODERATE
REAL_WQ_117,Andhra Pradesh,Guntur,Ponnuru,Kattempudi,80.5453,16.0938,2024,Pre-Monsoon,Pre-Monsoon,6.95,2714.0,1544.0,387.0,68.0,344.0,0.3,603.0,,,,872.3,IMD All-India Monsoon Series,2021.0,5919303.0,National Reported Water-Borne Disease Total,Rajya Sabha Unstarred Question No. 557,2021.0,CGWB Ground Water Quality Data (2024),2024.0,PARTIAL,REAL_PUBLIC_SOURCE,-0.07,-0.29,0.002,1,39.9,0.33,0.28,0.48,0.65,0.35,0.34,MODERATE
REAL_WQ_118,Andhra Pradesh,Guntur,Prathipadu,Prattipadu,80.3318,16.1803,2024,Pre-Monsoon,Pre-Monsoon,7.48,5660.0,3642.0,1259.0,217.0,634.0,0.89,1207.0,,,,872.3,IMD All-India Monsoon Series,2021.0,5919303.0,National Reported Water-Borne Disease Total,Rajya Sabha Unstarred Question No. 557,2021.0,CGWB Ground Water Quality Data (2024),2024.0,PARTIAL,REAL_PUBLIC_SOURCE,-0.07,-0.29,0.17,1,47.4,0.33,0.5,0.48,0.65,0.35,0.73,MODERATE
REAL_WQ_119,Andhra Pradesh,Guntur,Tadikonda,Ponnekallu,80.4022,16.4043,2024,Pre-Monsoon,Pre-Monsoon,7.53,2654.0,1611.0,355.0,119.0,220.0,0.32,570.0,,,,872.3,IMD All-India Monsoon Series,2021.0,5919303.0,National Reported Water-Borne Disease Total,Rajya Sabha Unstarred Question No. 557,2021.0,CGWB Ground Water Quality Data (2024),2024.0,PARTIAL,REAL_PUBLIC_SOURCE,-0.07,-0.29,-0.014,0,43.6,0.33,0.44,0.48,0.65,0.35,0.3,MODERATE
REAL_WQ_120,Andhra Pradesh,Guntur,Tenali,Sekuru,80.5875,16.2697,2024,Pre-Monsoon,Pre-Monsoon,7.77,2195.0,1358.0,279.0,55.0,291.0,0.24,338.0,,,,872.3,IMD All-India Monsoon Series,2021.0,5919303.0,National Reported Water-Borne Disease Total,Rajya Sabha Unstarred Question No. 557,2021.0,CGWB Ground Water Quality Data (2024),2024.0,PARTIAL,REAL_PUBLIC_SOURCE,-0.07,-0.29,-0.043,0,37.1,0.33,0.19,0.48,0.65,0.35,0.23,MODERATE
REAL_WQ_121,Andhra Pradesh,Guntur,Thulluru,Mandhadam,80.5316,16.5144,2024,Pre-Monsoon,Pre-Monsoon,7.7,2075.0,1085.0,223.0,10.0,30.0,0.54,155.0,,,,872.3,IMD All-India Monsoon Series,2021.0,5919303.0,National Reported Water-Borne Disease Total,Rajya Sabha Unstarred Question No. 557,2021.0,CGWB Ground Water Quality Data (2024),2024.0,PARTIAL,REAL_PUBLIC_SOURCE,-0.07,-0.29,-0.078,0,34.4,0.33,0.1,0.48,0.65,0.35,0.15,MODERATE
REAL_WQ_122,Andhra Pradesh,Guntur,Thulluru,Pedda Parimi,80.4551,16.4598,2024,Pre-Monsoon,Pre-Monsoon,7.78,5303.0,3534.0,1005.0,209.0,813.0,1.31,664.0,,,,872.3,IMD All-India Monsoon Series,2021.0,5919303.0,National Reported Water-Borne Disease Total,Rajya Sabha Unstarred Question No. 557,2021.0,CGWB Ground Water Quality Data (2024),2024.0,PARTIAL,REAL_PUBLIC_SOURCE,-0.07,-0.29,0.192,1,47.7,0.33,0.5,0.48,0.65,0.35,0.78,MODERATE
REAL_WQ_123,Andhra Pradesh,Kakinada,Gollaprolu,Gollaprolu,82.2833,17.1694,2024,Pre-Monsoon,Pre-Monsoon,7.4,4236.0,2675.0,1053.0,21.0,155.0,0.04,1060.0,,,,872.3,IMD All-India Monsoon Series,2021.0,5919303.0,National Reported Water-Borne Disease Total,Rajya Sabha Unstarred Question No. 557,2021.0,CGWB Ground Water Quality Data (2024),2024.0,PARTIAL,REAL_PUBLIC_SOURCE,-0.07,-0.29,0.035,1,33.6,0.33,0.25,0.48,0.25,0.35,0.42,MODERATE
REAL_WQ_124,Andhra Pradesh,Kakinada,Kakinada,(Rural) Kasinadhapuram,82.2306,16.925,2024,Pre-Monsoon,Pre-Monsoon,7.66,2854.0,1664.0,613.0,49.0,150.0,0.02,536.0,,,,872.3,IMD All-India Monsoon Series,2021.0,5919303.0,National Reported Water-Borne Disease Total,Rajya Sabha Unstarred Question No. 557,2021.0,CGWB Ground Water Quality Data (2024),2024.0,PARTIAL,REAL_PUBLIC_SOURCE,-0.07,-0.29,-0.027,0,31.9,0.33,0.21,0.48,0.25,0.35,0.27,MODERATE
REAL_WQ_125,Andhra Pradesh,Kakinada,Kakinada(U),Anjaneyanagar 2012,82.25,17.0,2024,Pre-Monsoon,Pre-Monsoon,7.45,1557.0,854.0,220.0,23.0,105.0,0.01,353.0,,,,872.3,IMD All-India Monsoon Series,2021.0,5919303.0,National Reported Water-Borne Disease Total,Rajya Sabha Unstarred Question No. 557,2021.0,CGWB Ground Water Quality Data (2024),2024.0,PARTIAL,REAL_PUBLIC_SOURCE,-0.07,-0.29,-0.107,0,27.1,0.33,0.06,0.48,0.25,0.35,0.08,LOW
REAL_WQ_126,Andhra Pradesh,Kakinada,Kakinada(U),Fishing Horbour 2012,82.2583,16.9997,2024,Pre-Monsoon,Pre-Monsoon,7.17,10730.0,6284.0,2409.0,198.0,587.0,0.03,904.0,,,,872.3,IMD All-India Monsoon Series,2021.0,5919303.0,National Reported Water-Borne Disease Total,Rajya Sabha Unstarred Question No. 557,2021.0,CGWB Ground Water Quality Data (2024),2024.0,PARTIAL,REAL_PUBLIC_SOURCE,-0.07,-0.29,0.283,1,42.8,0.33,0.5,0.48,0.25,0.35,1.0,MODERATE
REAL_WQ_127,Andhra Pradesh,Kakinada,Kirlampudi,Burugupudi-PZ1,82.1042,17.1864,2024,Pre-Monsoon,Pre-Monsoon,7.34,1701.0,856.0,204.0,75.0,89.0,0.02,426.0,,,,872.3,IMD All-India Monsoon Series,2021.0,5919303.0,National Reported Water-Borne Disease Total,Rajya Sabha Unstarred Question No. 557,2021.0,CGWB Ground Water Quality Data (2024),2024.0,PARTIAL,REAL_PUBLIC_SOURCE,-0.07,-0.29,-0.09,0,30.8,0.33,0.2,0.48,0.25,0.35,0.12,MODERATE
REAL_WQ_128,Andhra Pradesh,Kakinada,Kothapalle,Uppada,82.3375,17.0678,2024,Pre-Monsoon,Pre-Monsoon,7.62,3551.0,2076.0,539.0,68.0,189.0,0.01,471.0,,,,872.3,IMD All-India Monsoon Series,2021.0,5919303.0,National Reported Water-Borne Disease Total,Rajya Sabha Unstarred Question No. 557,2021.0,CGWB Ground Water Quality Data (2024),2024.0,PARTIAL,REAL_PUBLIC_SOURCE,-0.07,-0.29,0.015,1,36.0,0.33,0.35,0.48,0.25,0.35,0.37,MODERATE
REAL_WQ_129,Andhra Pradesh,Kakinada,Prathipadu,Dharmavaram-DW14,82.2275,17.2203,2024,Pre-Monsoon,Pre-Monsoon,7.31,2810.0,1643.0,459.0,168.0,158.0,0.02,489.0,,,,872.3,IMD All-India Monsoon Series,2021.0,5919303.0,National Reported Water-Borne Disease Total,Rajya Sabha Unstarred Question No. 557,2021.0,CGWB Ground Water Quality Data (2024),2024.0,PARTIAL,REAL_PUBLIC_SOURCE,-0.07,-0.29,0.038,1,38.4,0.33,0.44,0.48,0.25,0.35,0.42,MODERATE
REAL_WQ_130,Andhra Pradesh,Kakinada,Sankhavaram,Kattipudi,82.3314,17.2429,2024,Pre-Monsoon,Pre-Monsoon,7.58,2361.0,1424.0,412.0,75.0,82.0,0.03,598.0,,,,872.3,IMD All-India Monsoon Series,2021.0,5919303.0,National Reported Water-Borne Disease Total,Rajya Sabha Unstarred Question No. 557,2021.0,CGWB Ground Water Quality Data (2024),2024.0,PARTIAL,REAL_PUBLIC_SOURCE,-0.07,-0.29,-0.054,0,33.5,0.33,0.29,0.48,0.25,0.35,0.2,MODERATE
REAL_WQ_131,Andhra Pradesh,Kakinada,Tallarevu,Tallarevu 2013DW,82.2303,16.7794,2024,Pre-Monsoon,Pre-Monsoon,7.78,2366.0,1458.0,307.0,110.0,119.0,0.4,504.0,,,,872.3,IMD All-India Monsoon Series,2021.0,5919303.0,National Reported Water-Borne Disease Total,Rajya Sabha Unstarred Question No. 557,2021.0,CGWB Ground Water Quality Data (2024),2024.0,PARTIAL,REAL_PUBLIC_SOURCE,-0.07,-0.29,-0.002,0,37.1,0.33,0.41,0.48,0.25,0.35,0.33,MODERATE
REAL_WQ_132,Andhra Pradesh,Kakinada,Tuni,Hamsavaram-DW13,82.4931,17.2881,2024,Pre-Monsoon,Pre-Monsoon,7.56,2900.0,1589.0,546.0,42.0,148.0,0.06,513.0,,,,872.3,IMD All-India Monsoon Series,2021.0,5919303.0,National Reported Water-Borne Disease Total,Rajya Sabha Unstarred Question No. 557,2021.0,CGWB Ground Water Quality Data (2024),2024.0,PARTIAL,REAL_PUBLIC_SOURCE,-0.07,-0.29,-0.043,0,31.0,0.33,0.18,0.48,0.25,0.35,0.23,MODERATE
REAL_WQ_133,Andhra Pradesh,Kakinada,Yeleswaram,Gontuvanipalem 2013DW,82.1158,17.3558,2024,Pre-Monsoon,Pre-Monsoon,7.72,1815.0,1050.0,224.0,72.0,112.0,0.06,332.0,,,,872.3,IMD All-India Monsoon Series,2021.0,5919303.0,National Reported Water-Borne Disease Total,Rajya Sabha Unstarred Question No. 557,2021.0,CGWB Ground Water Quality Data (2024),2024.0,PARTIAL,REAL_PUBLIC_SOURCE,-0.07,-0.29,-0.055,0,31.6,0.33,0.21,0.48,0.25,0.35,0.2,MODERATE
REAL_WQ_134,Andhra Pradesh,Konaseema,Amalapuram,Amalapuram,82.0283,16.5761,2024,Pre-Monsoon,Pre-Monsoon,7.76,746.0,421.0,50.0,28.0,51.0,0.01,210.0,,,,872.3,IMD All-India Monsoon Series,2021.0,5919303.0,National Reported Water-Borne Disease Total,Rajya Sabha Unstarred Question No. 557,2021.0,CGWB Ground Water Quality Data (2024),2024.0,PARTIAL,REAL_PUBLIC_SOURCE,-0.07,-0.29,-0.092,0,25.8,0.33,0.0,0.48,0.25,0.35,0.12,LOW
REAL_WQ_135,Andhra Pradesh,Konaseema,Malkipuram,Sakhinetipalli,81.7514,16.4083,2024,Pre-Monsoon,Pre-Monsoon,7.15,1783.0,1089.0,205.0,3.0,57.0,0.02,404.0,,,,872.3,IMD All-India Monsoon Series,2021.0,5919303.0,National Reported Water-Borne Disease Total,Rajya Sabha Unstarred Question No. 557,2021.0,CGWB Ground Water Quality Data (2024),2024.0,PARTIAL,REAL_PUBLIC_SOURCE,-0.07,-0.29,-0.083,0,28.4,0.33,0.1,0.48,0.25,0.35,0.14,LOW
REAL_WQ_136,Andhra Pradesh,Konaseema,Mummidivaram,Mobalacheruvu-DW14,82.0733,16.61,2024,Pre-Monsoon,Pre-Monsoon,7.64,2270.0,1111.0,177.0,16.0,84.0,0.04,540.0,,,,872.3,IMD All-India Monsoon Series,2021.0,5919303.0,National Reported Water-Borne Disease Total,Rajya Sabha Unstarred Question No. 557,2021.0,CGWB Ground Water Quality Data (2024),2024.0,PARTIAL,REAL_PUBLIC_SOURCE,-0.07,-0.29,-0.076,0,28.6,0.33,0.1,0.48,0.25,0.35,0.15,LOW
REAL_WQ_137,Andhra Pradesh,Konaseema,Ramachandrapuram,Vegayammapeta,82.0792,16.7794,2024,Pre-Monsoon,Pre-Monsoon,7.71,1750.0,1014.0,314.0,8.0,23.0,0.01,220.0,,,,872.3,IMD All-India Monsoon Series,2021.0,5919303.0,National Reported Water-Borne Disease Total,Rajya Sabha Unstarred Question No. 557,2021.0,CGWB Ground Water Quality Data (2024),2024.0,PARTIAL,REAL_PUBLIC_SOURCE,-0.07,-0.29,-0.087,0,28.0,0.33,0.09,0.48,0.25,0.35,0.13,LOW
REAL_WQ_138,Andhra Pradesh,Krishna,Bantumilli,Bantumilli1,81.2722,16.3697,2024,Pre-Monsoon,Pre-Monsoon,7.09,3465.0,2135.0,599.0,46.0,117.0,0.16,541.0,,,,872.3,IMD All-India Monsoon Series,2021.0,5919303.0,National Reported Water-Borne Disease Total,Rajya Sabha Unstarred Question No. 557,2021.0,CGWB Ground Water Quality Data (2024),2024.0,PARTIAL,REAL_PUBLIC_SOURCE,-0.07,-0.29,0.031,1,33.7,0.33,0.25,0.48,0.25,0.35,0.41,MODERATE
REAL_WQ_139,Andhra Pradesh,Krishna,Bapulapadu,Rangannagudem,80.9064,16.6439,2024,Pre-Monsoon,Pre-Monsoon,7.94,655.0,343.0,51.0,5.0,19.0,1.4,140.0,,,,872.3,IMD All-India Monsoon Series,2021.0,5919303.0,National Reported Water-Borne Disease Total,Rajya Sabha Unstarred Question No. 557,2021.0,CGWB Ground Water Quality Data (2024),2024.0,PARTIAL,REAL_PUBLIC_SOURCE,-0.07,-0.29,-0.078,0,26.0,0.33,0.0,0.48,0.25,0.35,0.15,LOW
REAL_WQ_140,Andhra Pradesh,Krishna,Gudlavalleru,Kautaram,81.0778,16.3354,2024,Pre-Monsoon,Pre-Monsoon,7.02,5640.0,3359.0,1086.0,5.0,745.0,0.1,1091.0,,,,872.3,IMD All-India Monsoon Series,2021.0,5919303.0,National Reported Water-Borne Disease Total,Rajya Sabha Unstarred Question No. 557,2021.0,CGWB Ground Water Quality Data (2024),2024.0,PARTIAL,REAL_PUBLIC_SOURCE,-0.07,-0.29,0.117,1,34.6,0.33,0.25,0.48,0.25,0.35,0.61,MODERATE
REAL_WQ_141,Andhra Pradesh,Krishna,Gudur,Gudur,81.0849,16.2201,2024,Pre-Monsoon,Pre-Monsoon,7.79,3102.0,1968.0,441.0,28.0,269.0,0.45,299.0,,,,872.3,IMD All-India Monsoon Series,2021.0,5919303.0,National Reported Water-Borne Disease Total,Rajya Sabha Unstarred Question No. 557,2021.0,CGWB Ground Water Quality Data (2024),2024.0,PARTIAL,REAL_PUBLIC_SOURCE,-0.07,-0.29,-0.002,0,33.0,0.33,0.24,0.48,0.25,0.35,0.33,MODERATE
REAL_WQ_142,Andhra Pradesh,Krishna,Kaikaluru,Palevada,81.2867,16.5794,2024,Pre-Monsoon,Pre-Monsoon,7.6,5712.0,3601.0,1610.0,13.0,85.0,0.63,731.0,,,,872.3,IMD All-India Monsoon Series,2021.0,5919303.0,National Reported Water-Borne Disease Total,Rajya Sabha Unstarred Question No. 557,2021.0,CGWB Ground Water Quality Data (2024),2024.0,PARTIAL,REAL_PUBLIC_SOURCE,-0.07,-0.29,0.104,1,34.4,0.33,0.25,0.48,0.25,0.35,0.58,MODERATE
REAL_WQ_143,Andhra Pradesh,Krishna,Mudinepalle,Kopparagudem (Upparagudem),81.1741,16.4083,2024,Pre-Monsoon,Pre-Monsoon,7.4,2491.0,1350.0,342.0,4.0,78.0,0.36,375.0,,,,872.3,IMD All-India Monsoon Series,2021.0,5919303.0,National Reported Water-Borne Disease Total,Rajya Sabha Unstarred Question No. 557,2021.0,CGWB Ground Water Quality Data (2024),2024.0,PARTIAL,REAL_PUBLIC_SOURCE,-0.07,-0.29,-0.078,0,29.5,0.33,0.14,0.48,0.25,0.35,0.15,LOW
REAL_WQ_144,Andhra Pradesh,Krishna,Nagayalanka,Marripalem(Nagayalanka),80.9224,15.9495,2024,Pre-Monsoon,Pre-Monsoon,7.57,1470.0,676.0,195.0,3.0,51.0,0.54,224.0,,,,872.3,IMD All-India Monsoon Series,2021.0,5919303.0,National Reported Water-Borne Disease Total,Rajya Sabha Unstarred Question No. 557,2021.0,CGWB Ground Water Quality Data (2024),2024.0,PARTIAL,REAL_PUBLIC_SOURCE,-0.07,-0.29,-0.109,0,26.4,0.33,0.03,0.48,0.25,0.35,0.07,LOW
REAL_WQ_145,Andhra Pradesh,Krishna,Pamarru,Kurumaddali,80.9261,16.3311,2024,Pre-Monsoon,Pre-Monsoon,7.39,3177.0,1619.0,374.0,27.0,165.0,0.18,446.0,,,,872.3,IMD All-India Monsoon Series,2021.0,5919303.0,National Reported Water-Borne Disease Total,Rajya Sabha Unstarred Question No. 557,2021.0,CGWB Ground Water Quality Data (2024),2024.0,PARTIAL,REAL_PUBLIC_SOURCE,-0.07,-0.29,-0.044,0,31.1,0.33,0.19,0.48,0.25,0.35,0.23,MODERATE
REAL_WQ_146,Andhra Pradesh,Krishna,Pamarru,Pamarru,80.9675,16.3218,2024,Pre-Monsoon,Pre-Monsoon,7.78,3450.0,2084.0,965.0,4.0,32.0,0.29,362.0,,,,872.3,IMD All-India Monsoon Series,2021.0,5919303.0,National Reported Water-Borne Disease Total,Rajya Sabha Unstarred Question No. 557,2021.0,CGWB Ground Water Quality Data (2024),2024.0,PARTIAL,REAL_PUBLIC_SOURCE,-0.07,-0.29,0.023,1,33.4,0.33,0.25,0.48,0.25,0.35,0.39,MODERATE
REAL_WQ_147,Andhra Pradesh,Krishna,Pedana,Balliparru,81.1873,16.2775,2024,Pre-Monsoon,Pre-Monsoon,7.5,2861.0,1631.0,315.0,25.0,281.0,0.61,414.0,,,,872.3,IMD All-India Monsoon Series,2021.0,5919303.0,National Reported Water-Borne Disease Total,Rajya Sabha Unstarred Question No. 557,2021.0,CGWB Ground Water Quality Data (2024),2024.0,PARTIAL,REAL_PUBLIC_SOURCE,-0.07,-0.29,-0.053,0,31.0,0.33,0.19,0.48,0.25,0.35,0.21,MODERATE
REAL_WQ_148,Andhra Pradesh,Krishna,Pedana,Munjuluru,81.212,16.3092,2024,Pre-Monsoon,Pre-Monsoon,7.45,1772.0,1082.0,209.0,82.0,169.0,0.07,398.0,,,,872.3,IMD All-India Monsoon Series,2021.0,5919303.0,National Reported Water-Borne Disease Total,Rajya Sabha Unstarred Question No. 557,2021.0,CGWB Ground Water Quality Data (2024),2024.0,PARTIAL,REAL_PUBLIC_SOURCE,-0.07,-0.29,-0.082,0,32.6,0.33,0.27,0.48,0.25,0.35,0.14,MODERATE
REAL_WQ_149,Andhra Pradesh,Krishna,Pedana,Nadupur,81.1293,16.283,2024,Pre-Monsoon,Pre-Monsoon,7.57,1330.0,715.0,193.0,11.0,77.0,0.63,208.0,,,,872.3,IMD All-India Monsoon Series,2021.0,5919303.0,National Reported Water-Borne Disease Total,Rajya Sabha Unstarred Question No. 557,2021.0,CGWB Ground Water Quality Data (2024),2024.0,PARTIAL,REAL_PUBLIC_SOURCE,-0.07,-0.29,-0.111,0,26.5,0.33,0.04,0.48,0.25,0.35,0.07,LOW
REAL_WQ_150,Andhra Pradesh,Krishna,Pedana,Pedana_New,81.1495,16.2584,2024,Pre-Monsoon,Pre-Monsoon,7.64,3676.0,2291.0,539.0,53.0,283.0,0.09,584.0,,,,872.3,IMD All-India Monsoon Series,2021.0,5919303.0,National Reported Water-Borne Disease Total,Rajya Sabha Unstarred Question No. 557,2021.0,CGWB Ground Water Quality Data (2024),2024.0,PARTIAL,REAL_PUBLIC_SOURCE,-0.07,-0.29,0.035,1,34.5,0.33,0.29,0.48,0.25,0.35,0.41,MODERATE
REAL_WQ_151,Andhra Pradesh,Krishna,Unguturu,Indupalli,80.8747,16.4683,2024,Pre-Monsoon,Pre-Monsoon,7.57,1806.0,1070.0,323.0,40.0,148.0,0.33,327.0,,,,872.3,IMD All-India Monsoon Series,2021.0,5919303.0,National Reported Water-Borne Disease Total,Rajya Sabha Unstarred Question No. 557,2021.0,CGWB Ground Water Quality Data (2024),2024.0,PARTIAL,REAL_PUBLIC_SOURCE,-0.07,-0.29,-0.09,0,28.2,0.33,0.1,0.48,0.25,0.35,0.12,LOW
REAL_WQ_152,Andhra Pradesh,Krishna,Vuyyuru,Akunuru,80.819,16.3921,2024,Pre-Monsoon,Pre-Monsoon,7.22,1842.0,1106.0,216.0,31.0,104.0,0.28,470.0,,,,872.3,IMD All-India Monsoon Series,2021.0,5919303.0,National Reported Water-Borne Disease Total,Rajya Sabha Unstarred Question No. 557,2021.0,CGWB Ground Water Quality Data (2024),2024.0,PARTIAL,REAL_PUBLIC_SOURCE,-0.07,-0.29,-0.088,0,28.4,0.33,0.1,0.48,0.25,0.35,0.12,LOW
REAL_WQ_153,Andhra Pradesh,Krishna,Vuyyuru,Tadanki,80.8803,16.3581,2024,Pre-Monsoon,Pre-Monsoon,7.47,1442.0,856.0,89.0,60.0,82.0,2.06,416.0,,,,872.3,IMD All-India Monsoon Series,2021.0,5919303.0,National Reported Water-Borne Disease Total,Rajya Sabha Unstarred Question No. 557,2021.0,CGWB Ground Water Quality Data (2024),2024.0,PARTIAL,REAL_PUBLIC_SOURCE,-0.07,-0.29,-0.099,0,30.7,0.33,0.2,0.48,0.25,0.35,0.1,MODERATE
REAL_WQ_154,Andhra Pradesh,Kurnool,Adoni,Naganathanahalli,77.2221,15.5607,2024,Pre-Monsoon,Pre-Monsoon,7.39,5515.0,3575.0,695.0,41.0,1151.0,2.65,603.0,,,,872.3,IMD All-India Monsoon Series,2021.0,5919303.0,National Reported Water-Borne Disease Total,Rajya Sabha Unstarred Question No. 557,2021.0,CGWB Ground Water Quality Data (2024),2024.0,PARTIAL,REAL_PUBLIC_SOURCE,-0.07,-0.29,0.115,1,38.1,0.33,0.39,0.48,0.25,0.35,0.6,MODERATE
REAL_WQ_155,Andhra Pradesh,Kurnool,Alur,Aluru1,77.2235,15.3991,2024,Pre-Monsoon,Pre-Monsoon,7.17,2089.0,1132.0,260.0,62.0,70.0,0.49,443.0,,,,872.3,IMD All-India Monsoon Series,2021.0,5919303.0,National Reported Water-Borne Disease Total,Rajya Sabha Unstarred Question No. 557,2021.0,CGWB Ground Water Quality Data (2024),2024.0,PARTIAL,REAL_PUBLIC_SOURCE,-0.07,-0.29,-0.073,0,30.6,0.33,0.18,0.48,0.25,0.35,0.16,MODERATE
REAL_WQ_156,Andhra Pradesh,Kurnool,Devanakonda,Karivemula,77.5967,15.5942,2024,Pre-Monsoon,Pre-Monsoon,7.29,1230.0,600.0,90.0,1.0,38.0,0.69,188.0,,,,872.3,IMD All-India Monsoon Series,2021.0,5919303.0,National Reported Water-Borne Disease Total,Rajya Sabha Unstarred Question No. 557,2021.0,CGWB Ground Water Quality Data (2024),2024.0,PARTIAL,REAL_PUBLIC_SOURCE,-0.07,-0.29,-0.107,0,26.1,0.33,0.02,0.48,0.25,0.35,0.08,LOW
REAL_WQ_157,Andhra Pradesh,Kurnool,Gudur,Gudur-Pz -Wt,77.8074,15.7726,2024,Pre-Monsoon,Pre-Monsoon,7.55,1438.0,737.0,87.0,4.0,105.0,0.73,196.0,,,,872.3,IMD All-India Monsoon Series,2021.0,5919303.0,National Reported Water-Borne Disease Total,Rajya Sabha Unstarred Question No. 557,2021.0,CGWB Ground Water Quality Data (2024),2024.0,PARTIAL,REAL_PUBLIC_SOURCE,-0.07,-0.29,-0.108,0,26.6,0.33,0.04,0.48,0.25,0.35,0.08,LOW
REAL_WQ_158,Andhra Pradesh,Kurnool,Holagonda,Sullavai,77.1222,15.4321,2024,Pre-Monsoon,Pre-Monsoon,7.61,1678.0,887.0,111.0,43.0,64.0,1.23,375.0,,,,872.3,IMD All-India Monsoon Series,2021.0,5919303.0,National Reported Water-Borne Disease Total,Rajya Sabha Unstarred Question No. 557,2021.0,CGWB Ground Water Quality Data (2024),2024.0,PARTIAL,REAL_PUBLIC_SOURCE,-0.07,-0.29,-0.093,0,27.4,0.33,0.06,0.48,0.25,0.35,0.11,LOW
REAL_WQ_159,Andhra Pradesh,Kurnool,Holagunda,Holagondi,77.0402,15.4896,2024,Pre-Monsoon,Pre-Monsoon,6.96,1458.0,923.0,141.0,16.0,80.0,0.66,392.0,,,,872.3,IMD All-India Monsoon Series,2021.0,5919303.0,National Reported Water-Borne Disease Total,Rajya Sabha Unstarred Question No. 557,2021.0,CGWB Ground Water Quality Data (2024),2024.0,PARTIAL,REAL_PUBLIC_SOURCE,-0.07,-0.29,-0.068,0,27.9,0.33,0.07,0.48,0.25,0.35,0.17,LOW
REAL_WQ_160,Andhra Pradesh,Kurnool,Kodumur,Kodumuru,77.7736,15.6857,2024,Pre-Monsoon,Pre-Monsoon,7.39,3014.0,1756.0,355.0,189.0,243.0,0.86,743.0,,,,872.3,IMD All-India Monsoon Series,2021.0,5919303.0,National Reported Water-Borne Disease Total,Rajya Sabha Unstarred Question No. 557,2021.0,CGWB Ground Water Quality Data (2024),2024.0,PARTIAL,REAL_PUBLIC_SOURCE,-0.07,-0.29,0.051,1,39.0,0.33,0.46,0.48,0.25,0.35,0.45,MODERATE
REAL_WQ_161,Andhra Pradesh,Kurnool,Mantralayam,Tungabhadra,77.3014,15.9478,2024,Pre-Monsoon,Pre-Monsoon,7.34,2933.0,1496.0,362.0,86.0,278.0,0.48,606.0,,,,872.3,IMD All-India Monsoon Series,2021.0,5919303.0,National Reported Water-Borne Disease Total,Rajya Sabha Unstarred Question No. 557,2021.0,CGWB Ground Water Quality Data (2024),2024.0,PARTIAL,REAL_PUBLIC_SOURCE,-0.07,-0.29,-0.031,0,35.4,0.33,0.35,0.48,0.25,0.35,0.26,MODERATE
REAL_WQ_162,Andhra Pradesh,Kurnool,Veldurthi,Veldurti1,77.9251,15.546,2024,Pre-Monsoon,Pre-Monsoon,7.41,1636.0,781.0,128.0,49.0,65.0,0.65,467.0,,,,872.3,IMD All-India Monsoon Series,2021.0,5919303.0,National Reported Water-Borne Disease Total,Rajya Sabha Unstarred Question No. 557,2021.0,CGWB Ground Water Quality Data (2024),2024.0,PARTIAL,REAL_PUBLIC_SOURCE,-0.07,-0.29,-0.097,0,27.4,0.33,0.07,0.48,0.25,0.35,0.1,LOW
REAL_WQ_163,Andhra Pradesh,Manyam,BALIJIPETA,Balajipet,83.525,18.6269,2024,Pre-Monsoon,Pre-Monsoon,7.52,1473.0,980.0,92.0,6.0,15.0,0.69,363.0,,,,872.3,IMD All-India Monsoon Series,2021.0,5919303.0,National Reported Water-Borne Disease Total,Rajya Sabha Unstarred Question No. 557,2021.0,CGWB Ground Water Quality Data (2024),2024.0,PARTIAL,REAL_PUBLIC_SOURCE,-0.07,-0.29,-0.109,0,27.6,0.33,0.08,0.48,0.25,0.35,0.07,LOW
REAL_WQ_164,Andhra Pradesh,Manyam,Komarada,Appayyapet,83.485,18.8283,2024,Pre-Monsoon,Pre-Monsoon,7.37,1587.0,920.0,187.0,123.0,71.0,0.5,455.0,,,,872.3,IMD All-India Monsoon Series,2021.0,5919303.0,National Reported Water-Borne Disease Total,Rajya Sabha Unstarred Question No. 557,2021.0,CGWB Ground Water Quality Data (2024),2024.0,PARTIAL,REAL_PUBLIC_SOURCE,-0.07,-0.29,-0.057,0,34.3,0.33,0.32,0.48,0.25,0.35,0.2,MODERATE
REAL_WQ_165,Andhra Pradesh,Manyam,KURUPAM,Gumma,83.6444,18.9658,2024,Pre-Monsoon,Pre-Monsoon,7.41,1492.0,838.0,216.0,3.0,106.0,0.34,399.0,,,,872.3,IMD All-India Monsoon Series,2021.0,5919303.0,National Reported Water-Borne Disease Total,Rajya Sabha Unstarred Question No. 557,2021.0,CGWB Ground Water Quality Data (2024),2024.0,PARTIAL,REAL_PUBLIC_SOURCE,-0.07,-0.29,-0.114,0,27.0,0.33,0.06,0.48,0.25,0.35,0.06,LOW
REAL_WQ_166,Andhra Pradesh,Manyam,MAKKUVA,Payakapadu,83.275,18.6439,2024,Pre-Monsoon,Pre-Monsoon,7.32,1376.0,825.0,198.0,41.0,66.0,0.43,422.0,,,,872.3,IMD All-India Monsoon Series,2021.0,5919303.0,National Reported Water-Borne Disease Total,Rajya Sabha Unstarred Question No. 557,2021.0,CGWB Ground Water Quality Data (2024),2024.0,PARTIAL,REAL_PUBLIC_SOURCE,-0.07,-0.29,-0.106,0,27.0,0.33,0.05,0.48,0.25,0.35,0.08,LOW
REAL_WQ_167,Andhra Pradesh,Manyam,PALAKONDA,Palakonda,83.7611,18.5931,2024,Pre-Monsoon,Pre-Monsoon,7.61,909.0,521.0,70.0,15.0,38.0,1.13,328.0,,,,872.3,IMD All-India Monsoon Series,2021.0,5919303.0,National Reported Water-Borne Disease Total,Rajya Sabha Unstarred Question No. 557,2021.0,CGWB Ground Water Quality Data (2024),2024.0,PARTIAL,REAL_PUBLIC_SOURCE,-0.07,-0.29,-0.12,0,25.6,0.33,0.0,0.48,0.25,0.35,0.05,LOW
REAL_WQ_168,Andhra Pradesh,Manyam,PALAKONDA,Palakonda_1,83.7543,18.6027,2024,Pre-Monsoon,Pre-Monsoon,7.23,1307.0,715.0,194.0,25.0,71.0,0.24,430.0,,,,872.3,IMD All-India Monsoon Series,2021.0,5919303.0,National Reported Water-Borne Disease Total,Rajya Sabha Unstarred Question No. 557,2021.0,CGWB Ground Water Quality Data (2024),2024.0,PARTIAL,REAL_PUBLIC_SOURCE,-0.07,-0.29,-0.101,0,26.6,0.33,0.04,0.48,0.25,0.35,0.1,LOW
REAL_WQ_169,Andhra Pradesh,Manyam,PALAKONDA,ThumaradaDW16,83.7133,18.61,2024,Pre-Monsoon,Pre-Monsoon,7.14,1773.0,1039.0,295.0,139.0,81.0,0.62,639.0,,,,872.3,IMD All-India Monsoon Series,2021.0,5919303.0,National Reported Water-Borne Disease Total,Rajya Sabha Unstarred Question No. 557,2021.0,CGWB Ground Water Quality Data (2024),2024.0,PARTIAL,REAL_PUBLIC_SOURCE,-0.07,-0.29,-0.019,0,35.2,0.33,0.34,0.48,0.25,0.35,0.29,MODERATE
REAL_WQ_170,Andhra Pradesh,Manyam,Parvatipuram,Parvatipuram,83.4228,18.7697,2024,Pre-Monsoon,Pre-Monsoon,7.21,1315.0,745.0,238.0,12.0,40.0,0.58,450.0,,,,872.3,IMD All-India Monsoon Series,2021.0,5919303.0,National Reported Water-Borne Disease Total,Rajya Sabha Unstarred Question No. 557,2021.0,CGWB Ground Water Quality Data (2024),2024.0,PARTIAL,REAL_PUBLIC_SOURCE,-0.07,-0.29,-0.102,0,26.7,0.33,0.04,0.48,0.25,0.35,0.09,LOW
REAL_WQ_171,Andhra Pradesh,Manyam,SALURU,Saluru,83.2083,18.5253,2024,Pre-Monsoon,Pre-Monsoon,7.5,695.0,406.0,38.0,6.0,10.0,0.38,252.0,,,,872.3,IMD All-India Monsoon Series,2021.0,5919303.0,National Reported Water-Borne Disease Total,Rajya Sabha Unstarred Question No. 557,2021.0,CGWB Ground Water Quality Data (2024),2024.0,PARTIAL,REAL_PUBLIC_SOURCE,-0.07,-0.29,-0.124,0,25.5,0.33,0.0,0.48,0.25,0.35,0.04,LOW
REAL_WQ_172,Andhra Pradesh,Manyam,SEETANAGARAM,Maripivalasa-DW16,83.36,18.7625,2024,Pre-Monsoon,Pre-Monsoon,7.44,987.0,534.0,145.0,60.0,41.0,0.19,395.0,,,,872.3,IMD All-India Monsoon Series,2021.0,5919303.0,National Reported Water-Borne Disease Total,Rajya Sabha Unstarred Question No. 557,2021.0,CGWB Ground Water Quality Data (2024),2024.0,PARTIAL,REAL_PUBLIC_SOURCE,-0.07,-0.29,-0.096,0,27.6,0.33,0.07,0.48,0.25,0.35,0.11,LOW
REAL_WQ_173,Andhra Pradesh,Nandyal,BANAGANAPALLE,Banaganapalli-DW14,78.225,15.3219,2024,Pre-Monsoon,Pre-Monsoon,7.31,2452.0,1512.0,408.0,45.0,88.0,1.24,690.0,,,,872.3,IMD All-India Monsoon Series,2021.0,5919303.0,National Reported Water-Borne Disease Total,Rajya Sabha Unstarred Question No. 557,2021.0,CGWB Ground Water Quality Data (2024),2024.0,PARTIAL,REAL_PUBLIC_SOURCE,-0.07,-0.29,-0.062,0,30.4,0.33,0.17,0.48,0.25,0.35,0.19,MODERATE
REAL_WQ_174,Andhra Pradesh,Nandyal,Banaganapalle,Erragudi,78.17,15.38,2024,Pre-Monsoon,Pre-Monsoon,7.64,761.0,431.0,19.0,18.0,23.0,1.41,264.0,,,,872.3,IMD All-India Monsoon Series,2021.0,5919303.0,National Reported Water-Borne Disease Total,Rajya Sabha Unstarred Question No. 557,2021.0,CGWB Ground Water Quality Data (2024),2024.0,PARTIAL,REAL_PUBLIC_SOURCE,-0.07,-0.29,-0.105,0,25.7,0.33,0.0,0.48,0.25,0.35,0.08,LOW
REAL_WQ_175,Andhra Pradesh,Nandyal,Kolimigundla,Kolimigundla,78.1017,15.09,2024,Pre-Monsoon,Pre-Monsoon,7.66,618.0,372.0,40.0,1.0,26.0,0.91,183.0,,,,872.3,IMD All-India Monsoon Series,2021.0,5919303.0,National Reported Water-Borne Disease Total,Rajya Sabha Unstarred Question No. 557,2021.0,CGWB Ground Water Quality Data (2024),2024.0,PARTIAL,REAL_PUBLIC_SOURCE,-0.07,-0.29,-0.112,0,25.6,0.33,0.0,0.48,0.25,0.35,0.07,LOW
REAL_WQ_176,Andhra Pradesh,Nandyal,Podili,Uppalapadu,79.75,15.58,2024,Pre-Monsoon,Pre-Monsoon,7.5,1491.0,978.0,191.0,16.0,166.0,0.93,355.0,,,,872.3,IMD All-India Monsoon Series,2021.0,5919303.0,National Reported Water-Borne Disease Total,Rajya Sabha Unstarred Question No. 557,2021.0,CGWB Ground Water Quality Data (2024),2024.0,PARTIAL,REAL_PUBLIC_SOURCE,-0.07,-0.29,-0.113,0,27.6,0.33,0.08,0.48,0.25,0.35,0.07,LOW
REAL_WQ_177,Andhra Pradesh,Nellore,Bogole,Koda Nutala,79.9997,14.791,2024,Pre-Monsoon,Pre-Monsoon,6.8,700.0,386.0,98.0,38.0,47.0,0.06,169.0,,,,872.3,IMD All-India Monsoon Series,2021.0,5919303.0,National Reported Water-Borne Disease Total,Rajya Sabha Unstarred Question No. 557,2021.0,CGWB Ground Water Quality Data (2024),2024.0,PARTIAL,REAL_PUBLIC_SOURCE,-0.07,-0.29,-0.023,0,26.7,0.33,0.0,0.48,0.25,0.35,0.28,LOW
REAL_WQ_178,Andhra Pradesh,Nellore,Chejerla,Aduripalli,79.6046,14.4426,2024,Pre-Monsoon,Pre-Monsoon,7.35,630.0,371.0,17.0,5.0,19.0,0.35,175.0,,,,872.3,IMD All-India Monsoon Series,2021.0,5919303.0,National Reported Water-Borne Disease Total,Rajya Sabha Unstarred Question No. 557,2021.0,CGWB Ground Water Quality Data (2024),2024.0,PARTIAL,REAL_PUBLIC_SOURCE,-0.07,-0.29,-0.118,0,25.5,0.33,0.0,0.48,0.25,0.35,0.05,LOW
REAL_WQ_179,Andhra Pradesh,Nellore,Chejerla,Nagulavellaturu,79.5195,14.4942,2024,Pre-Monsoon,Pre-Monsoon,7.5,1402.0,825.0,126.0,16.0,89.0,1.2,230.0,,,,872.3,IMD All-India Monsoon Series,2021.0,5919303.0,National Reported Water-Borne Disease Total,Rajya Sabha Unstarred Question No. 557,2021.0,CGWB Ground Water Quality Data (2024),2024.0,PARTIAL,REAL_PUBLIC_SOURCE,-0.07,-0.29,-0.116,0,26.9,0.33,0.05,0.48,0.25,0.35,0.06,LOW
REAL_WQ_180,Andhra Pradesh,Nellore,Dagadarhi,Sunnapubatti,79.9738,14.6817,2024,Pre-Monsoon,Pre-Monsoon,7.0,1437.0,875.0,123.0,44.0,66.0,1.15,377.0,,,,872.3,IMD All-India Monsoon Series,2021.0,5919303.0,National Reported Water-Borne Disease Total,Rajya Sabha Unstarred Question No. 557,2021.0,CGWB Ground Water Quality Data (2024),2024.0,PARTIAL,REAL_PUBLIC_SOURCE,-0.07,-0.29,-0.07,0,27.7,0.33,0.06,0.48,0.25,0.35,0.17,LOW
REAL_WQ_181,Andhra Pradesh,Nellore,Kavali,Kavali,79.9939,14.9087,2024,Pre-Monsoon,Pre-Monsoon,7.18,827.0,437.0,81.0,3.0,47.0,0.17,209.0,,,,872.3,IMD All-India Monsoon Series,2021.0,5919303.0,National Reported Water-Borne Disease Total,Rajya Sabha Unstarred Question No. 557,2021.0,CGWB Ground Water Quality Data (2024),2024.0,PARTIAL,REAL_PUBLIC_SOURCE,-0.07,-0.29,-0.107,0,25.7,0.33,0.0,0.48,0.25,0.35,0.08,LOW
REAL_WQ_182,Andhra Pradesh,Nellore,Padlakur,Tatiparthi-Alt,79.7661,14.5179,2024,Pre-Monsoon,Pre-Monsoon,7.0,4200.0,2509.0,865.0,71.0,346.0,0.63,649.0,,,,872.3,IMD All-India Monsoon Series,2021.0,5919303.0,National Reported Water-Borne Disease Total,Rajya Sabha Unstarred Question No. 557,2021.0,CGWB Ground Water Quality Data (2024),2024.0,PARTIAL,REAL_PUBLIC_SOURCE,-0.07,-0.29,0.069,1,36.9,0.33,0.37,0.48,0.25,0.35,0.5,MODERATE
REAL_WQ_183,Andhra Pradesh,Nellore,Pamuru,Malakonda,79.6404,15.1175,2024,Pre-Monsoon,Pre-Monsoon,7.23,1651.0,982.0,161.0,31.0,58.0,1.48,389.0,,,,872.3,IMD All-India Monsoon Series,2021.0,5919303.0,National Reported Water-Borne Disease Total,Rajya Sabha Unstarred Question No. 557,2021.0,CGWB Ground Water Quality Data (2024),2024.0,PARTIAL,REAL_PUBLIC_SOURCE,-0.07,-0.29,-0.098,0,27.8,0.33,0.08,0.48,0.25,0.35,0.1,LOW
REAL_WQ_184,Andhra Pradesh,Nellore,Podlakur,Podlakur,79.731,14.381,2024,Pre-Monsoon,Pre-Monsoon,7.07,1512.0,876.0,162.0,29.0,38.0,0.78,353.0,,,,872.3,IMD All-India Monsoon Series,2021.0,5919303.0,National Reported Water-Borne Disease Total,Rajya Sabha Unstarred Question No. 557,2021.0,CGWB Ground Water Quality Data (2024),2024.0,PARTIAL,REAL_PUBLIC_SOURCE,-0.07,-0.29,-0.083,0,27.5,0.33,0.06,0.48,0.25,0.35,0.14,LOW
REAL_WQ_185,Andhra Pradesh,Nellore,Rapur,Penubarti,79.4717,14.3428,2024,Pre-Monsoon,Pre-Monsoon,7.4,1247.0,942.0,201.0,65.0,47.0,0.5,287.0,,,,872.3,IMD All-India Monsoon Series,2021.0,5919303.0,National Reported Water-Borne Disease Total,Rajya Sabha Unstarred Question No. 557,2021.0,CGWB Ground Water Quality Data (2024),2024.0,PARTIAL,REAL_PUBLIC_SOURCE,-0.07,-0.29,-0.097,0,29.9,0.33,0.16,0.48,0.25,0.35,0.1,LOW
REAL_WQ_186,Andhra Pradesh,Nellore,Sangam,Sangam,79.753,14.5943,2024,Pre-Monsoon,Pre-Monsoon,7.31,776.0,420.0,72.0,14.0,21.0,0.22,271.0,,,,872.3,IMD All-India Monsoon Series,2021.0,5919303.0,National Reported Water-Borne Disease Total,Rajya Sabha Unstarred Question No. 557,2021.0,CGWB Ground Water Quality Data (2024),2024.0,PARTIAL,REAL_PUBLIC_SOURCE,-0.07,-0.29,-0.121,0,25.5,0.33,0.0,0.48,0.25,0.35,0.05,LOW
REAL_WQ_187,Andhra Pradesh,Nellore,Vidvalur,Ramthirdam,80.1429,14.6399,2024,Pre-Monsoon,Pre-Monsoon,7.37,1901.0,1163.0,416.0,110.0,115.0,0.57,513.0,,,,872.3,IMD All-India Monsoon Series,2021.0,5919303.0,National Reported Water-Borne Disease Total,Rajya Sabha Unstarred Question No. 557,2021.0,CGWB Ground Water Quality Data (2024),2024.0,PARTIAL,REAL_PUBLIC_SOURCE,-0.07,-0.29,-0.063,0,35.2,0.33,0.36,0.48,0.25,0.35,0.18,MODERATE
REAL_WQ_188,Andhra Pradesh,Ntr,A.Konduru,A Konduru-New,80.648,16.9632,2024,Pre-Monsoon,Pre-Monsoon,7.37,902.0,510.0,67.0,4.0,5.0,0.3,81.0,,,,872.3,IMD All-India Monsoon Series,2021.0,5919303.0,National Reported Water-Borne Disease Total,Rajya Sabha Unstarred Question No. 557,2021.0,CGWB Ground Water Quality Data (2024),2024.0,PARTIAL,REAL_PUBLIC_SOURCE,-0.07,-0.29,-0.129,0,25.4,0.33,0.0,0.48,0.25,0.35,0.03,LOW
REAL_WQ_189,Andhra Pradesh,Ntr,A.Konduru,Kakarla,80.6353,17.0561,2024,Pre-Monsoon,Pre-Monsoon,7.52,2483.0,1621.0,336.0,34.0,97.0,1.59,516.0,,,,872.3,IMD All-India Monsoon Series,2021.0,5919303.0,National Reported Water-Borne Disease Total,Rajya Sabha Unstarred Question No. 557,2021.0,CGWB Ground Water Quality Data (2024),2024.0,PARTIAL,REAL_PUBLIC_SOURCE,-0.07,-0.29,-0.061,0,31.2,0.33,0.2,0.48,0.25,0.35,0.19,MODERATE
REAL_WQ_190,Andhra Pradesh,Ntr,Gampalagudem,Gampala Gudem,80.5242,16.9996,2024,Pre-Monsoon,Pre-Monsoon,7.54,2235.0,1501.0,328.0,97.0,130.0,0.47,463.0,,,,872.3,IMD All-India Monsoon Series,2021.0,5919303.0,National Reported Water-Borne Disease Total,Rajya Sabha Unstarred Question No. 557,2021.0,CGWB Ground Water Quality Data (2024),2024.0,PARTIAL,REAL_PUBLIC_SOURCE,-0.07,-0.29,-0.046,0,36.5,0.33,0.4,0.48,0.25,0.35,0.22,MODERATE
REAL_WQ_191,Andhra Pradesh,Ntr,Gampalagudem,Veenagadapa,80.5312,16.9721,2024,Pre-Monsoon,Pre-Monsoon,7.45,2354.0,1296.0,256.0,46.0,121.0,0.46,323.0,,,,872.3,IMD All-India Monsoon Series,2021.0,5919303.0,National Reported Water-Borne Disease Total,Rajya Sabha Unstarred Question No. 557,2021.0,CGWB Ground Water Quality Data (2024),2024.0,PARTIAL,REAL_PUBLIC_SOURCE,-0.07,-0.29,-0.08,0,29.4,0.33,0.14,0.48,0.25,0.35,0.14,LOW
REAL_WQ_192,Andhra Pradesh,Ntr,Penuganchiprolu,Penuganchiprolu,80.2472,16.9019,2024,Pre-Monsoon,Pre-Monsoon,7.74,1460.0,866.0,125.0,36.0,77.0,0.58,308.0,,,,872.3,IMD All-India Monsoon Series,2021.0,5919303.0,National Reported Water-Borne Disease Total,Rajya Sabha Unstarred Question No. 557,2021.0,CGWB Ground Water Quality Data (2024),2024.0,PARTIAL,REAL_PUBLIC_SOURCE,-0.07,-0.29,-0.079,0,27.5,0.33,0.06,0.48,0.25,0.35,0.15,LOW
REAL_WQ_193,Andhra Pradesh,Ntr,Reddigudem,Kottareddigudem,80.7414,16.8768,2024,Pre-Monsoon,Pre-Monsoon,7.32,2190.0,1191.0,271.0,64.0,167.0,0.63,512.0,,,,872.3,IMD All-India Monsoon Series,2021.0,5919303.0,National Reported Water-Borne Disease Total,Rajya Sabha Unstarred Question No. 557,2021.0,CGWB Ground Water Quality Data (2024),2024.0,PARTIAL,REAL_PUBLIC_SOURCE,-0.07,-0.29,-0.079,0,31.0,0.33,0.2,0.48,0.25,0.35,0.15,MODERATE
REAL_WQ_194,Andhra Pradesh,Ntr,Tiruvuru,Tiruvur,80.6142,17.1143,2024,Pre-Monsoon,Pre-Monsoon,7.13,2147.0,1130.0,353.0,32.0,87.0,0.79,731.0,,,,872.3,IMD All-India Monsoon Series,2021.0,5919303.0,National Reported Water-Borne Disease Total,Rajya Sabha Unstarred Question No. 557,2021.0,CGWB Ground Water Quality Data (2024),2024.0,PARTIAL,REAL_PUBLIC_SOURCE,-0.07,-0.29,-0.066,0,28.8,0.33,0.1,0.48,0.25,0.35,0.18,LOW
REAL_WQ_195,Andhra Pradesh,Ntr,Vatsavai,Makkapeta,80.1915,16.9252,2024,Pre-Monsoon,Pre-Monsoon,7.43,1800.0,1048.0,196.0,107.0,108.0,1.41,432.0,,,,872.3,IMD All-India Monsoon Series,2021.0,5919303.0,National Reported Water-Borne Disease Total,Rajya Sabha Unstarred Question No. 557,2021.0,CGWB Ground Water Quality Data (2024),2024.0,PARTIAL,REAL_PUBLIC_SOURCE,-0.07,-0.29,-0.065,0,34.7,0.33,0.34,0.48,0.25,0.35,0.18,MODERATE
REAL_WQ_196,Andhra Pradesh,Ntr,Veerulapadu,Jagannathapuram,80.41,16.7295,2024,Pre-Monsoon,Pre-Monsoon,8.01,4358.0,2866.0,654.0,178.0,529.0,4.22,438.0,,,,872.3,IMD All-India Monsoon Series,2021.0,5919303.0,National Reported Water-Borne Disease Total,Rajya Sabha Unstarred Question No. 557,2021.0,CGWB Ground Water Quality Data (2024),2024.0,PARTIAL,REAL_PUBLIC_SOURCE,-0.07,-0.29,0.185,1,47.9,0.33,0.75,0.48,0.25,0.35,0.77,MODERATE
REAL_WQ_197,Andhra Pradesh,Ntr,Vissannapeta,Vissannapet-New,80.7835,16.942,2024,Pre-Monsoon,Pre-Monsoon,7.84,2503.0,1366.0,204.0,21.0,41.0,1.7,105.0,,,,872.3,IMD All-India Monsoon Series,2021.0,5919303.0,National Reported Water-Borne Disease Total,Rajya Sabha Unstarred Question No. 557,2021.0,CGWB Ground Water Quality Data (2024),2024.0,PARTIAL,REAL_PUBLIC_SOURCE,-0.07,-0.29,-0.029,0,30.8,0.33,0.17,0.48,0.25,0.35,0.26,MODERATE
REAL_WQ_198,Andhra Pradesh,Palnadu,Amaravati,Amravathi-Dw,80.36,16.5761,2024,Pre-Monsoon,Pre-Monsoon,7.6,2390.0,1415.0,237.0,32.0,140.0,0.97,238.0,,,,872.3,IMD All-India Monsoon Series,2021.0,5919303.0,National Reported Water-Borne Disease Total,Rajya Sabha Unstarred Question No. 557,2021.0,CGWB Ground Water Quality Data (2024),2024.0,PARTIAL,REAL_PUBLIC_SOURCE,-0.07,-0.29,-0.071,0,29.9,0.33,0.15,0.48,0.25,0.35,0.16,LOW
REAL_WQ_199,Andhra Pradesh,Palnadu,Amaravati,Narakullapodu-DW14,80.3664,16.5253,2024,Pre-Monsoon,Pre-Monsoon,7.51,2780.0,1694.0,260.0,89.0,356.0,0.72,546.0,,,,872.3,IMD All-India Monsoon Series,2021.0,5919303.0,National Reported Water-Borne Disease Total,Rajya Sabha Unstarred Question No. 557,2021.0,CGWB Ground Water Quality Data (2024),2024.0,PARTIAL,REAL_PUBLIC_SOURCE,-0.07,-0.29,-0.031,0,36.5,0.33,0.4,0.48,0.25,0.35,0.26,MODERATE
REAL_WQ_200,Andhra Pradesh,Palnadu,Amaravati,Ungutur,80.3078,16.3389,2024,Pre-Monsoon,Pre-Monsoon,7.1,1875.0,1042.0,207.0,23.0,103.0,0.19,325.0,,,,872.3,IMD All-India Monsoon Series,2021.0,5919303.0,National Reported Water-Borne Disease Total,Rajya Sabha Unstarred Question No. 557,2021.0,CGWB Ground Water Quality Data (2024),2024.0,PARTIAL,REAL_PUBLIC_SOURCE,-0.07,-0.29,-0.07,0,28.4,0.33,0.09,0.48,0.25,0.35,0.17,LOW
REAL_WQ_201,Andhra Pradesh,Palnadu,Amaravati,Zupudi,80.2589,16.5592,2024,Pre-Monsoon,Pre-Monsoon,7.4,1372.0,760.0,149.0,39.0,86.0,0.17,269.0,,,,872.3,IMD All-India Monsoon Series,2021.0,5919303.0,National Reported Water-Borne Disease Total,Rajya Sabha Unstarred Question No. 557,2021.0,CGWB Ground Water Quality Data (2024),2024.0,PARTIAL,REAL_PUBLIC_SOURCE,-0.07,-0.29,-0.108,0,26.7,0.33,0.04,0.48,0.25,0.35,0.08,LOW
REAL_WQ_202,Andhra Pradesh,Palnadu,Atchampeta,Krosur,80.1417,16.5422,2024,Pre-Monsoon,Pre-Monsoon,7.47,3051.0,1622.0,419.0,11.0,143.0,0.73,484.0,,,,872.3,IMD All-India Monsoon Series,2021.0,5919303.0,National Reported Water-Borne Disease Total,Rajya Sabha Unstarred Question No. 557,2021.0,CGWB Ground Water Quality Data (2024),2024.0,PARTIAL,REAL_PUBLIC_SOURCE,-0.07,-0.29,-0.046,0,31.1,0.33,0.19,0.48,0.25,0.35,0.22,MODERATE
REAL_WQ_203,Andhra Pradesh,Palnadu,Bellamkonda,Bellamkonda-DW13,80.0083,16.5083,2024,Pre-Monsoon,Pre-Monsoon,7.23,2740.0,1485.0,336.0,90.0,77.0,0.53,596.0,,,,872.3,IMD All-India Monsoon Series,2021.0,5919303.0,National Reported Water-Borne Disease Total,Rajya Sabha Unstarred Question No. 557,2021.0,CGWB Ground Water Quality Data (2024),2024.0,PARTIAL,REAL_PUBLIC_SOURCE,-0.07,-0.29,-0.03,0,35.8,0.33,0.37,0.48,0.25,0.35,0.26,MODERATE
REAL_WQ_204,Andhra Pradesh,Palnadu,Bellamkonda,Utukuru,80.0,16.5761,2024,Pre-Monsoon,Pre-Monsoon,6.95,3065.0,1774.0,450.0,73.0,295.0,0.24,691.0,,,,872.3,IMD All-India Monsoon Series,2021.0,5919303.0,National Reported Water-Borne Disease Total,Rajya Sabha Unstarred Question No. 557,2021.0,CGWB Ground Water Quality Data (2024),2024.0,PARTIAL,REAL_PUBLIC_SOURCE,-0.07,-0.29,0.016,1,35.6,0.33,0.34,0.48,0.25,0.35,0.37,MODERATE
REAL_WQ_205,Andhra Pradesh,Palnadu,Chilakaluripeta,Chilkaluripet-1,80.1517,16.0847,2024,Pre-Monsoon,Pre-Monsoon,7.53,1892.0,1118.0,193.0,11.0,149.0,0.2,326.0,,,,872.3,IMD All-India Monsoon Series,2021.0,5919303.0,National Reported Water-Borne Disease Total,Rajya Sabha Unstarred Question No. 557,2021.0,CGWB Ground Water Quality Data (2024),2024.0,PARTIAL,REAL_PUBLIC_SOURCE,-0.07,-0.29,-0.099,0,28.3,0.33,0.1,0.48,0.25,0.35,0.1,LOW
REAL_WQ_206,Andhra Pradesh,Palnadu,Chilakaluripeta,Timmapuram-Dw,80.2111,16.1356,2024,Pre-Monsoon,Pre-Monsoon,7.22,6312.0,3859.0,1308.0,560.0,310.0,0.96,924.0,,,,872.3,IMD All-India Monsoon Series,2021.0,5919303.0,National Reported Water-Borne Disease Total,Rajya Sabha Unstarred Question No. 557,2021.0,CGWB Ground Water Quality Data (2024),2024.0,PARTIAL,REAL_PUBLIC_SOURCE,-0.07,-0.29,0.215,1,42.0,0.33,0.5,0.48,0.25,0.35,0.84,MODERATE
REAL_WQ_207,Andhra Pradesh,Palnadu,Ipur,A Muppalla-DW14,79.8414,16.2372,2024,Pre-Monsoon,Pre-Monsoon,7.0,1601.0,965.0,163.0,54.0,78.0,0.71,327.0,,,,872.3,IMD All-India Monsoon Series,2021.0,5919303.0,National Reported Water-Borne Disease Total,Rajya Sabha Unstarred Question No. 557,2021.0,CGWB Ground Water Quality Data (2024),2024.0,PARTIAL,REAL_PUBLIC_SOURCE,-0.07,-0.29,-0.065,0,29.1,0.33,0.12,0.48,0.25,0.35,0.18,LOW
REAL_WQ_208,Andhra Pradesh,Palnadu,Krosuru,Pisapadu,80.145,16.4914,2024,Pre-Monsoon,Pre-Monsoon,7.63,3025.0,1929.0,364.0,207.0,216.0,2.36,352.0,,,,872.3,IMD All-India Monsoon Series,2021.0,5919303.0,National Reported Water-Borne Disease Total,Rajya Sabha Unstarred Question No. 557,2021.0,CGWB Ground Water Quality Data (2024),2024.0,PARTIAL,REAL_PUBLIC_SOURCE,-0.07,-0.29,0.083,1,42.8,0.33,0.6,0.48,0.25,0.35,0.53,MODERATE
REAL_WQ_209,Andhra Pradesh,Palnadu,Machavaram,Murjampadu,79.8833,16.5931,2024,Pre-Monsoon,Pre-Monsoon,7.57,1797.0,1010.0,194.0,59.0,112.0,1.07,312.0,,,,872.3,IMD All-India Monsoon Series,2021.0,5919303.0,National Reported Water-Borne Disease Total,Rajya Sabha Unstarred Question No. 557,2021.0,CGWB Ground Water Quality Data (2024),2024.0,PARTIAL,REAL_PUBLIC_SOURCE,-0.07,-0.29,-0.083,0,29.7,0.33,0.15,0.48,0.25,0.35,0.14,LOW
REAL_WQ_210,Andhra Pradesh,Palnadu,Nadendla,Nadendla,80.1843,16.1762,2024,Pre-Monsoon,Pre-Monsoon,7.4,2309.0,1243.0,224.0,151.0,143.0,0.62,361.0,,,,872.3,IMD All-India Monsoon Series,2021.0,5919303.0,National Reported Water-Borne Disease Total,Rajya Sabha Unstarred Question No. 557,2021.0,CGWB Ground Water Quality Data (2024),2024.0,PARTIAL,REAL_PUBLIC_SOURCE,-0.07,-0.29,-0.009,0,36.2,0.33,0.37,0.48,0.25,0.35,0.31,MODERATE
REAL_WQ_211,Andhra Pradesh,Palnadu,Nuzendla,Inovolu,79.6706,15.9997,2024,Pre-Monsoon,Pre-Monsoon,7.59,2280.0,1338.0,268.0,19.0,120.0,1.1,360.0,,,,872.3,IMD All-India Monsoon Series,2021.0,5919303.0,National Reported Water-Borne Disease Total,Rajya Sabha Unstarred Question No. 557,2021.0,CGWB Ground Water Quality Data (2024),2024.0,PARTIAL,REAL_PUBLIC_SOURCE,-0.07,-0.29,-0.08,0,29.5,0.33,0.14,0.48,0.25,0.35,0.14,LOW
REAL_WQ_212,Andhra Pradesh,Palnadu,Piduguralla,Bhrahmanpally,79.8279,16.5183,2024,Pre-Monsoon,Pre-Monsoon,7.31,3240.0,2049.0,502.0,187.0,273.0,1.36,520.0,,,,872.3,IMD All-India Monsoon Series,2021.0,5919303.0,National Reported Water-Borne Disease Total,Rajya Sabha Unstarred Question No. 557,2021.0,CGWB Ground Water Quality Data (2024),2024.0,PARTIAL,REAL_PUBLIC_SOURCE,-0.07,-0.29,0.08,1,40.4,0.33,0.5,0.48,0.25,0.35,0.52,MODERATE
REAL_WQ_213,Andhra Pradesh,Palnadu,Piduguralla,Brahmanapally-Dw,79.8361,16.5422,2024,Pre-Monsoon,Pre-Monsoon,7.33,1721.0,921.0,151.0,85.0,94.0,0.34,365.0,,,,872.3,IMD All-India Monsoon Series,2021.0,5919303.0,National Reported Water-Borne Disease Total,Rajya Sabha Unstarred Question No. 557,2021.0,CGWB Ground Water Quality Data (2024),2024.0,PARTIAL,REAL_PUBLIC_SOURCE,-0.07,-0.29,-0.079,0,32.3,0.33,0.25,0.48,0.25,0.35,0.15,MODERATE
REAL_WQ_214,Andhra Pradesh,Palnadu,Piduguralla,Guttikonda,79.8361,16.4236,2024,Pre-Monsoon,Pre-Monsoon,7.55,2288.0,1363.0,207.0,36.0,96.0,0.31,278.0,,,,872.3,IMD All-India Monsoon Series,2021.0,5919303.0,National Reported Water-Borne Disease Total,Rajya Sabha Unstarred Question No. 557,2021.0,CGWB Ground Water Quality Data (2024),2024.0,PARTIAL,REAL_PUBLIC_SOURCE,-0.07,-0.29,-0.076,0,29.6,0.33,0.14,0.48,0.25,0.35,0.15,LOW
REAL_WQ_215,Andhra Pradesh,Palnadu,Piduguralla,Thummalacheruvu,79.7989,16.5253,2024,Pre-Monsoon,Pre-Monsoon,7.88,732.0,395.0,55.0,0.0,52.0,1.2,126.0,,,,872.3,IMD All-India Monsoon Series,2021.0,5919303.0,National Reported Water-Borne Disease Total,Rajya Sabha Unstarred Question No. 557,2021.0,CGWB Ground Water Quality Data (2024),2024.0,PARTIAL,REAL_PUBLIC_SOURCE,-0.07,-0.29,-0.079,0,26.0,0.33,0.0,0.48,0.25,0.35,0.15,LOW
REAL_WQ_216,Andhra Pradesh,Palnadu,Rentachintala,Rentachintala,79.5494,16.5592,2024,Pre-Monsoon,Pre-Monsoon,7.53,953.0,474.0,64.0,9.0,81.0,0.56,241.0,,,,872.3,IMD All-India Monsoon Series,2021.0,5919303.0,National Reported Water-Borne Disease Total,Rajya Sabha Unstarred Question No. 557,2021.0,CGWB Ground Water Quality Data (2024),2024.0,PARTIAL,REAL_PUBLIC_SOURCE,-0.07,-0.29,-0.125,0,25.5,0.33,0.0,0.48,0.25,0.35,0.04,LOW
REAL_WQ_217,Andhra Pradesh,Palnadu,Rentachintala,Tummurukota,79.4611,16.5583,2024,Pre-Monsoon,Pre-Monsoon,7.52,938.0,515.0,62.0,4.0,87.0,0.45,268.0,,,,872.3,IMD All-India Monsoon Series,2021.0,5919303.0,National Reported Water-Borne Disease Total,Rajya Sabha Unstarred Question No. 557,2021.0,CGWB Ground Water Quality Data (2024),2024.0,PARTIAL,REAL_PUBLIC_SOURCE,-0.07,-0.29,-0.127,0,25.5,0.33,0.0,0.48,0.25,0.35,0.03,LOW
REAL_WQ_218,Andhra Pradesh,Palnadu,Rompicherla2,Rompicherla,79.9133,16.21,2024,Pre-Monsoon,Pre-Monsoon,7.42,3580.0,2084.0,474.0,65.0,212.0,2.03,484.0,,,,872.3,IMD All-India Monsoon Series,2021.0,5919303.0,National Reported Water-Borne Disease Total,Rajya Sabha Unstarred Question No. 557,2021.0,CGWB Ground Water Quality Data (2024),2024.0,PARTIAL,REAL_PUBLIC_SOURCE,-0.07,-0.29,0.0,1,37.1,0.33,0.41,0.48,0.25,0.35,0.33,MODERATE
REAL_WQ_219,Andhra Pradesh,Palnadu,Rompicherla2,Rompicherla Pz,79.9049,16.2128,2024,Pre-Monsoon,Pre-Monsoon,7.55,1610.0,984.0,130.0,79.0,110.0,1.87,411.0,,,,872.3,IMD All-India Monsoon Series,2021.0,5919303.0,National Reported Water-Borne Disease Total,Rajya Sabha Unstarred Question No. 557,2021.0,CGWB Ground Water Quality Data (2024),2024.0,PARTIAL,REAL_PUBLIC_SOURCE,-0.07,-0.29,-0.073,0,33.1,0.33,0.28,0.48,0.25,0.35,0.16,MODERATE
REAL_WQ_220,Andhra Pradesh,Palnadu,Rompicherla2,Santagudipadu,79.9141,16.2534,2024,Pre-Monsoon,Pre-Monsoon,7.39,4426.0,2723.0,850.0,139.0,474.0,2.78,742.0,,,,872.3,IMD All-India Monsoon Series,2021.0,5919303.0,National Reported Water-Borne Disease Total,Rajya Sabha Unstarred Question No. 557,2021.0,CGWB Ground Water Quality Data (2024),2024.0,PARTIAL,REAL_PUBLIC_SOURCE,-0.07,-0.29,0.083,1,44.4,0.33,0.66,0.48,0.25,0.35,0.53,MODERATE
REAL_WQ_221,Andhra Pradesh,Palnadu,Sattenapalle,Rentapalle,80.1364,16.4713,2024,Pre-Monsoon,Pre-Monsoon,7.36,1812.0,1082.0,228.0,99.0,137.0,0.95,507.0,,,,872.3,IMD All-India Monsoon Series,2021.0,5919303.0,National Reported Water-Borne Disease Total,Rajya Sabha Unstarred Question No. 557,2021.0,CGWB Ground Water Quality Data (2024),2024.0,PARTIAL,REAL_PUBLIC_SOURCE,-0.07,-0.29,-0.077,0,34.6,0.33,0.34,0.48,0.25,0.35,0.15,MODERATE
REAL_WQ_222,Andhra Pradesh,Palnadu,Sattenapalle,Sattenapalli,80.1479,16.4063,2024,Pre-Monsoon,Pre-Monsoon,7.56,2725.0,1669.0,357.0,81.0,258.0,1.01,405.0,,,,872.3,IMD All-India Monsoon Series,2021.0,5919303.0,National Reported Water-Borne Disease Total,Rajya Sabha Unstarred Question No. 557,2021.0,CGWB Ground Water Quality Data (2024),2024.0,PARTIAL,REAL_PUBLIC_SOURCE,-0.07,-0.29,-0.028,0,35.6,0.33,0.36,0.48,0.25,0.35,0.27,MODERATE
REAL_WQ_223,Andhra Pradesh,Palnadu,Thulluru,Vykuntapuram,80.4128,16.5592,2024,Pre-Monsoon,Pre-Monsoon,7.49,2124.0,1257.0,165.0,65.0,154.0,0.23,411.0,,,,872.3,IMD All-India Monsoon Series,2021.0,5919303.0,National Reported Water-Borne Disease Total,Rajya Sabha Unstarred Question No. 557,2021.0,CGWB Ground Water Quality Data (2024),2024.0,PARTIAL,REAL_PUBLIC_SOURCE,-0.07,-0.29,-0.081,0,31.4,0.33,0.22,0.48,0.25,0.35,0.14,MODERATE
REAL_WQ_224,Andhra Pradesh,Palnadu,Veldurthi1,Sirigiripadu-alt,79.3263,16.3043,2024,Pre-Monsoon,Pre-Monsoon,7.46,3060.0,1927.0,439.0,70.0,230.0,0.49,420.0,,,,872.3,IMD All-India Monsoon Series,2021.0,5919303.0,National Reported Water-Borne Disease Total,Rajya Sabha Unstarred Question No. 557,2021.0,CGWB Ground Water Quality Data (2024),2024.0,PARTIAL,REAL_PUBLIC_SOURCE,-0.07,-0.29,-0.027,0,35.4,0.33,0.35,0.48,0.25,0.35,0.27,MODERATE
REAL_WQ_225,Andhra Pradesh,Palnadu,Veldurti,Mandadi,79.4069,16.4067,2024,Pre-Monsoon,Pre-Monsoon,7.55,3094.0,1860.0,519.0,74.0,226.0,0.39,387.0,,,,872.3,IMD All-India Monsoon Series,2021.0,5919303.0,National Reported Water-Borne Disease Total,Rajya Sabha Unstarred Question No. 557,2021.0,CGWB Ground Water Quality Data (2024),2024.0,PARTIAL,REAL_PUBLIC_SOURCE,-0.07,-0.29,-0.024,0,35.6,0.33,0.36,0.48,0.25,0.35,0.28,MODERATE
REAL_WQ_226,Andhra Pradesh,Palnadu,Vinukonda,Enugupalem,79.8268,16.0206,2024,Pre-Monsoon,Pre-Monsoon,7.38,3484.0,1785.0,511.0,95.0,247.0,0.93,449.0,,,,872.3,IMD All-India Monsoon Series,2021.0,5919303.0,National Reported Water-Borne Disease Total,Rajya Sabha Unstarred Question No. 557,2021.0,CGWB Ground Water Quality Data (2024),2024.0,PARTIAL,REAL_PUBLIC_SOURCE,-0.07,-0.29,-0.006,0,37.9,0.33,0.44,0.48,0.25,0.35,0.32,MODERATE
REAL_WQ_227,Andhra Pradesh,Palnadu,Vinukonda,Vellatur,79.6506,16.1186,2024,Pre-Monsoon,Pre-Monsoon,7.26,1946.0,970.0,157.0,93.0,104.0,0.68,389.0,,,,872.3,IMD All-India Monsoon Series,2021.0,5919303.0,National Reported Water-Borne Disease Total,Rajya Sabha Unstarred Question No. 557,2021.0,CGWB Ground Water Quality Data (2024),2024.0,PARTIAL,REAL_PUBLIC_SOURCE,-0.07,-0.29,-0.073,0,33.5,0.33,0.3,0.48,0.25,0.35,0.16,MODERATE
REAL_WQ_228,Andhra Pradesh,Prakasam,Ardhaveedu,Velagalapaya,78.9345,15.7697,2024,Pre-Monsoon,Pre-Monsoon,7.39,1192.0,686.0,110.0,10.0,37.0,0.83,370.0,,,,872.3,IMD All-India Monsoon Series,2021.0,5919303.0,National Reported Water-Borne Disease Total,Rajya Sabha Unstarred Question No. 557,2021.0,CGWB Ground Water Quality Data (2024),2024.0,PARTIAL,REAL_PUBLIC_SOURCE,-0.07,-0.29,-0.123,0,26.2,0.33,0.03,0.48,0.25,0.35,0.04,LOW
REAL_WQ_229,Andhra Pradesh,Prakasam,Bestavaripeta,Bestavaripeta,79.0553,15.5144,2024,Pre-Monsoon,Pre-Monsoon,7.4,2394.0,1416.0,313.0,96.0,186.0,0.94,770.0,,,,872.3,IMD All-India Monsoon Series,2021.0,5919303.0,National Reported Water-Borne Disease Total,Rajya Sabha Unstarred Question No. 557,2021.0,CGWB Ground Water Quality Data (2024),2024.0,PARTIAL,REAL_PUBLIC_SOURCE,-0.07,-0.29,-0.06,0,35.8,0.33,0.38,0.48,0.25,0.35,0.19,MODERATE
REAL_WQ_230,Andhra Pradesh,Prakasam,Chimakurti,Pallamalli,79.9044,15.6496,2024,Pre-Monsoon,Pre-Monsoon,7.28,1382.0,788.0,105.0,145.0,47.0,0.85,192.0,,,,872.3,IMD All-India Monsoon Series,2021.0,5919303.0,National Reported Water-Borne Disease Total,Rajya Sabha Unstarred Question No. 557,2021.0,CGWB Ground Water Quality Data (2024),2024.0,PARTIAL,REAL_PUBLIC_SOURCE,-0.07,-0.29,-0.026,0,34.1,0.33,0.3,0.48,0.25,0.35,0.27,MODERATE
REAL_WQ_231,Andhra Pradesh,Prakasam,Cumbum,Ravipadu,79.1519,15.5732,2024,Pre-Monsoon,Pre-Monsoon,7.58,1004.0,755.0,99.0,71.0,37.0,0.82,243.0,,,,872.3,IMD All-India Monsoon Series,2021.0,5919303.0,National Reported Water-Borne Disease Total,Rajya Sabha Unstarred Question No. 557,2021.0,CGWB Ground Water Quality Data (2024),2024.0,PARTIAL,REAL_PUBLIC_SOURCE,-0.07,-0.29,-0.069,0,30.1,0.33,0.16,0.48,0.25,0.35,0.17,MODERATE
REAL_WQ_232,Andhra Pradesh,Prakasam,Darsi,Botla Palem,79.7699,15.7329,2024,Pre-Monsoon,Pre-Monsoon,7.73,990.0,498.0,176.0,5.0,65.0,0.11,360.0,,,,872.3,IMD All-India Monsoon Series,2021.0,5919303.0,National Reported Water-Borne Disease Total,Rajya Sabha Unstarred Question No. 557,2021.0,CGWB Ground Water Quality Data (2024),2024.0,PARTIAL,REAL_PUBLIC_SOURCE,-0.07,-0.29,-0.106,0,25.7,0.33,0.0,0.48,0.25,0.35,0.08,LOW
REAL_WQ_233,Andhra Pradesh,Prakasam,Darsi,Darsi-new,79.6783,15.8133,2024,Pre-Monsoon,Pre-Monsoon,7.05,1520.0,838.0,86.0,10.0,102.0,1.48,348.0,,,,872.3,IMD All-India Monsoon Series,2021.0,5919303.0,National Reported Water-Borne Disease Total,Rajya Sabha Unstarred Question No. 557,2021.0,CGWB Ground Water Quality Data (2024),2024.0,PARTIAL,REAL_PUBLIC_SOURCE,-0.07,-0.29,-0.082,0,27.4,0.33,0.06,0.48,0.25,0.35,0.14,LOW
REAL_WQ_234,Andhra Pradesh,Prakasam,Donakonda,Donakonda,79.4847,15.8331,2024,Pre-Monsoon,Pre-Monsoon,7.29,1550.0,855.0,222.0,9.0,10.0,0.97,214.0,,,,872.3,IMD All-India Monsoon Series,2021.0,5919303.0,National Reported Water-Borne Disease Total,Rajya Sabha Unstarred Question No. 557,2021.0,CGWB Ground Water Quality Data (2024),2024.0,PARTIAL,REAL_PUBLIC_SOURCE,-0.07,-0.29,-0.112,0,27.1,0.33,0.06,0.48,0.25,0.35,0.07,LOW
REAL_WQ_235,Andhra Pradesh,Prakasam,Donakonda,P Venkatapuram,79.4762,15.7625,2024,Pre-Monsoon,Pre-Monsoon,7.61,1823.0,1044.0,118.0,82.0,126.0,3.1,516.0,,,,872.3,IMD All-India Monsoon Series,2021.0,5919303.0,National Reported Water-Borne Disease Total,Rajya Sabha Unstarred Question No. 557,2021.0,CGWB Ground Water Quality Data (2024),2024.0,PARTIAL,REAL_PUBLIC_SOURCE,-0.07,-0.29,-0.06,0,37.7,0.33,0.46,0.48,0.25,0.35,0.19,MODERATE
REAL_WQ_236,Andhra Pradesh,Prakasam,Donakonda,Rudrasamudram,79.3969,15.8375,2024,Pre-Monsoon,Pre-Monsoon,7.46,1188.0,569.0,65.0,13.0,43.0,1.44,331.0,,,,872.3,IMD All-India Monsoon Series,2021.0,5919303.0,National Reported Water-Borne Disease Total,Rajya Sabha Unstarred Question No. 557,2021.0,CGWB Ground Water Quality Data (2024),2024.0,PARTIAL,REAL_PUBLIC_SOURCE,-0.07,-0.29,-0.122,0,25.8,0.33,0.01,0.48,0.25,0.35,0.05,LOW
REAL_WQ_237,Andhra Pradesh,Prakasam,Giddalur,Mundlapadu,78.9009,15.3312,2024,Pre-Monsoon,Pre-Monsoon,7.9,1053.0,554.0,40.0,9.0,21.0,1.51,187.0,,,,872.3,IMD All-India Monsoon Series,2021.0,5919303.0,National Reported Water-Borne Disease Total,Rajya Sabha Unstarred Question No. 557,2021.0,CGWB Ground Water Quality Data (2024),2024.0,PARTIAL,REAL_PUBLIC_SOURCE,-0.07,-0.29,-0.072,0,26.3,0.33,0.01,0.48,0.25,0.35,0.16,LOW
REAL_WQ_238,Andhra Pradesh,Prakasam,H,M Padu Thimmareddypalli,79.3696,15.4839,2024,Pre-Monsoon,Pre-Monsoon,7.18,1556.0,889.0,222.0,33.0,81.0,0.82,226.0,,,,872.3,IMD All-India Monsoon Series,2021.0,5919303.0,National Reported Water-Borne Disease Total,Rajya Sabha Unstarred Question No. 557,2021.0,CGWB Ground Water Quality Data (2024),2024.0,PARTIAL,REAL_PUBLIC_SOURCE,-0.07,-0.29,-0.089,0,27.5,0.33,0.06,0.48,0.25,0.35,0.12,LOW
REAL_WQ_239,Andhra Pradesh,Prakasam,Hanumanthunipadu,Nandanavanam,79.2733,15.4669,2024,Pre-Monsoon,Pre-Monsoon,7.6,1813.0,986.0,81.0,6.0,37.0,1.45,391.0,,,,872.3,IMD All-India Monsoon Series,2021.0,5919303.0,National Reported Water-Borne Disease Total,Rajya Sabha Unstarred Question No. 557,2021.0,CGWB Ground Water Quality Data (2024),2024.0,PARTIAL,REAL_PUBLIC_SOURCE,-0.07,-0.29,-0.101,0,27.8,0.33,0.08,0.48,0.25,0.35,0.09,LOW
REAL_WQ_240,Andhra Pradesh,Prakasam,Kanigiri,Pedda Alavalapadu-DW14,79.6233,15.3389,2024,Pre-Monsoon,Pre-Monsoon,7.74,1554.0,845.0,252.0,42.0,99.0,0.5,378.0,,,,872.3,IMD All-India Monsoon Series,2021.0,5919303.0,National Reported Water-Borne Disease Total,Rajya Sabha Unstarred Question No. 557,2021.0,CGWB Ground Water Quality Data (2024),2024.0,PARTIAL,REAL_PUBLIC_SOURCE,-0.07,-0.29,-0.075,0,27.5,0.33,0.06,0.48,0.25,0.35,0.16,LOW
REAL_WQ_241,Andhra Pradesh,Prakasam,Komarolu,Suryavaripalli (Bedusupalle),78.9656,15.2758,2024,Pre-Monsoon,Pre-Monsoon,7.32,1302.0,753.0,126.0,16.0,38.0,1.34,539.0,,,,872.3,IMD All-India Monsoon Series,2021.0,5919303.0,National Reported Water-Borne Disease Total,Rajya Sabha Unstarred Question No. 557,2021.0,CGWB Ground Water Quality Data (2024),2024.0,PARTIAL,REAL_PUBLIC_SOURCE,-0.07,-0.29,-0.112,0,26.7,0.33,0.04,0.48,0.25,0.35,0.07,LOW
REAL_WQ_242,Andhra Pradesh,Prakasam,Konakanimitla,Choutapalli,79.43,15.66,2024,Pre-Monsoon,Pre-Monsoon,7.59,425.0,251.0,14.0,25.0,11.0,0.39,141.0,,,,872.3,IMD All-India Monsoon Series,2021.0,5919303.0,National Reported Water-Borne Disease Total,Rajya Sabha Unstarred Question No. 557,2021.0,CGWB Ground Water Quality Data (2024),2024.0,PARTIAL,REAL_PUBLIC_SOURCE,-0.07,-0.29,-0.093,0,25.8,0.33,0.0,0.48,0.25,0.35,0.11,LOW
REAL_WQ_243,Andhra Pradesh,Prakasam,Kondepi,Kondepi,79.8681,15.4133,2024,Pre-Monsoon,Pre-Monsoon,7.53,1866.0,1119.0,84.0,44.0,68.0,1.64,295.0,,,,872.3,IMD All-India Monsoon Series,2021.0,5919303.0,National Reported Water-Borne Disease Total,Rajya Sabha Unstarred Question No. 557,2021.0,CGWB Ground Water Quality Data (2024),2024.0,PARTIAL,REAL_PUBLIC_SOURCE,-0.07,-0.29,-0.092,0,28.9,0.33,0.12,0.48,0.25,0.35,0.12,LOW
REAL_WQ_244,Andhra Pradesh,Prakasam,Kurichedu,Gollapalli,79.4792,15.9319,2024,Pre-Monsoon,Pre-Monsoon,7.04,1653.0,960.0,199.0,41.0,101.0,0.55,400.0,,,,872.3,IMD All-India Monsoon Series,2021.0,5919303.0,National Reported Water-Borne Disease Total,Rajya Sabha Unstarred Question No. 557,2021.0,CGWB Ground Water Quality Data (2024),2024.0,PARTIAL,REAL_PUBLIC_SOURCE,-0.07,-0.29,-0.076,0,27.9,0.33,0.08,0.48,0.25,0.35,0.15,LOW
REAL_WQ_245,Andhra Pradesh,Prakasam,Kurichedu,Vengaiahpalem,79.5939,15.9319,2024,Pre-Monsoon,Pre-Monsoon,7.85,1593.0,896.0,101.0,26.0,84.0,1.24,483.0,,,,872.3,IMD All-India Monsoon Series,2021.0,5919303.0,National Reported Water-Borne Disease Total,Rajya Sabha Unstarred Question No. 557,2021.0,CGWB Ground Water Quality Data (2024),2024.0,PARTIAL,REAL_PUBLIC_SOURCE,-0.07,-0.29,-0.062,0,27.8,0.33,0.07,0.48,0.25,0.35,0.19,LOW
REAL_WQ_246,Andhra Pradesh,Prakasam,Maddipadu,Maddipadu,80.0183,15.625,2024,Pre-Monsoon,Pre-Monsoon,7.5,1220.0,756.0,119.0,40.0,89.0,0.38,219.0,,,,872.3,IMD All-India Monsoon Series,2021.0,5919303.0,National Reported Water-Borne Disease Total,Rajya Sabha Unstarred Question No. 557,2021.0,CGWB Ground Water Quality Data (2024),2024.0,PARTIAL,REAL_PUBLIC_SOURCE,-0.07,-0.29,-0.102,0,26.8,0.33,0.04,0.48,0.25,0.35,0.09,LOW
REAL_WQ_247,Andhra Pradesh,Prakasam,Markapur,Gajjalakonda,79.3956,15.7425,2024,Pre-Monsoon,Pre-Monsoon,7.51,1280.0,853.0,116.0,75.0,65.0,1.48,375.0,,,,872.3,IMD All-India Monsoon Series,2021.0,5919303.0,National Reported Water-Borne Disease Total,Rajya Sabha Unstarred Question No. 557,2021.0,CGWB Ground Water Quality Data (2024),2024.0,PARTIAL,REAL_PUBLIC_SOURCE,-0.07,-0.29,-0.088,0,30.8,0.33,0.2,0.48,0.25,0.35,0.13,MODERATE
REAL_WQ_248,Andhra Pradesh,Prakasam,Markapur,Kondivanipalle,79.31,15.73,2024,Pre-Monsoon,Pre-Monsoon,7.18,897.0,480.0,44.0,10.0,12.0,0.29,261.0,,,,872.3,IMD All-India Monsoon Series,2021.0,5919303.0,National Reported Water-Borne Disease Total,Rajya Sabha Unstarred Question No. 557,2021.0,CGWB Ground Water Quality Data (2024),2024.0,PARTIAL,REAL_PUBLIC_SOURCE,-0.07,-0.29,-0.111,0,25.6,0.33,0.0,0.48,0.25,0.35,0.07,LOW
REAL_WQ_249,Andhra Pradesh,Prakasam,Marripudi,Juvvigunta,79.7289,15.4339,2024,Pre-Monsoon,Pre-Monsoon,7.75,1467.0,795.0,42.0,57.0,54.0,1.44,303.0,,,,872.3,IMD All-India Monsoon Series,2021.0,5919303.0,National Reported Water-Borne Disease Total,Rajya Sabha Unstarred Question No. 557,2021.0,CGWB Ground Water Quality Data (2024),2024.0,PARTIAL,REAL_PUBLIC_SOURCE,-0.07,-0.29,-0.063,0,28.8,0.33,0.1,0.48,0.25,0.35,0.18,LOW
REAL_WQ_250,Andhra Pradesh,Prakasam,Mundlamuru,Umamaheswarapuram,79.8265,15.8385,2024,Pre-Monsoon,Pre-Monsoon,7.51,1300.0,753.0,116.0,94.0,41.0,2.08,328.0,,,,872.3,IMD All-India Monsoon Series,2021.0,5919303.0,National Reported Water-Borne Disease Total,Rajya Sabha Unstarred Question No. 557,2021.0,CGWB Ground Water Quality Data (2024),2024.0,PARTIAL,REAL_PUBLIC_SOURCE,-0.07,-0.29,-0.069,0,34.5,0.33,0.34,0.48,0.25,0.35,0.17,MODERATE
REAL_WQ_251,Andhra Pradesh,Prakasam,P,C Palli Guntu Palle,79.5308,15.1504,2024,Pre-Monsoon,Pre-Monsoon,7.67,1313.0,941.0,46.0,33.0,94.0,1.48,125.0,,,,872.3,IMD All-India Monsoon Series,2021.0,5919303.0,National Reported Water-Borne Disease Total,Rajya Sabha Unstarred Question No. 557,2021.0,CGWB Ground Water Quality Data (2024),2024.0,PARTIAL,REAL_PUBLIC_SOURCE,-0.07,-0.29,-0.098,0,27.6,0.33,0.07,0.48,0.25,0.35,0.1,LOW
REAL_WQ_252,Andhra Pradesh,Prakasam,P,C Palli P C Palli,79.5744,15.2703,2024,Pre-Monsoon,Pre-Monsoon,7.5,805.0,451.0,48.0,1.0,78.0,0.04,195.0,,,,872.3,IMD All-India Monsoon Series,2021.0,5919303.0,National Reported Water-Borne Disease Total,Rajya Sabha Unstarred Question No. 557,2021.0,CGWB Ground Water Quality Data (2024),2024.0,PARTIAL,REAL_PUBLIC_SOURCE,-0.07,-0.29,-0.123,0,25.5,0.33,0.0,0.48,0.25,0.35,0.04,LOW
REAL_WQ_253,Andhra Pradesh,Prakasam,Peda,Araveedu Sanikavaram,79.1744,15.9061,2024,Pre-Monsoon,Pre-Monsoon,7.3,936.0,514.0,85.0,24.0,10.0,0.25,258.0,,,,872.3,IMD All-India Monsoon Series,2021.0,5919303.0,National Reported Water-Borne Disease Total,Rajya Sabha Unstarred Question No. 557,2021.0,CGWB Ground Water Quality Data (2024),2024.0,PARTIAL,REAL_PUBLIC_SOURCE,-0.07,-0.29,-0.118,0,25.6,0.33,0.0,0.48,0.25,0.35,0.05,LOW
REAL_WQ_254,Andhra Pradesh,Prakasam,Peda,Araveedu Thokapalle,79.2849,15.8846,2024,Pre-Monsoon,Pre-Monsoon,7.57,1560.0,905.0,182.0,66.0,124.0,0.9,452.0,,,,872.3,IMD All-India Monsoon Series,2021.0,5919303.0,National Reported Water-Borne Disease Total,Rajya Sabha Unstarred Question No. 557,2021.0,CGWB Ground Water Quality Data (2024),2024.0,PARTIAL,REAL_PUBLIC_SOURCE,-0.07,-0.29,-0.081,0,30.0,0.33,0.16,0.48,0.25,0.35,0.14,LOW
REAL_WQ_255,Andhra Pradesh,Prakasam,Podili,Katurivaripalem,79.6398,15.598,2024,Pre-Monsoon,Pre-Monsoon,6.85,1450.0,887.0,68.0,149.0,66.0,1.2,401.0,,,,872.3,IMD All-India Monsoon Series,2021.0,5919303.0,National Reported Water-Borne Disease Total,Rajya Sabha Unstarred Question No. 557,2021.0,CGWB Ground Water Quality Data (2024),2024.0,PARTIAL,REAL_PUBLIC_SOURCE,-0.07,-0.29,0.051,1,35.4,0.33,0.31,0.48,0.25,0.35,0.45,MODERATE
REAL_WQ_256,Andhra Pradesh,Prakasam,Podoli,AGRAHARAM,79.7267,15.5933,2024,Pre-Monsoon,Pre-Monsoon,7.27,1920.0,1158.0,168.0,300.0,69.0,0.76,653.0,,,,872.3,IMD All-India Monsoon Series,2021.0,5919303.0,National Reported Water-Borne Disease Total,Rajya Sabha Unstarred Question No. 557,2021.0,CGWB Ground Water Quality Data (2024),2024.0,PARTIAL,REAL_PUBLIC_SOURCE,-0.07,-0.29,0.097,1,37.1,0.33,0.36,0.48,0.25,0.35,0.56,MODERATE
REAL_WQ_257,Andhra Pradesh,Prakasam,Ponnaluru,Malepadu,79.7106,15.2397,2024,Pre-Monsoon,Pre-Monsoon,8.55,2252.0,1281.0,195.0,49.0,48.0,1.01,421.0,,,,872.3,IMD All-India Monsoon Series,2021.0,5919303.0,National Reported Water-Borne Disease Total,Rajya Sabha Unstarred Question No. 557,2021.0,CGWB Ground Water Quality Data (2024),2024.0,PARTIAL,REAL_PUBLIC_SOURCE,-0.07,-0.29,0.071,1,31.6,0.33,0.15,0.48,0.25,0.35,0.5,MODERATE
REAL_WQ_258,Andhra Pradesh,Prakasam,Ponnaluru,Venkupalem,79.7469,15.3022,2024,Pre-Monsoon,Pre-Monsoon,7.79,2003.0,1260.0,174.0,4.0,217.0,1.19,344.0,,,,872.3,IMD All-India Monsoon Series,2021.0,5919303.0,National Reported Water-Borne Disease Total,Rajya Sabha Unstarred Question No. 557,2021.0,CGWB Ground Water Quality Data (2024),2024.0,PARTIAL,REAL_PUBLIC_SOURCE,-0.07,-0.29,-0.059,0,29.4,0.33,0.13,0.48,0.25,0.35,0.19,LOW
REAL_WQ_259,Andhra Pradesh,Prakasam,Racherla,Ankireddypalle,78.97,15.45,2024,Pre-Monsoon,Pre-Monsoon,7.37,1281.0,754.0,79.0,56.0,42.0,0.69,345.0,,,,872.3,IMD All-India Monsoon Series,2021.0,5919303.0,National Reported Water-Borne Disease Total,Rajya Sabha Unstarred Question No. 557,2021.0,CGWB Ground Water Quality Data (2024),2024.0,PARTIAL,REAL_PUBLIC_SOURCE,-0.07,-0.29,-0.097,0,28.1,0.33,0.09,0.48,0.25,0.35,0.1,LOW
REAL_WQ_260,Andhra Pradesh,Prakasam,Racherla,Turumella,78.9833,15.5422,2024,Pre-Monsoon,Pre-Monsoon,7.4,1909.0,1091.0,151.0,60.0,116.0,0.31,97.0,,,,872.3,IMD All-India Monsoon Series,2021.0,5919303.0,National Reported Water-Borne Disease Total,Rajya Sabha Unstarred Question No. 557,2021.0,CGWB Ground Water Quality Data (2024),2024.0,PARTIAL,REAL_PUBLIC_SOURCE,-0.07,-0.29,-0.096,0,30.0,0.33,0.17,0.48,0.25,0.35,0.11,LOW
REAL_WQ_261,Andhra Pradesh,Prakasam,Santhanuthalapadu,Chilkapadu,79.9067,15.4783,2024,Pre-Monsoon,Pre-Monsoon,7.43,823.0,460.0,40.0,72.0,40.0,0.51,312.0,,,,872.3,IMD All-India Monsoon Series,2021.0,5919303.0,National Reported Water-Borne Disease Total,Rajya Sabha Unstarred Question No. 557,2021.0,CGWB Ground Water Quality Data (2024),2024.0,PARTIAL,REAL_PUBLIC_SOURCE,-0.07,-0.29,-0.088,0,29.0,0.33,0.12,0.48,0.25,0.35,0.12,LOW
REAL_WQ_262,Andhra Pradesh,Prakasam,Santhanuthalapadu,Pernamitta,80.0,15.53,2024,Pre-Monsoon,Pre-Monsoon,7.02,1552.0,862.0,213.0,69.0,35.0,0.9,431.0,,,,872.3,IMD All-India Monsoon Series,2021.0,5919303.0,National Reported Water-Borne Disease Total,Rajya Sabha Unstarred Question No. 557,2021.0,CGWB Ground Water Quality Data (2024),2024.0,PARTIAL,REAL_PUBLIC_SOURCE,-0.07,-0.29,-0.056,0,30.5,0.33,0.17,0.48,0.25,0.35,0.2,MODERATE
REAL_WQ_263,Andhra Pradesh,Prakasam,Tripurantakam,Dhupadu,79.3669,15.9164,2024,Pre-Monsoon,Pre-Monsoon,7.36,2813.0,1479.0,342.0,87.0,134.0,1.53,581.0,,,,872.3,IMD All-India Monsoon Series,2021.0,5919303.0,National Reported Water-Borne Disease Total,Rajya Sabha Unstarred Question No. 557,2021.0,CGWB Ground Water Quality Data (2024),2024.0,PARTIAL,REAL_PUBLIC_SOURCE,-0.07,-0.29,-0.037,0,35.4,0.33,0.36,0.48,0.25,0.35,0.25,MODERATE
REAL_WQ_264,Andhra Pradesh,Prakasam,Tripurantakam,Guttalaumadivrm,79.5625,16.0,2024,Pre-Monsoon,Pre-Monsoon,7.04,10890.0,6197.0,2782.0,141.0,700.0,0.97,1611.0,,,,872.3,IMD All-India Monsoon Series,2021.0,5919303.0,National Reported Water-Borne Disease Total,Rajya Sabha Unstarred Question No. 557,2021.0,CGWB Ground Water Quality Data (2024),2024.0,PARTIAL,REAL_PUBLIC_SOURCE,-0.07,-0.29,0.277,1,42.7,0.33,0.5,0.48,0.25,0.35,0.99,MODERATE
REAL_WQ_265,Andhra Pradesh,Prakasam,Veligandla,Kanigiri,79.3489,15.3933,2024,Pre-Monsoon,Pre-Monsoon,7.0,1622.0,1052.0,23.0,125.0,58.0,3.04,72.0,,,,872.3,IMD All-India Monsoon Series,2021.0,5919303.0,National Reported Water-Borne Disease Total,Rajya Sabha Unstarred Question No. 557,2021.0,CGWB Ground Water Quality Data (2024),2024.0,PARTIAL,REAL_PUBLIC_SOURCE,-0.07,-0.29,-0.019,0,40.1,0.33,0.53,0.48,0.25,0.35,0.29,MODERATE
REAL_WQ_266,Andhra Pradesh,Prakasam,Veligandla,P Rallapalle,79.2447,15.3447,2024,Pre-Monsoon,Pre-Monsoon,7.2,1840.0,1062.0,165.0,79.0,76.0,1.15,487.0,,,,872.3,IMD All-India Monsoon Series,2021.0,5919303.0,National Reported Water-Borne Disease Total,Rajya Sabha Unstarred Question No. 557,2021.0,CGWB Ground Water Quality Data (2024),2024.0,PARTIAL,REAL_PUBLIC_SOURCE,-0.07,-0.29,-0.07,0,32.3,0.33,0.25,0.48,0.25,0.35,0.17,MODERATE
REAL_WQ_267,Andhra Pradesh,Prakasam,Voletivaripalem,Ayyavarepalli,79.6667,15.1472,2024,Pre-Monsoon,Pre-Monsoon,7.54,1822.0,1138.0,99.0,19.0,65.0,1.47,470.0,,,,872.3,IMD All-India Monsoon Series,2021.0,5919303.0,National Reported Water-Borne Disease Total,Rajya Sabha Unstarred Question No. 557,2021.0,CGWB Ground Water Quality Data (2024),2024.0,PARTIAL,REAL_PUBLIC_SOURCE,-0.07,-0.29,-0.092,0,28.5,0.33,0.11,0.48,0.25,0.35,0.11,LOW
REAL_WQ_268,Andhra Pradesh,Prakasam,Yerragondapalem,Veerabhadrapuram,79.2506,16.0575,2024,Pre-Monsoon,Pre-Monsoon,7.24,1548.0,906.0,117.0,120.0,120.0,1.1,445.0,,,,872.3,IMD All-India Monsoon Series,2021.0,5919303.0,National Reported Water-Borne Disease Total,Rajya Sabha Unstarred Question No. 557,2021.0,CGWB Ground Water Quality Data (2024),2024.0,PARTIAL,REAL_PUBLIC_SOURCE,-0.07,-0.29,-0.047,0,34.3,0.33,0.32,0.48,0.25,0.35,0.22,MODERATE
REAL_WQ_269,Andhra Pradesh,Sri,Sathyasa,"sai Agali Madhudi, Ew Of Aq-Ii",77.0236,13.8186,2024,Pre-Monsoon,Pre-Monsoon,7.35,1978.0,1167.0,231.0,29.0,105.0,0.7,733.0,,,,872.3,IMD All-India Monsoon Series,2021.0,5919303.0,National Reported Water-Borne Disease Total,Rajya Sabha Unstarred Question No. 557,2021.0,CGWB Ground Water Quality Data (2024),2024.0,PARTIAL,REAL_PUBLIC_SOURCE,-0.07,-0.29,-0.093,0,28.6,0.33,0.11,0.48,0.25,0.35,0.11,LOW
REAL_WQ_270,Andhra Pradesh,Sri,Sathyasa,sai Amadagur Amadguru,78.0227,13.8886,2024,Pre-Monsoon,Pre-Monsoon,6.95,3204.0,2128.0,398.0,321.0,229.0,1.33,587.0,,,,872.3,IMD All-India Monsoon Series,2021.0,5919303.0,National Reported Water-Borne Disease Total,Rajya Sabha Unstarred Question No. 557,2021.0,CGWB Ground Water Quality Data (2024),2024.0,PARTIAL,REAL_PUBLIC_SOURCE,-0.07,-0.29,0.152,1,41.2,0.33,0.5,0.48,0.25,0.35,0.69,MODERATE
REAL_WQ_271,Andhra Pradesh,Sri,Sathyasa,sai Amadagur Mohammadabad,78.008,13.9713,2024,Pre-Monsoon,Pre-Monsoon,7.45,2338.0,1080.0,84.0,46.0,73.0,1.76,557.0,,,,872.3,IMD All-India Monsoon Series,2021.0,5919303.0,National Reported Water-Borne Disease Total,Rajya Sabha Unstarred Question No. 557,2021.0,CGWB Ground Water Quality Data (2024),2024.0,PARTIAL,REAL_PUBLIC_SOURCE,-0.07,-0.29,-0.087,0,29.2,0.33,0.13,0.48,0.25,0.35,0.13,LOW
REAL_WQ_272,Andhra Pradesh,Sri,Sathyasa,"sai Amarapuram Alladahalli, Ew Of Aq-Ii",77.0445,14.047,2024,Pre-Monsoon,Pre-Monsoon,7.74,872.0,551.0,31.0,21.0,23.0,1.06,185.0,,,,872.3,IMD All-India Monsoon Series,2021.0,5919303.0,National Reported Water-Borne Disease Total,Rajya Sabha Unstarred Question No. 557,2021.0,CGWB Ground Water Quality Data (2024),2024.0,PARTIAL,REAL_PUBLIC_SOURCE,-0.07,-0.29,-0.095,0,26.0,0.33,0.01,0.48,0.25,0.35,0.11,LOW
REAL_WQ_273,Andhra Pradesh,Sri,Sathyasa,sai Bukkapatnam Nayanivaripalli,77.9793,14.2285,2024,Pre-Monsoon,Pre-Monsoon,7.32,860.0,454.0,22.0,35.0,25.0,1.81,225.0,,,,872.3,IMD All-India Monsoon Series,2021.0,5919303.0,National Reported Water-Borne Disease Total,Rajya Sabha Unstarred Question No. 557,2021.0,CGWB Ground Water Quality Data (2024),2024.0,PARTIAL,REAL_PUBLIC_SOURCE,-0.07,-0.29,-0.108,0,26.6,0.33,0.04,0.48,0.25,0.35,0.08,LOW
REAL_WQ_274,Andhra Pradesh,Sri,Sathyasa,sai Chennekothapalle Chenna Kothapalli-Pz,77.6254,14.2703,2024,Pre-Monsoon,Pre-Monsoon,7.52,1576.0,845.0,159.0,97.0,91.0,1.05,414.0,,,,872.3,IMD All-India Monsoon Series,2021.0,5919303.0,National Reported Water-Borne Disease Total,Rajya Sabha Unstarred Question No. 557,2021.0,CGWB Ground Water Quality Data (2024),2024.0,PARTIAL,REAL_PUBLIC_SOURCE,-0.07,-0.29,-0.068,0,33.5,0.33,0.29,0.48,0.25,0.35,0.17,MODERATE
REAL_WQ_275,Andhra Pradesh,Sri,Sathyasa,sai Kadiri Alampur,78.1656,14.194,2024,Pre-Monsoon,Pre-Monsoon,7.55,1288.0,774.0,82.0,6.0,48.0,3.1,351.0,,,,872.3,IMD All-India Monsoon Series,2021.0,5919303.0,National Reported Water-Borne Disease Total,Rajya Sabha Unstarred Question No. 557,2021.0,CGWB Ground Water Quality Data (2024),2024.0,PARTIAL,REAL_PUBLIC_SOURCE,-0.07,-0.29,-0.111,0,31.8,0.33,0.25,0.48,0.25,0.35,0.07,MODERATE
REAL_WQ_276,Andhra Pradesh,Sri,Sathyasa,"sai Madakasira Asvattarayana Roppam, Ew Of Aq-I (1St W",77.2737,14.0269,2024,Pre-Monsoon,Pre-Monsoon,7.54,1050.0,670.0,40.0,42.0,28.0,3.21,310.0,,,,872.3,IMD All-India Monsoon Series,2021.0,5919303.0,National Reported Water-Borne Disease Total,Rajya Sabha Unstarred Question No. 557,2021.0,CGWB Ground Water Quality Data (2024),2024.0,PARTIAL,REAL_PUBLIC_SOURCE,-0.07,-0.29,-0.092,0,31.9,0.33,0.24,0.48,0.25,0.35,0.12,MODERATE
REAL_WQ_277,Andhra Pradesh,Sri,Sathyasa,sai Madakasira Kothulagutta,77.2191,13.9206,2024,Pre-Monsoon,Pre-Monsoon,7.72,831.0,501.0,23.0,3.0,23.0,1.99,170.0,,,,872.3,IMD All-India Monsoon Series,2021.0,5919303.0,National Reported Water-Borne Disease Total,Rajya Sabha Unstarred Question No. 557,2021.0,CGWB Ground Water Quality Data (2024),2024.0,PARTIAL,REAL_PUBLIC_SOURCE,-0.07,-0.29,-0.111,0,27.2,0.33,0.06,0.48,0.25,0.35,0.07,LOW
REAL_WQ_278,Andhra Pradesh,Sri,Sathyasa,sai Madakasira Madakasira1,77.276,13.9411,2024,Pre-Monsoon,Pre-Monsoon,7.5,1518.0,900.0,205.0,41.0,72.0,0.6,343.0,,,,872.3,IMD All-India Monsoon Series,2021.0,5919303.0,National Reported Water-Borne Disease Total,Rajya Sabha Unstarred Question No. 557,2021.0,CGWB Ground Water Quality Data (2024),2024.0,PARTIAL,REAL_PUBLIC_SOURCE,-0.07,-0.29,-0.105,0,27.4,0.33,0.07,0.48,0.25,0.35,0.08,LOW
REAL_WQ_279,Andhra Pradesh,Sri,Sathyasa,sai Mudigubba Mudigubba-Pz,77.9967,14.3526,2024,Pre-Monsoon,Pre-Monsoon,7.28,1940.0,1156.0,229.0,150.0,85.0,0.76,470.0,,,,872.3,IMD All-India Monsoon Series,2021.0,5919303.0,National Reported Water-Borne Disease Total,Rajya Sabha Unstarred Question No. 557,2021.0,CGWB Ground Water Quality Data (2024),2024.0,PARTIAL,REAL_PUBLIC_SOURCE,-0.07,-0.29,-0.012,0,35.8,0.33,0.36,0.48,0.25,0.35,0.3,MODERATE
REAL_WQ_280,Andhra Pradesh,Sri,Sathyasa,sai Mudigubba Nagulagubbala,78.0126,14.3801,2024,Pre-Monsoon,Pre-Monsoon,7.19,1888.0,967.0,179.0,127.0,88.0,1.35,432.0,,,,872.3,IMD All-India Monsoon Series,2021.0,5919303.0,National Reported Water-Borne Disease Total,Rajya Sabha Unstarred Question No. 557,2021.0,CGWB Ground Water Quality Data (2024),2024.0,PARTIAL,REAL_PUBLIC_SOURCE,-0.07,-0.29,-0.038,0,34.7,0.33,0.33,0.48,0.25,0.35,0.24,MODERATE
REAL_WQ_281,Andhra Pradesh,Sri,Sathyasa,sai Nallacheruvu Malreddy Palli,78.2231,13.9622,2024,Pre-Monsoon,Pre-Monsoon,7.73,585.0,320.0,27.0,3.0,23.0,0.38,99.0,,,,872.3,IMD All-India Monsoon Series,2021.0,5919303.0,National Reported Water-Borne Disease Total,Rajya Sabha Unstarred Question No. 557,2021.0,CGWB Ground Water Quality Data (2024),2024.0,PARTIAL,REAL_PUBLIC_SOURCE,-0.07,-0.29,-0.106,0,25.7,0.33,0.0,0.48,0.25,0.35,0.08,LOW
REAL_WQ_282,Andhra Pradesh,Sri,Sathyasa,sai Nallamada Charupalle,78.0765,14.1953,2024,Pre-Monsoon,Pre-Monsoon,7.72,1424.0,850.0,95.0,6.0,84.0,0.8,99.0,,,,872.3,IMD All-India Monsoon Series,2021.0,5919303.0,National Reported Water-Borne Disease Total,Rajya Sabha Unstarred Question No. 557,2021.0,CGWB Ground Water Quality Data (2024),2024.0,PARTIAL,REAL_PUBLIC_SOURCE,-0.07,-0.29,-0.091,0,27.3,0.33,0.06,0.48,0.25,0.35,0.12,LOW
REAL_WQ_283,Andhra Pradesh,Sri,Sathyasa,sai Nambulipulikunta Mekalacheruvu (Kothakunta area),78.31,14.04,2024,Pre-Monsoon,Pre-Monsoon,7.45,1114.0,665.0,36.0,6.0,31.0,1.89,321.0,,,,872.3,IMD All-India Monsoon Series,2021.0,5919303.0,National Reported Water-Borne Disease Total,Rajya Sabha Unstarred Question No. 557,2021.0,CGWB Ground Water Quality Data (2024),2024.0,PARTIAL,REAL_PUBLIC_SOURCE,-0.07,-0.29,-0.122,0,27.4,0.33,0.08,0.48,0.25,0.35,0.04,LOW
REAL_WQ_284,Andhra Pradesh,Sri,Sathyasa,sai Np Kunta Tatimanigunta,78.3903,14.1309,2024,Pre-Monsoon,Pre-Monsoon,7.42,975.0,532.0,28.0,23.0,19.0,0.76,241.0,,,,872.3,IMD All-India Monsoon Series,2021.0,5919303.0,National Reported Water-Borne Disease Total,Rajya Sabha Unstarred Question No. 557,2021.0,CGWB Ground Water Quality Data (2024),2024.0,PARTIAL,REAL_PUBLIC_SOURCE,-0.07,-0.29,-0.121,0,25.6,0.33,0.01,0.48,0.25,0.35,0.05,LOW
REAL_WQ_285,Andhra Pradesh,Sri,Sathyasa,sai Penukonda Addakula Palli,77.5457,14.0403,2024,Pre-Monsoon,Pre-Monsoon,7.3,2635.0,1306.0,431.0,13.0,102.0,1.0,380.0,,,,872.3,IMD All-India Monsoon Series,2021.0,5919303.0,National Reported Water-Borne Disease Total,Rajya Sabha Unstarred Question No. 557,2021.0,CGWB Ground Water Quality Data (2024),2024.0,PARTIAL,REAL_PUBLIC_SOURCE,-0.07,-0.29,-0.058,0,29.6,0.33,0.13,0.48,0.25,0.35,0.19,LOW
REAL_WQ_286,Andhra Pradesh,Sri,Sathyasa,sai Penukonda Penukonda-Pz,77.597,14.0865,2024,Pre-Monsoon,Pre-Monsoon,7.47,1966.0,1222.0,170.0,61.0,71.0,0.6,519.0,,,,872.3,IMD All-India Monsoon Series,2021.0,5919303.0,National Reported Water-Borne Disease Total,Rajya Sabha Unstarred Question No. 557,2021.0,CGWB Ground Water Quality Data (2024),2024.0,PARTIAL,REAL_PUBLIC_SOURCE,-0.07,-0.29,-0.084,0,30.8,0.33,0.19,0.48,0.25,0.35,0.13,MODERATE
REAL_WQ_287,Andhra Pradesh,Sri,Sathyasa,sai Puttaparthi Kambalaparthi,77.9099,14.1377,2024,Pre-Monsoon,Pre-Monsoon,7.62,1384.0,770.0,49.0,16.0,64.0,1.51,267.0,,,,872.3,IMD All-India Monsoon Series,2021.0,5919303.0,National Reported Water-Borne Disease Total,Rajya Sabha Unstarred Question No. 557,2021.0,CGWB Ground Water Quality Data (2024),2024.0,PARTIAL,REAL_PUBLIC_SOURCE,-0.07,-0.29,-0.104,0,26.9,0.33,0.05,0.48,0.25,0.35,0.09,LOW
REAL_WQ_288,Andhra Pradesh,Sri,Sathyasa,"sai Rolla Hottebetta, Ew Of Aq-I (1St Well)",77.1588,13.881,2024,Pre-Monsoon,Pre-Monsoon,6.86,466.0,257.0,24.0,7.0,7.0,0.95,68.0,,,,872.3,IMD All-India Monsoon Series,2021.0,5919303.0,National Reported Water-Borne Disease Total,Rajya Sabha Unstarred Question No. 557,2021.0,CGWB Ground Water Quality Data (2024),2024.0,PARTIAL,REAL_PUBLIC_SOURCE,-0.07,-0.29,-0.056,0,26.3,0.33,0.0,0.48,0.25,0.35,0.2,LOW
REAL_WQ_289,Andhra Pradesh,Sri,Sathyasa,sai Somandepalle Gudipalli,77.6305,13.9964,2024,Pre-Monsoon,Pre-Monsoon,7.4,794.0,443.0,16.0,28.0,20.0,1.43,206.0,,,,872.3,IMD All-India Monsoon Series,2021.0,5919303.0,National Reported Water-Borne Disease Total,Rajya Sabha Unstarred Question No. 557,2021.0,CGWB Ground Water Quality Data (2024),2024.0,PARTIAL,REAL_PUBLIC_SOURCE,-0.07,-0.29,-0.119,0,25.5,0.33,0.0,0.48,0.25,0.35,0.05,LOW
REAL_WQ_290,Andhra Pradesh,Sri,Sathyasa,sai Talupula Talapula-Pz,78.2557,14.2421,2024,Pre-Monsoon,Pre-Monsoon,7.23,2221.0,1357.0,290.0,199.0,116.0,1.21,663.0,,,,872.3,IMD All-India Monsoon Series,2021.0,5919303.0,National Reported Water-Borne Disease Total,Rajya Sabha Unstarred Question No. 557,2021.0,CGWB Ground Water Quality Data (2024),2024.0,PARTIAL,REAL_PUBLIC_SOURCE,-0.07,-0.29,0.053,1,37.4,0.33,0.39,0.48,0.25,0.35,0.46,MODERATE
REAL_WQ_291,Andhra Pradesh,Sri,Sathyasa,sai Talupula Talupula,78.2601,14.2435,2024,Pre-Monsoon,Pre-Monsoon,7.53,1887.0,1032.0,180.0,39.0,100.0,0.62,319.0,,,,872.3,IMD All-India Monsoon Series,2021.0,5919303.0,National Reported Water-Borne Disease Total,Rajya Sabha Unstarred Question No. 557,2021.0,CGWB Ground Water Quality Data (2024),2024.0,PARTIAL,REAL_PUBLIC_SOURCE,-0.07,-0.29,-0.094,0,28.0,0.33,0.09,0.48,0.25,0.35,0.11,LOW
REAL_WQ_292,Andhra Pradesh,Sri,Sathyasa,sai Tanakal Korthikota,78.3229,13.9342,2024,Pre-Monsoon,Pre-Monsoon,7.32,1990.0,977.0,83.0,37.0,71.0,1.12,568.0,,,,872.3,IMD All-India Monsoon Series,2021.0,5919303.0,National Reported Water-Borne Disease Total,Rajya Sabha Unstarred Question No. 557,2021.0,CGWB Ground Water Quality Data (2024),2024.0,PARTIAL,REAL_PUBLIC_SOURCE,-0.07,-0.29,-0.093,0,27.8,0.33,0.08,0.48,0.25,0.35,0.11,LOW
REAL_WQ_293,Andhra Pradesh,Srikakulam,HEERAMANDALAM,Heeramandalam,83.9667,18.6778,2024,Pre-Monsoon,Pre-Monsoon,7.01,1795.0,881.0,164.0,14.0,56.0,0.48,326.0,,,,872.3,IMD All-India Monsoon Series,2021.0,5919303.0,National Reported Water-Borne Disease Total,Rajya Sabha Unstarred Question No. 557,2021.0,CGWB Ground Water Quality Data (2024),2024.0,PARTIAL,REAL_PUBLIC_SOURCE,-0.07,-0.29,-0.068,0,27.7,0.33,0.06,0.48,0.25,0.35,0.17,LOW
REAL_WQ_294,Andhra Pradesh,Srikakulam,KOTHABOMMALI,Narasannapeta,84.1,18.4067,2024,Pre-Monsoon,Pre-Monsoon,7.12,643.0,346.0,24.0,8.0,12.0,0.29,195.0,,,,872.3,IMD All-India Monsoon Series,2021.0,5919303.0,National Reported Water-Borne Disease Total,Rajya Sabha Unstarred Question No. 557,2021.0,CGWB Ground Water Quality Data (2024),2024.0,PARTIAL,REAL_PUBLIC_SOURCE,-0.07,-0.29,-0.094,0,25.8,0.33,0.0,0.48,0.25,0.35,0.11,LOW
REAL_WQ_295,Andhra Pradesh,Srikakulam,KOTHABOMMALI,Tharli Bodapadu DW13,84.1839,18.5592,2024,Pre-Monsoon,Pre-Monsoon,7.35,1155.0,644.0,102.0,54.0,41.0,0.45,322.0,,,,872.3,IMD All-India Monsoon Series,2021.0,5919303.0,National Reported Water-Borne Disease Total,Rajya Sabha Unstarred Question No. 557,2021.0,CGWB Ground Water Quality Data (2024),2024.0,PARTIAL,REAL_PUBLIC_SOURCE,-0.07,-0.29,-0.099,0,27.4,0.33,0.06,0.48,0.25,0.35,0.1,LOW
REAL_WQ_296,Andhra Pradesh,Srikakulam,KOTHURU,Kotturu,83.9,18.7625,2024,Pre-Monsoon,Pre-Monsoon,7.07,871.0,509.0,80.0,11.0,22.0,0.36,204.0,,,,872.3,IMD All-India Monsoon Series,2021.0,5919303.0,National Reported Water-Borne Disease Total,Rajya Sabha Unstarred Question No. 557,2021.0,CGWB Ground Water Quality Data (2024),2024.0,PARTIAL,REAL_PUBLIC_SOURCE,-0.07,-0.29,-0.101,0,25.8,0.33,0.0,0.48,0.25,0.35,0.09,LOW
REAL_WQ_297,Andhra Pradesh,Srikakulam,KUNDURU,Ponduru,83.7583,18.3389,2024,Pre-Monsoon,Pre-Monsoon,7.03,1862.0,932.0,170.0,12.0,14.0,1.18,630.0,,,,872.3,IMD All-India Monsoon Series,2021.0,5919303.0,National Reported Water-Borne Disease Total,Rajya Sabha Unstarred Question No. 557,2021.0,CGWB Ground Water Quality Data (2024),2024.0,PARTIAL,REAL_PUBLIC_SOURCE,-0.07,-0.29,-0.066,0,27.9,0.33,0.07,0.48,0.25,0.35,0.18,LOW
REAL_WQ_298,Andhra Pradesh,Srikakulam,Laveru,Bejjipuram,83.76,18.23,2024,Pre-Monsoon,Pre-Monsoon,7.22,1438.0,868.0,135.0,94.0,48.0,0.82,397.0,,,,872.3,IMD All-India Monsoon Series,2021.0,5919303.0,National Reported Water-Borne Disease Total,Rajya Sabha Unstarred Question No. 557,2021.0,CGWB Ground Water Quality Data (2024),2024.0,PARTIAL,REAL_PUBLIC_SOURCE,-0.07,-0.29,-0.067,0,33.2,0.33,0.28,0.48,0.25,0.35,0.17,MODERATE
REAL_WQ_299,Andhra Pradesh,Srikakulam,MELIAPUTTI,SundaradaDW2015,84.135,18.7456,2024,Pre-Monsoon,Pre-Monsoon,7.36,1206.0,559.0,130.0,32.0,30.0,0.3,275.0,,,,872.3,IMD All-India Monsoon Series,2021.0,5919303.0,National Reported Water-Borne Disease Total,Rajya Sabha Unstarred Question No. 557,2021.0,CGWB Ground Water Quality Data (2024),2024.0,PARTIAL,REAL_PUBLIC_SOURCE,-0.07,-0.29,-0.115,0,25.8,0.33,0.01,0.48,0.25,0.35,0.06,LOW
REAL_WQ_300,Andhra Pradesh,Srikakulam,SANTABOMMALI,NaupadaDW2015,84.2997,18.5592,2024,Pre-Monsoon,Pre-Monsoon,7.4,1505.0,858.0,139.0,67.0,40.0,0.34,348.0,,,,872.3,IMD All-India Monsoon Series,2021.0,5919303.0,National Reported Water-Borne Disease Total,Rajya Sabha Unstarred Question No. 557,2021.0,CGWB Ground Water Quality Data (2024),2024.0,PARTIAL,REAL_PUBLIC_SOURCE,-0.07,-0.29,-0.097,0,29.8,0.33,0.16,0.48,0.25,0.35,0.1,LOW
REAL_WQ_301,Andhra Pradesh,Srikakulam,SARAVAKOTA,Aldu,84.0583,18.5761,2024,Pre-Monsoon,Pre-Monsoon,7.39,758.0,399.0,113.0,8.0,21.0,0.22,231.0,,,,872.3,IMD All-India Monsoon Series,2021.0,5919303.0,National Reported Water-Borne Disease Total,Rajya Sabha Unstarred Question No. 557,2021.0,CGWB Ground Water Quality Data (2024),2024.0,PARTIAL,REAL_PUBLIC_SOURCE,-0.07,-0.29,-0.123,0,25.5,0.33,0.0,0.48,0.25,0.35,0.04,LOW
REAL_WQ_302,Andhra Pradesh,Tirupati,Chandragiri,Mungilipattu,79.2493,13.5609,2024,Pre-Monsoon,Pre-Monsoon,7.41,1272.0,737.0,102.0,27.0,51.0,0.95,332.0,,,,872.3,IMD All-India Monsoon Series,2021.0,5919303.0,National Reported Water-Borne Disease Total,Rajya Sabha Unstarred Question No. 557,2021.0,CGWB Ground Water Quality Data (2024),2024.0,PARTIAL,REAL_PUBLIC_SOURCE,-0.07,-0.29,-0.115,0,26.6,0.33,0.04,0.48,0.25,0.35,0.06,LOW
REAL_WQ_303,Andhra Pradesh,Tirupati,Chitlakur,Tikkavaram,79.9585,14.1211,2024,Pre-Monsoon,Pre-Monsoon,7.47,1726.0,928.0,180.0,4.0,81.0,0.44,505.0,,,,872.3,IMD All-India Monsoon Series,2021.0,5919303.0,National Reported Water-Borne Disease Total,Rajya Sabha Unstarred Question No. 557,2021.0,CGWB Ground Water Quality Data (2024),2024.0,PARTIAL,REAL_PUBLIC_SOURCE,-0.07,-0.29,-0.11,0,27.4,0.33,0.07,0.48,0.25,0.35,0.07,LOW
REAL_WQ_304,Andhra Pradesh,Tirupati,Chittamur,Aravapalem,80.0384,13.9305,2024,Pre-Monsoon,Pre-Monsoon,7.5,3450.0,1962.0,688.0,4.0,75.0,0.95,405.0,,,,872.3,IMD All-India Monsoon Series,2021.0,5919303.0,National Reported Water-Borne Disease Total,Rajya Sabha Unstarred Question No. 557,2021.0,CGWB Ground Water Quality Data (2024),2024.0,PARTIAL,REAL_PUBLIC_SOURCE,-0.07,-0.29,-0.009,0,32.9,0.33,0.24,0.48,0.25,0.35,0.31,MODERATE
REAL_WQ_305,Andhra Pradesh,Tirupati,Kota,Vidyanagar,80.0312,14.0306,2024,Pre-Monsoon,Pre-Monsoon,7.4,537.0,327.0,80.0,53.0,13.0,0.04,112.0,,,,872.3,IMD All-India Monsoon Series,2021.0,5919303.0,National Reported Water-Borne Disease Total,Rajya Sabha Unstarred Question No. 557,2021.0,CGWB Ground Water Quality Data (2024),2024.0,PARTIAL,REAL_PUBLIC_SOURCE,-0.07,-0.29,-0.077,0,26.9,0.33,0.04,0.48,0.25,0.35,0.15,LOW
REAL_WQ_306,Andhra Pradesh,Tirupati,Naidupet,Brahmanapuduru,79.9268,13.899,2024,Pre-Monsoon,Pre-Monsoon,7.55,1968.0,1155.0,277.0,63.0,91.0,0.24,323.0,,,,872.3,IMD All-India Monsoon Series,2021.0,5919303.0,National Reported Water-Borne Disease Total,Rajya Sabha Unstarred Question No. 557,2021.0,CGWB Ground Water Quality Data (2024),2024.0,PARTIAL,REAL_PUBLIC_SOURCE,-0.07,-0.29,-0.081,0,30.7,0.33,0.19,0.48,0.25,0.35,0.14,MODERATE
REAL_WQ_307,Andhra Pradesh,Tirupati,Pakala,Damalcheruvu,79.0482,13.478,2024,Pre-Monsoon,Pre-Monsoon,7.66,2110.0,1180.0,270.0,14.0,102.0,0.74,350.0,,,,872.3,IMD All-India Monsoon Series,2021.0,5919303.0,National Reported Water-Borne Disease Total,Rajya Sabha Unstarred Question No. 557,2021.0,CGWB Ground Water Quality Data (2024),2024.0,PARTIAL,REAL_PUBLIC_SOURCE,-0.07,-0.29,-0.073,0,28.9,0.33,0.11,0.48,0.25,0.35,0.16,LOW
REAL_WQ_308,Andhra Pradesh,Tirupati,Pulicherla,Valivedu,79.0762,13.5272,2024,Pre-Monsoon,Pre-Monsoon,7.15,3466.0,2094.0,681.0,15.0,207.0,2.15,616.0,,,,872.3,IMD All-India Monsoon Series,2021.0,5919303.0,National Reported Water-Borne Disease Total,Rajya Sabha Unstarred Question No. 557,2021.0,CGWB Ground Water Quality Data (2024),2024.0,PARTIAL,REAL_PUBLIC_SOURCE,-0.07,-0.29,0.01,1,35.3,0.33,0.33,0.48,0.25,0.35,0.36,MODERATE
REAL_WQ_309,Andhra Pradesh,Tirupati,Satyavedu,Satyavedu,79.9515,13.4258,2024,Pre-Monsoon,Pre-Monsoon,7.77,650.0,314.0,34.0,1.0,43.0,0.19,201.0,,,,872.3,IMD All-India Monsoon Series,2021.0,5919303.0,National Reported Water-Borne Disease Total,Rajya Sabha Unstarred Question No. 557,2021.0,CGWB Ground Water Quality Data (2024),2024.0,PARTIAL,REAL_PUBLIC_SOURCE,-0.07,-0.29,-0.103,0,25.7,0.33,0.0,0.48,0.25,0.35,0.09,LOW
REAL_WQ_310,Andhra Pradesh,Tirupati,Tirupati,Krishnapuram,79.9528,13.8,2024,Pre-Monsoon,Pre-Monsoon,7.05,5965.0,3287.0,1584.0,41.0,109.0,0.87,789.0,,,,872.3,IMD All-India Monsoon Series,2021.0,5919303.0,National Reported Water-Borne Disease Total,Rajya Sabha Unstarred Question No. 557,2021.0,CGWB Ground Water Quality Data (2024),2024.0,PARTIAL,REAL_PUBLIC_SOURCE,-0.07,-0.29,0.133,1,34.7,0.33,0.25,0.48,0.25,0.35,0.65,MODERATE
REAL_WQ_311,Andhra Pradesh,Tirupati,Tirupati,Tirupati (U),79.4215,13.6425,2024,Pre-Monsoon,Pre-Monsoon,7.35,1158.0,682.0,136.0,32.0,70.0,0.5,380.0,,,,872.3,IMD All-India Monsoon Series,2021.0,5919303.0,National Reported Water-Borne Disease Total,Rajya Sabha Unstarred Question No. 557,2021.0,CGWB Ground Water Quality Data (2024),2024.0,PARTIAL,REAL_PUBLIC_SOURCE,-0.07,-0.29,-0.113,0,26.3,0.33,0.03,0.48,0.25,0.35,0.07,LOW
REAL_WQ_312,Andhra Pradesh,Visakhapatnam,Bheemunipatnam,Bheemunipatnam,83.4452,17.9015,2024,Pre-Monsoon,Pre-Monsoon,6.8,740.0,348.0,59.0,48.0,28.0,0.18,172.0,,,,872.3,IMD All-India Monsoon Series,2021.0,5919303.0,National Reported Water-Borne Disease Total,Rajya Sabha Unstarred Question No. 557,2021.0,CGWB Ground Water Quality Data (2024),2024.0,PARTIAL,REAL_PUBLIC_SOURCE,-0.07,-0.29,-0.013,0,33.1,0.33,0.01,0.48,0.65,0.35,0.3,MODERATE
REAL_WQ_313,Andhra Pradesh,Visakhapatnam,BHEEMUNIPATNAM,Bhimunipatnam-1,83.4333,17.8981,2024,Pre-Monsoon,Pre-Monsoon,7.36,1350.0,771.0,126.0,87.0,48.0,0.47,299.0,,,,872.3,IMD All-India Monsoon Series,2021.0,5919303.0,National Reported Water-Borne Disease Total,Rajya Sabha Unstarred Question No. 557,2021.0,CGWB Ground Water Quality Data (2024),2024.0,PARTIAL,REAL_PUBLIC_SOURCE,-0.07,-0.29,-0.08,0,37.9,0.33,0.24,0.48,0.65,0.35,0.14,MODERATE
REAL_WQ_314,Andhra Pradesh,Visakhapatnam,PENDURTI,Bandavaripalem DW14,82.5906,17.7117,2024,Pre-Monsoon,Pre-Monsoon,7.1,1994.0,1064.0,151.0,90.0,81.0,0.52,662.0,,,,872.3,IMD All-India Monsoon Series,2021.0,5919303.0,National Reported Water-Borne Disease Total,Rajya Sabha Unstarred Question No. 557,2021.0,CGWB Ground Water Quality Data (2024),2024.0,PARTIAL,REAL_PUBLIC_SOURCE,-0.07,-0.29,-0.054,0,39.8,0.33,0.3,0.48,0.65,0.35,0.21,MODERATE
REAL_WQ_315,Andhra Pradesh,Visakhapatnam,VISAKHAPATNAM(U),Akkireddipalem 2010Pz,83.2072,17.7117,2024,Pre-Monsoon,Pre-Monsoon,6.85,1087.0,669.0,86.0,69.0,46.0,0.64,360.0,,,,872.3,IMD All-India Monsoon Series,2021.0,5919303.0,National Reported Water-Borne Disease Total,Rajya Sabha Unstarred Question No. 557,2021.0,CGWB Ground Water Quality Data (2024),2024.0,PARTIAL,REAL_PUBLIC_SOURCE,-0.07,-0.29,-0.015,0,36.2,0.33,0.14,0.48,0.65,0.35,0.3,MODERATE
REAL_WQ_316,Andhra Pradesh,Visakhapatnam,VISAKHAPATNAM(U),Gantyada,83.2054,7.6606,2024,Pre-Monsoon,Pre-Monsoon,7.51,10920.0,8595.0,4424.0,4.0,487.0,1.52,756.0,,,,872.3,IMD All-India Monsoon Series,2021.0,5919303.0,National Reported Water-Borne Disease Total,Rajya Sabha Unstarred Question No. 557,2021.0,CGWB Ground Water Quality Data (2024),2024.0,PARTIAL,REAL_PUBLIC_SOURCE,-0.07,-0.29,0.252,1,42.2,0.33,0.25,0.48,0.65,0.35,0.93,MODERATE
REAL_WQ_317,Andhra Pradesh,Visakhapatnam,VISAKHAPATNAM(U),Peddagadili-Arilova Junct. 2011U,83.3222,17.7625,2024,Pre-Monsoon,Pre-Monsoon,7.44,1130.0,612.0,111.0,97.0,55.0,0.44,253.0,,,,872.3,IMD All-India Monsoon Series,2021.0,5919303.0,National Reported Water-Borne Disease Total,Rajya Sabha Unstarred Question No. 557,2021.0,CGWB Ground Water Quality Data (2024),2024.0,PARTIAL,REAL_PUBLIC_SOURCE,-0.07,-0.29,-0.072,0,38.5,0.33,0.26,0.48,0.65,0.35,0.16,MODERATE
REAL_WQ_318,Andhra Pradesh,Vizianagaram,BOBBILI,Kokadavalasa 2013DW,83.4236,18.61,2024,Pre-Monsoon,Pre-Monsoon,7.49,936.0,596.0,83.0,23.0,11.0,0.8,246.0,,,,872.3,IMD All-India Monsoon Series,2021.0,5919303.0,National Reported Water-Borne Disease Total,Rajya Sabha Unstarred Question No. 557,2021.0,CGWB Ground Water Quality Data (2024),2024.0,PARTIAL,REAL_PUBLIC_SOURCE,-0.07,-0.29,-0.112,0,26.0,0.33,0.02,0.48,0.25,0.35,0.07,LOW
REAL_WQ_319,Andhra Pradesh,Vizianagaram,BONDAPALLE,Bondapalli-DW13,83.35,18.2372,2024,Pre-Monsoon,Pre-Monsoon,7.29,1857.0,1117.0,268.0,26.0,161.0,1.12,527.0,,,,872.3,IMD All-India Monsoon Series,2021.0,5919303.0,National Reported Water-Borne Disease Total,Rajya Sabha Unstarred Question No. 557,2021.0,CGWB Ground Water Quality Data (2024),2024.0,PARTIAL,REAL_PUBLIC_SOURCE,-0.07,-0.29,-0.1,0,28.3,0.33,0.1,0.48,0.25,0.35,0.1,LOW
REAL_WQ_320,Andhra Pradesh,Vizianagaram,DENKADA,Denkada-DW,83.4833,18.0678,2024,Pre-Monsoon,Pre-Monsoon,7.4,1687.0,967.0,260.0,3.0,58.0,0.81,453.0,,,,872.3,IMD All-India Monsoon Series,2021.0,5919303.0,National Reported Water-Borne Disease Total,Rajya Sabha Unstarred Question No. 557,2021.0,CGWB Ground Water Quality Data (2024),2024.0,PARTIAL,REAL_PUBLIC_SOURCE,-0.07,-0.29,-0.113,0,27.5,0.33,0.08,0.48,0.25,0.35,0.07,LOW
REAL_WQ_321,Andhra Pradesh,Vizianagaram,Guria,Kondagandredu,83.4567,18.2836,2024,Pre-Monsoon,Pre-Monsoon,7.54,788.0,450.0,65.0,55.0,26.0,0.35,168.0,,,,872.3,IMD All-India Monsoon Series,2021.0,5919303.0,National Reported Water-Borne Disease Total,Rajya Sabha Unstarred Question No. 557,2021.0,CGWB Ground Water Quality Data (2024),2024.0,PARTIAL,REAL_PUBLIC_SOURCE,-0.07,-0.29,-0.081,0,27.1,0.33,0.05,0.48,0.25,0.35,0.14,LOW
REAL_WQ_322,Andhra Pradesh,Vizianagaram,JAMI,Alamanda DW13,83.2428,17.9997,2024,Pre-Monsoon,Pre-Monsoon,7.41,1274.0,817.0,137.0,74.0,60.0,0.6,279.0,,,,872.3,IMD All-India Monsoon Series,2021.0,5919303.0,National Reported Water-Borne Disease Total,Rajya Sabha Unstarred Question No. 557,2021.0,CGWB Ground Water Quality Data (2024),2024.0,PARTIAL,REAL_PUBLIC_SOURCE,-0.07,-0.29,-0.096,0,30.4,0.33,0.18,0.48,0.25,0.35,0.1,MODERATE
REAL_WQ_323,Andhra Pradesh,Vizianagaram,Jami,Jagaram,83.2256,18.0794,2024,Pre-Monsoon,Pre-Monsoon,7.42,3150.0,1606.0,283.0,192.0,200.0,0.54,514.0,,,,872.3,IMD All-India Monsoon Series,2021.0,5919303.0,National Reported Water-Borne Disease Total,Rajya Sabha Unstarred Question No. 557,2021.0,CGWB Ground Water Quality Data (2024),2024.0,PARTIAL,REAL_PUBLIC_SOURCE,-0.07,-0.29,0.049,1,38.4,0.33,0.43,0.48,0.25,0.35,0.45,MODERATE
REAL_WQ_324,Andhra Pradesh,Vizianagaram,JAMI,KumaranDW16,83.36,18.7625,2024,Pre-Monsoon,Pre-Monsoon,7.47,1270.0,790.0,175.0,103.0,60.0,0.29,441.0,,,,872.3,IMD All-India Monsoon Series,2021.0,5919303.0,National Reported Water-Borne Disease Total,Rajya Sabha Unstarred Question No. 557,2021.0,CGWB Ground Water Quality Data (2024),2024.0,PARTIAL,REAL_PUBLIC_SOURCE,-0.07,-0.29,-0.067,0,33.6,0.33,0.3,0.48,0.25,0.35,0.17,MODERATE
REAL_WQ_325,Andhra Pradesh,Vizianagaram,Kothavalasa,Kothavalasa,83.1903,17.9011,2024,Pre-Monsoon,Pre-Monsoon,7.52,750.0,447.0,70.0,12.0,34.0,0.94,142.0,,,,872.3,IMD All-India Monsoon Series,2021.0,5919303.0,National Reported Water-Borne Disease Total,Rajya Sabha Unstarred Question No. 557,2021.0,CGWB Ground Water Quality Data (2024),2024.0,PARTIAL,REAL_PUBLIC_SOURCE,-0.07,-0.29,-0.118,0,25.5,0.33,0.0,0.48,0.25,0.35,0.06,LOW
REAL_WQ_326,Andhra Pradesh,Vizianagaram,LAKKAVARAPUKOTA,Lakkavarapukota,83.1667,18.0,2024,Pre-Monsoon,Pre-Monsoon,7.55,1937.0,1118.0,222.0,57.0,78.0,0.78,341.0,,,,872.3,IMD All-India Monsoon Series,2021.0,5919303.0,National Reported Water-Borne Disease Total,Rajya Sabha Unstarred Question No. 557,2021.0,CGWB Ground Water Quality Data (2024),2024.0,PARTIAL,REAL_PUBLIC_SOURCE,-0.07,-0.29,-0.085,0,29.9,0.33,0.16,0.48,0.25,0.35,0.13,LOW
REAL_WQ_327,Andhra Pradesh,Vizianagaram,Pasapatirega,Pusapatirega,83.5511,18.0875,2024,Pre-Monsoon,Pre-Monsoon,7.42,1100.0,726.0,115.0,15.0,42.0,1.23,325.0,,,,872.3,IMD All-India Monsoon Series,2021.0,5919303.0,National Reported Water-Borne Disease Total,Rajya Sabha Unstarred Question No. 557,2021.0,CGWB Ground Water Quality Data (2024),2024.0,PARTIAL,REAL_PUBLIC_SOURCE,-0.07,-0.29,-0.115,0,26.5,0.33,0.04,0.48,0.25,0.35,0.06,LOW
REAL_WQ_328,Andhra Pradesh,Vizianagaram,PUSPATIREGA,Kanimetta,83.5944,18.1186,2024,Pre-Monsoon,Pre-Monsoon,7.62,798.0,481.0,153.0,19.0,31.0,0.27,140.0,,,,872.3,IMD All-India Monsoon Series,2021.0,5919303.0,National Reported Water-Borne Disease Total,Rajya Sabha Unstarred Question No. 557,2021.0,CGWB Ground Water Quality Data (2024),2024.0,PARTIAL,REAL_PUBLIC_SOURCE,-0.07,-0.29,-0.112,0,25.6,0.33,0.0,0.48,0.25,0.35,0.07,LOW
REAL_WQ_329,Andhra Pradesh,Vizianagaram,RAJAM,Rajam,83.6667,18.4406,2024,Pre-Monsoon,Pre-Monsoon,7.41,955.0,525.0,83.0,24.0,30.0,0.49,336.0,,,,872.3,IMD All-India Monsoon Series,2021.0,5919303.0,National Reported Water-Borne Disease Total,Rajya Sabha Unstarred Question No. 557,2021.0,CGWB Ground Water Quality Data (2024),2024.0,PARTIAL,REAL_PUBLIC_SOURCE,-0.07,-0.29,-0.122,0,25.6,0.33,0.0,0.48,0.25,0.35,0.04,LOW
REAL_WQ_330,Andhra Pradesh,Vizianagaram,Ramabhadrapuram,Ramabhdrapuram,83.2788,18.4955,2024,Pre-Monsoon,Pre-Monsoon,7.4,818.0,485.0,70.0,22.0,27.0,0.52,251.0,,,,872.3,IMD All-India Monsoon Series,2021.0,5919303.0,National Reported Water-Borne Disease Total,Rajya Sabha Unstarred Question No. 557,2021.0,CGWB Ground Water Quality Data (2024),2024.0,PARTIAL,REAL_PUBLIC_SOURCE,-0.07,-0.29,-0.119,0,25.5,0.33,0.0,0.48,0.25,0.35,0.05,LOW
REAL_WQ_331,Andhra Pradesh,Vizianagaram,RAMABHADRAPURAM,TarapuramDW2015,83.2542,18.5083,2024,Pre-Monsoon,Pre-Monsoon,7.64,824.0,522.0,44.0,1.0,10.0,0.71,269.0,,,,872.3,IMD All-India Monsoon Series,2021.0,5919303.0,National Reported Water-Borne Disease Total,Rajya Sabha Unstarred Question No. 557,2021.0,CGWB Ground Water Quality Data (2024),2024.0,PARTIAL,REAL_PUBLIC_SOURCE,-0.07,-0.29,-0.118,0,25.6,0.33,0.0,0.48,0.25,0.35,0.05,LOW
REAL_WQ_332,Andhra Pradesh,Vizianagaram,THERLAM,Kollivalasa 2013DW,83.5222,18.5253,2024,Pre-Monsoon,Pre-Monsoon,7.45,1410.0,840.0,218.0,3.0,52.0,0.93,342.0,,,,872.3,IMD All-India Monsoon Series,2021.0,5919303.0,National Reported Water-Borne Disease Total,Rajya Sabha Unstarred Question No. 557,2021.0,CGWB Ground Water Quality Data (2024),2024.0,PARTIAL,REAL_PUBLIC_SOURCE,-0.07,-0.29,-0.117,0,27.0,0.33,0.06,0.48,0.25,0.35,0.06,LOW
REAL_WQ_333,Andhra Pradesh,Vizianagaram,VIZIANAGARAM,Vijayanagaram,83.4125,18.1186,2024,Pre-Monsoon,Pre-Monsoon,7.52,1013.0,670.0,67.0,28.0,68.0,0.8,404.0,,,,872.3,IMD All-India Monsoon Series,2021.0,5919303.0,National Reported Water-Borne Disease Total,Rajya Sabha Unstarred Question No. 557,2021.0,CGWB Ground Water Quality Data (2024),2024.0,PARTIAL,REAL_PUBLIC_SOURCE,-0.07,-0.29,-0.106,0,26.4,0.33,0.03,0.48,0.25,0.35,0.08,LOW
REAL_WQ_334,Andhra Pradesh,West,Godavari,Attili Attili-B,81.6306,16.6778,2024,Pre-Monsoon,Pre-Monsoon,7.55,2003.0,1362.0,195.0,54.0,159.0,0.01,478.0,,,,872.3,IMD All-India Monsoon Series,2021.0,5919303.0,National Reported Water-Borne Disease Total,Rajya Sabha Unstarred Question No. 557,2021.0,CGWB Ground Water Quality Data (2024),2024.0,PARTIAL,REAL_PUBLIC_SOURCE,-0.07,-0.29,-0.07,0,30.7,0.33,0.18,0.48,0.25,0.35,0.17,MODERATE
REAL_WQ_335,Andhra Pradesh,West,Godavari,Bhimavaram Narsimhapuram-DW14,81.5019,16.5592,2024,Pre-Monsoon,Pre-Monsoon,7.12,9382.0,5258.0,2867.0,14.0,101.0,0.02,1427.0,,,,872.3,IMD All-India Monsoon Series,2021.0,5919303.0,National Reported Water-Borne Disease Total,Rajya Sabha Unstarred Question No. 557,2021.0,CGWB Ground Water Quality Data (2024),2024.0,PARTIAL,REAL_PUBLIC_SOURCE,-0.07,-0.29,0.21,1,35.7,0.33,0.25,0.48,0.25,0.35,0.83,MODERATE
REAL_WQ_336,Andhra Pradesh,West,Godavari,Pentapadu Pentapadu-DW14,81.5264,16.7964,2024,Pre-Monsoon,Pre-Monsoon,7.3,4377.0,2740.0,946.0,11.0,359.0,0.02,866.0,,,,872.3,IMD All-India Monsoon Series,2021.0,5919303.0,National Reported Water-Borne Disease Total,Rajya Sabha Unstarred Question No. 557,2021.0,CGWB Ground Water Quality Data (2024),2024.0,PARTIAL,REAL_PUBLIC_SOURCE,-0.07,-0.29,0.049,1,33.8,0.33,0.25,0.48,0.25,0.35,0.45,MODERATE
REAL_WQ_337,Andhra Pradesh,West,Godavari,Penumandra Polamuru-DW13,81.7281,16.5761,2024,Pre-Monsoon,Pre-Monsoon,7.79,2088.0,1281.0,249.0,9.0,87.0,0.3,264.0,,,,872.3,IMD All-India Monsoon Series,2021.0,5919303.0,National Reported Water-Borne Disease Total,Rajya Sabha Unstarred Question No. 557,2021.0,CGWB Ground Water Quality Data (2024),2024.0,PARTIAL,REAL_PUBLIC_SOURCE,-0.07,-0.29,-0.056,0,29.5,0.33,0.13,0.48,0.25,0.35,0.2,LOW
REAL_WQ_338,Andhra Pradesh,West,Godavari,Veeravasaram Veeravasaram,81.65,16.5422,2024,Pre-Monsoon,Pre-Monsoon,7.67,1581.0,924.0,127.0,44.0,70.0,0.01,443.0,,,,872.3,IMD All-India Monsoon Series,2021.0,5919303.0,National Reported Water-Borne Disease Total,Rajya Sabha Unstarred Question No. 557,2021.0,CGWB Ground Water Quality Data (2024),2024.0,PARTIAL,REAL_PUBLIC_SOURCE,-0.07,-0.29,-0.091,0,27.6,0.33,0.07,0.48,0.25,0.35,0.12,LOW
REAL_WQ_339,Andhra Pradesh,Ysr,Kadapa,B.G Matam Mallegudupadu,78.9788,14.7929,2024,Pre-Monsoon,Pre-Monsoon,7.25,1756.0,1240.0,133.0,62.0,480.0,0.94,774.0,,,,872.3,IMD All-India Monsoon Series,2021.0,5919303.0,National Reported Water-Borne Disease Total,Rajya Sabha Unstarred Question No. 557,2021.0,CGWB Ground Water Quality Data (2024),2024.0,PARTIAL,REAL_PUBLIC_SOURCE,-0.07,-0.29,-0.072,0,31.1,0.33,0.2,0.48,0.25,0.35,0.16,MODERATE
REAL_WQ_340,Andhra Pradesh,Ysr,Kadapa,B.Kodur Prabhalaveedu,79.0108,14.7951,2024,Pre-Monsoon,Pre-Monsoon,7.42,6912.0,5342.0,870.0,2070.0,505.0,0.45,1230.0,,,,872.3,IMD All-India Monsoon Series,2021.0,5919303.0,National Reported Water-Borne Disease Total,Rajya Sabha Unstarred Question No. 557,2021.0,CGWB Ground Water Quality Data (2024),2024.0,PARTIAL,REAL_PUBLIC_SOURCE,-0.07,-0.29,0.255,1,42.4,0.33,0.5,0.48,0.25,0.35,0.93,MODERATE
REAL_WQ_341,Andhra Pradesh,Ysr,Kadapa,B.Kodur Sagileru,78.9549,14.9506,2024,Pre-Monsoon,Pre-Monsoon,8.5,4117.0,2531.0,722.0,81.0,165.0,5.7,120.0,,,,872.3,IMD All-India Monsoon Series,2021.0,5919303.0,National Reported Water-Borne Disease Total,Rajya Sabha Unstarred Question No. 557,2021.0,CGWB Ground Water Quality Data (2024),2024.0,PARTIAL,REAL_PUBLIC_SOURCE,-0.07,-0.29,0.161,1,45.4,0.33,0.66,0.48,0.25,0.35,0.71,MODERATE
REAL_WQ_342,Andhra Pradesh,Ysr,Kadapa,BRAHMAMGARIMATHAMChowkpalli DW13,78.9186,14.915,2024,Pre-Monsoon,Pre-Monsoon,7.43,1982.0,1302.0,195.0,81.0,176.0,0.93,468.0,,,,872.3,IMD All-India Monsoon Series,2021.0,5919303.0,National Reported Water-Borne Disease Total,Rajya Sabha Unstarred Question No. 557,2021.0,CGWB Ground Water Quality Data (2024),2024.0,PARTIAL,REAL_PUBLIC_SOURCE,-0.07,-0.29,-0.078,0,33.4,0.33,0.3,0.48,0.25,0.35,0.15,MODERATE
REAL_WQ_343,Andhra Pradesh,Ysr,Kadapa,BRAHMAMGARIMATHAMVbmatham,78.8833,14.8303,2024,Pre-Monsoon,Pre-Monsoon,7.3,2473.0,1509.0,398.0,29.0,276.0,1.0,385.0,,,,872.3,IMD All-India Monsoon Series,2021.0,5919303.0,National Reported Water-Borne Disease Total,Rajya Sabha Unstarred Question No. 557,2021.0,CGWB Ground Water Quality Data (2024),2024.0,PARTIAL,REAL_PUBLIC_SOURCE,-0.07,-0.29,-0.069,0,30.3,0.33,0.17,0.48,0.25,0.35,0.17,MODERATE
REAL_WQ_344,Andhra Pradesh,Ysr,Kadapa,CHAPAD Alludupally,78.7,14.7286,2024,Pre-Monsoon,Pre-Monsoon,7.55,1022.0,674.0,79.0,6.0,62.0,0.65,202.0,,,,872.3,IMD All-India Monsoon Series,2021.0,5919303.0,National Reported Water-Borne Disease Total,Rajya Sabha Unstarred Question No. 557,2021.0,CGWB Ground Water Quality Data (2024),2024.0,PARTIAL,REAL_PUBLIC_SOURCE,-0.07,-0.29,-0.114,0,26.3,0.33,0.03,0.48,0.25,0.35,0.06,LOW
REAL_WQ_345,Andhra Pradesh,Ysr,Kadapa,CHAPAD Vishwanathpuram DW13,78.7075,14.7286,2024,Pre-Monsoon,Pre-Monsoon,7.37,955.0,566.0,71.0,34.0,84.0,0.44,239.0,,,,872.3,IMD All-India Monsoon Series,2021.0,5919303.0,National Reported Water-Borne Disease Total,Rajya Sabha Unstarred Question No. 557,2021.0,CGWB Ground Water Quality Data (2024),2024.0,PARTIAL,REAL_PUBLIC_SOURCE,-0.07,-0.29,-0.114,0,25.9,0.33,0.01,0.48,0.25,0.35,0.06,LOW
REAL_WQ_346,Andhra Pradesh,Ysr,Kadapa,D.KODUR Mallepalle,78.8875,14.8981,2024,Pre-Monsoon,Pre-Monsoon,7.81,253.0,143.0,8.0,1.0,13.0,0.17,84.0,,,,872.3,IMD All-India Monsoon Series,2021.0,5919303.0,National Reported Water-Borne Disease Total,Rajya Sabha Unstarred Question No. 557,2021.0,CGWB Ground Water Quality Data (2024),2024.0,PARTIAL,REAL_PUBLIC_SOURCE,-0.07,-0.29,-0.11,0,25.6,0.33,0.0,0.48,0.25,0.35,0.07,LOW
REAL_WQ_347,Andhra Pradesh,Ysr,Kadapa,DUVVUR Kanagudur,78.62,14.9072,2024,Pre-Monsoon,Pre-Monsoon,7.76,170.0,95.0,14.0,10.0,2.0,0.1,40.0,,,,872.3,IMD All-India Monsoon Series,2021.0,5919303.0,National Reported Water-Borne Disease Total,Rajya Sabha Unstarred Question No. 557,2021.0,CGWB Ground Water Quality Data (2024),2024.0,PARTIAL,REAL_PUBLIC_SOURCE,-0.07,-0.29,-0.089,0,25.9,0.33,0.0,0.48,0.25,0.35,0.12,LOW
REAL_WQ_348,Andhra Pradesh,Ysr,Kadapa,KHAZIPET Pathur DW13,78.775,14.6439,2024,Pre-Monsoon,Pre-Monsoon,7.0,1259.0,841.0,116.0,19.0,94.0,1.46,341.0,,,,872.3,IMD All-India Monsoon Series,2021.0,5919303.0,National Reported Water-Borne Disease Total,Rajya Sabha Unstarred Question No. 557,2021.0,CGWB Ground Water Quality Data (2024),2024.0,PARTIAL,REAL_PUBLIC_SOURCE,-0.07,-0.29,-0.08,0,27.4,0.33,0.06,0.48,0.25,0.35,0.14,LOW
REAL_WQ_349,Andhra Pradesh,Ysr,Kadapa,KONDAPURAM1 Donkapalli Satram,78.1461,14.7314,2024,Pre-Monsoon,Pre-Monsoon,7.5,1030.0,606.0,188.0,5.0,94.0,0.37,126.0,,,,872.3,IMD All-India Monsoon Series,2021.0,5919303.0,National Reported Water-Borne Disease Total,Rajya Sabha Unstarred Question No. 557,2021.0,CGWB Ground Water Quality Data (2024),2024.0,PARTIAL,REAL_PUBLIC_SOURCE,-0.07,-0.29,-0.121,0,25.9,0.33,0.02,0.48,0.25,0.35,0.05,LOW
REAL_WQ_350,Andhra Pradesh,Ysr,Kadapa,Lingala Bonala,78.1389,14.525,2024,Pre-Monsoon,Pre-Monsoon,7.3,2093.0,1340.0,347.0,25.0,348.0,0.68,486.0,,,,872.3,IMD All-India Monsoon Series,2021.0,5919303.0,National Reported Water-Borne Disease Total,Rajya Sabha Unstarred Question No. 557,2021.0,CGWB Ground Water Quality Data (2024),2024.0,PARTIAL,REAL_PUBLIC_SOURCE,-0.07,-0.29,-0.083,0,29.4,0.33,0.14,0.48,0.25,0.35,0.14,LOW
REAL_WQ_351,Andhra Pradesh,Ysr,Kadapa,LINGALA Lingala,78.1317,14.4989,2024,Pre-Monsoon,Pre-Monsoon,7.26,1937.0,1285.0,207.0,224.0,129.0,1.28,527.0,,,,872.3,IMD All-India Monsoon Series,2021.0,5919303.0,National Reported Water-Borne Disease Total,Rajya Sabha Unstarred Question No. 557,2021.0,CGWB Ground Water Quality Data (2024),2024.0,PARTIAL,REAL_PUBLIC_SOURCE,-0.07,-0.29,0.075,1,37.3,0.33,0.38,0.48,0.25,0.35,0.51,MODERATE
REAL_WQ_352,Andhra Pradesh,Ysr,Kadapa,MUDDANUR Muddanur-pz,78.4,14.6778,2024,Pre-Monsoon,Pre-Monsoon,7.63,1802.0,1134.0,263.0,27.0,96.0,1.58,166.0,,,,872.3,IMD All-India Monsoon Series,2021.0,5919303.0,National Reported Water-Borne Disease Total,Rajya Sabha Unstarred Question No. 557,2021.0,CGWB Ground Water Quality Data (2024),2024.0,PARTIAL,REAL_PUBLIC_SOURCE,-0.07,-0.29,-0.09,0,28.8,0.33,0.12,0.48,0.25,0.35,0.12,LOW
REAL_WQ_353,Andhra Pradesh,Ysr,Kadapa,Mydakur Tippyreddy Palle,78.7795,14.8533,2024,Pre-Monsoon,Pre-Monsoon,8.7,1143.0,512.0,82.0,2.0,9.0,1.67,299.0,,,,872.3,IMD All-India Monsoon Series,2021.0,5919303.0,National Reported Water-Borne Disease Total,Rajya Sabha Unstarred Question No. 557,2021.0,CGWB Ground Water Quality Data (2024),2024.0,PARTIAL,REAL_PUBLIC_SOURCE,-0.07,-0.29,0.035,1,28.5,0.33,0.05,0.48,0.25,0.35,0.41,LOW
REAL_WQ_354,Andhra Pradesh,Ysr,Kadapa,MYLAVARAM DhodiumPZ,78.22,14.9489,2024,Pre-Monsoon,Pre-Monsoon,7.71,1331.0,830.0,199.0,5.0,159.0,0.32,214.0,,,,872.3,IMD All-India Monsoon Series,2021.0,5919303.0,National Reported Water-Borne Disease Total,Rajya Sabha Unstarred Question No. 557,2021.0,CGWB Ground Water Quality Data (2024),2024.0,PARTIAL,REAL_PUBLIC_SOURCE,-0.07,-0.29,-0.099,0,27.1,0.33,0.06,0.48,0.25,0.35,0.1,LOW
REAL_WQ_355,Andhra Pradesh,Ysr,Kadapa,MYLAVARAM Talamanchipatnm,78.3125,14.9489,2024,Pre-Monsoon,Pre-Monsoon,7.5,1031.0,702.0,28.0,33.0,41.0,0.85,123.0,,,,872.3,IMD All-India Monsoon Series,2021.0,5919303.0,National Reported Water-Borne Disease Total,Rajya Sabha Unstarred Question No. 557,2021.0,CGWB Ground Water Quality Data (2024),2024.0,PARTIAL,REAL_PUBLIC_SOURCE,-0.07,-0.29,-0.106,0,26.5,0.33,0.03,0.48,0.25,0.35,0.08,LOW
REAL_WQ_356,Andhra Pradesh,Ysr,Kadapa,PENDIMARRI ULAVALAPALLI (Kondur),78.5267,14.4369,2024,Pre-Monsoon,Pre-Monsoon,7.56,2390.0,1625.0,229.0,214.0,396.0,0.59,890.0,,,,872.3,IMD All-India Monsoon Series,2021.0,5919303.0,National Reported Water-Borne Disease Total,Rajya Sabha Unstarred Question No. 557,2021.0,CGWB Ground Water Quality Data (2024),2024.0,PARTIAL,REAL_PUBLIC_SOURCE,-0.07,-0.29,0.073,1,38.7,0.33,0.44,0.48,0.25,0.35,0.51,MODERATE
REAL_WQ_357,Andhra Pradesh,Ysr,Kadapa,PULIVENDLA E.Kothapally - Pz,78.1831,14.3989,2024,Pre-Monsoon,Pre-Monsoon,7.26,851.0,508.0,75.0,82.0,80.0,0.69,330.0,,,,872.3,IMD All-India Monsoon Series,2021.0,5919303.0,National Reported Water-Borne Disease Total,Rajya Sabha Unstarred Question No. 557,2021.0,CGWB Ground Water Quality Data (2024),2024.0,PARTIAL,REAL_PUBLIC_SOURCE,-0.07,-0.29,-0.063,0,30.4,0.33,0.17,0.48,0.25,0.35,0.18,MODERATE
REAL_WQ_358,Andhra Pradesh,Ysr,Kadapa,SIMHADRIPURAM JANGAMREDDYPALLE,78.1991,14.6786,2024,Pre-Monsoon,Pre-Monsoon,7.52,730.0,434.0,40.0,34.0,25.0,0.85,246.0,,,,872.3,IMD All-India Monsoon Series,2021.0,5919303.0,National Reported Water-Borne Disease Total,Rajya Sabha Unstarred Question No. 557,2021.0,CGWB Ground Water Quality Data (2024),2024.0,PARTIAL,REAL_PUBLIC_SOURCE,-0.07,-0.29,-0.1,0,25.7,0.33,0.0,0.48,0.25,0.35,0.1,LOW
REAL_WQ_359,Andhra Pradesh,Ysr,Kadapa,Veerapunayunipalle N.Pallagiri,78.4444,14.4556,2024,Pre-Monsoon,Pre-Monsoon,7.98,2979.0,1946.0,481.0,5.0,136.0,2.53,117.0,,,,872.3,IMD All-India Monsoon Series,2021.0,5919303.0,National Reported Water-Borne Disease Total,Rajya Sabha Unstarred Question No. 557,2021.0,CGWB Ground Water Quality Data (2024),2024.0,PARTIAL,REAL_PUBLIC_SOURCE,-0.07,-0.29,0.038,1,36.6,0.33,0.37,0.48,0.25,0.35,0.42,MODERATE
REAL_WQ_360,Andhra Pradesh,Ysr,Kadapa,VEMPALLE Giddangivaripally,78.3564,14.3272,2024,Pre-Monsoon,Pre-Monsoon,7.49,1561.0,1001.0,150.0,57.0,168.0,0.94,434.0,,,,872.3,IMD All-India Monsoon Series,2021.0,5919303.0,National Reported Water-Borne Disease Total,Rajya Sabha Unstarred Question No. 557,2021.0,CGWB Ground Water Quality Data (2024),2024.0,PARTIAL,REAL_PUBLIC_SOURCE,-0.07,-0.29,-0.096,0,29.2,0.33,0.14,0.48,0.25,0.35,0.11,LOW
REAL_WQ_361,Andhra Pradesh,Ysr,Kadapa,VEMPALLE Vempally - Pz,78.4653,14.3731,2024,Pre-Monsoon,Pre-Monsoon,7.72,1041.0,662.0,63.0,39.0,49.0,0.94,250.0,,,,872.3,IMD All-India Monsoon Series,2021.0,5919303.0,National Reported Water-Borne Disease Total,Rajya Sabha Unstarred Question No. 557,2021.0,CGWB Ground Water Quality Data (2024),2024.0,PARTIAL,REAL_PUBLIC_SOURCE,-0.07,-0.29,-0.07,0,26.8,0.33,0.03,0.48,0.25,0.35,0.17,LOW
REAL_WQ_362,Andhra Pradesh,Ysr,Kadapa,YERRAGUNTLA Yerraguntla-pz,78.5394,14.6269,2024,Pre-Monsoon,Pre-Monsoon,7.36,1022.0,626.0,70.0,13.0,55.0,1.48,312.0,,,,872.3,IMD All-India Monsoon Series,2021.0,5919303.0,National Reported Water-Borne Disease Total,Rajya Sabha Unstarred Question No. 557,2021.0,CGWB Ground Water Quality Data (2024),2024.0,PARTIAL,REAL_PUBLIC_SOURCE,-0.07,-0.29,-0.12,0,26.0,0.33,0.02,0.48,0.25,0.35,0.05,LOW
REAL_WQ_363,Arunachal Pradesh,Papumpare,Kimin,Kimin,93.9707,27.3043,2024,Pre-Monsoon,Pre-Monsoon,7.8,230.0,149.0,18.0,7.0,26.0,0.98,85.0,0.068,0.31,0.24,872.3,IMD All-India Monsoon Series,2021.0,5919303.0,National Reported Water-Borne Disease Total,Rajya Sabha Unstarred Question No. 557,2021.0,CGWB Ground Water Quality Data (2024),2024.0,PARTIAL,REAL_PUBLIC_SOURCE,-0.07,-0.29,-0.104,0,25.7,0.33,0.0,0.48,0.25,0.35,0.09,LOW
REAL_WQ_364,Arunachal Pradesh,Lower,SUBANSIRI,Tamen-Raga Rajgarh,94.1523,27.4048,2024,Pre-Monsoon,Pre-Monsoon,6.62,27.0,18.0,25.0,5.0,1.0,0.87,35.0,,0.01,0.01,872.3,IMD All-India Monsoon Series,2021.0,5919303.0,National Reported Water-Borne Disease Total,Rajya Sabha Unstarred Question No. 557,2021.0,CGWB Ground Water Quality Data (2024),2024.0,PARTIAL,REAL_PUBLIC_SOURCE,-0.07,-0.29,0.023,1,27.2,0.33,0.0,0.48,0.25,0.35,0.39,LOW
REAL_WQ_365,Arunachal Pradesh,Lower,SUBANSIRI,Tamen-Raga Bomte,94.1944,27.4895,2024,Pre-Monsoon,Pre-Monsoon,6.61,50.0,32.0,25.0,4.0,1.0,0.78,35.0,0.014,0.03,0.01,872.3,IMD All-India Monsoon Series,2021.0,5919303.0,National Reported Water-Borne Disease Total,Rajya Sabha Unstarred Question No. 557,2021.0,CGWB Ground Water Quality Data (2024),2024.0,PARTIAL,REAL_PUBLIC_SOURCE,-0.07,-0.29,0.007,1,27.0,0.33,0.0,0.48,0.25,0.35,0.35,LOW
REAL_WQ_366,Arunachal Pradesh,East,SIANG,Ruksin Ruksin,95.2182,27.841,2024,Pre-Monsoon,Pre-Monsoon,7.31,429.0,279.0,74.0,2.0,25.0,0.98,115.0,0.04,0.05,0.01,872.3,IMD All-India Monsoon Series,2021.0,5919303.0,National Reported Water-Borne Disease Total,Rajya Sabha Unstarred Question No. 557,2021.0,CGWB Ground Water Quality Data (2024),2024.0,PARTIAL,REAL_PUBLIC_SOURCE,-0.07,-0.29,-0.117,0,25.6,0.33,0.0,0.48,0.25,0.35,0.06,LOW
REAL_WQ_367,Arunachal Pradesh,East,SIANG,Ruksin Oyan,95.3183,27.8902,2024,Pre-Monsoon,Pre-Monsoon,7.4,53.0,34.0,25.0,1.0,3.0,0.43,20.0,0.002,0.14,0.03,872.3,IMD All-India Monsoon Series,2021.0,5919303.0,National Reported Water-Borne Disease Total,Rajya Sabha Unstarred Question No. 557,2021.0,CGWB Ground Water Quality Data (2024),2024.0,PARTIAL,REAL_PUBLIC_SOURCE,-0.07,-0.29,-0.087,0,25.9,0.33,0.0,0.48,0.25,0.35,0.13,LOW
REAL_WQ_368,Arunachal Pradesh,East,SIANG,Ruksin Sika Baman Todee,95.3336,27.9074,2024,Pre-Monsoon,Pre-Monsoon,6.93,65.0,42.0,28.0,11.0,2.0,0.63,45.0,0.023,0.02,0.01,872.3,IMD All-India Monsoon Series,2021.0,5919303.0,National Reported Water-Borne Disease Total,Rajya Sabha Unstarred Question No. 557,2021.0,CGWB Ground Water Quality Data (2024),2024.0,PARTIAL,REAL_PUBLIC_SOURCE,-0.07,-0.29,-0.045,0,26.4,0.33,0.0,0.48,0.25,0.35,0.23,LOW
REAL_WQ_369,Arunachal Pradesh,East,SIANG,Pasighat Satmile New,95.3316,27.9767,2024,Pre-Monsoon,Pre-Monsoon,7.07,112.0,73.0,21.0,0.0,5.0,0.72,65.0,0.248,0.05,0.02,872.3,IMD All-India Monsoon Series,2021.0,5919303.0,National Reported Water-Borne Disease Total,Rajya Sabha Unstarred Question No. 557,2021.0,CGWB Ground Water Quality Data (2024),2024.0,PARTIAL,REAL_PUBLIC_SOURCE,-0.07,-0.29,-0.089,0,25.9,0.33,0.0,0.48,0.25,0.35,0.12,LOW
REAL_WQ_370,Arunachal Pradesh,East,SIANG,Pasighat Pasighat New,95.3358,28.0362,2024,Pre-Monsoon,Pre-Monsoon,7.17,64.0,42.0,21.0,7.0,3.0,0.96,40.0,0.006,0.03,0.03,872.3,IMD All-India Monsoon Series,2021.0,5919303.0,National Reported Water-Borne Disease Total,Rajya Sabha Unstarred Question No. 557,2021.0,CGWB Ground Water Quality Data (2024),2024.0,PARTIAL,REAL_PUBLIC_SOURCE,-0.07,-0.29,-0.08,0,26.0,0.33,0.0,0.48,0.25,0.35,0.14,LOW
REAL_WQ_371,Arunachal Pradesh,Papumpare,Doimukh,Doimukh,93.75,27.15,2024,Pre-Monsoon,Pre-Monsoon,8.6,220.0,143.0,25.0,5.0,21.0,0.86,65.0,1.958,5.98,0.02,872.3,IMD All-India Monsoon Series,2021.0,5919303.0,National Reported Water-Borne Disease Total,Rajya Sabha Unstarred Question No. 557,2021.0,CGWB Ground Water Quality Data (2024),2024.0,PARTIAL,REAL_PUBLIC_SOURCE,-0.07,-0.29,0.004,1,28.8,0.33,0.07,0.48,0.25,0.35,0.34,LOW
REAL_WQ_372,Arunachal Pradesh,Papumpare,Balijan,Sonajuli,93.7413,27.0281,2024,Pre-Monsoon,Pre-Monsoon,7.16,179.0,116.0,21.0,2.0,20.0,0.12,55.0,0.012,0.21,0.01,872.3,IMD All-India Monsoon Series,2021.0,5919303.0,National Reported Water-Borne Disease Total,Rajya Sabha Unstarred Question No. 557,2021.0,CGWB Ground Water Quality Data (2024),2024.0,PARTIAL,REAL_PUBLIC_SOURCE,-0.07,-0.29,-0.107,0,25.7,0.33,0.0,0.48,0.25,0.35,0.08,LOW
REAL_WQ_373,Arunachal Pradesh,Papumpare,Balijan,Holangi New,93.592,26.9623,2024,Pre-Monsoon,Pre-Monsoon,7.2,113.0,73.0,14.0,4.0,10.0,1.51,40.0,0.023,0.17,0.06,872.3,IMD All-India Monsoon Series,2021.0,5919303.0,National Reported Water-Borne Disease Total,Rajya Sabha Unstarred Question No. 557,2021.0,CGWB Ground Water Quality Data (2024),2024.0,PARTIAL,REAL_PUBLIC_SOURCE,-0.07,-0.29,-0.098,0,25.8,0.33,0.0,0.48,0.25,0.35,0.1,LOW
REAL_WQ_374,Arunachal Pradesh,Papumpare,Doimukh,Nirjuli VillII A,93.73,27.13,2024,Pre-Monsoon,Pre-Monsoon,6.82,150.0,98.0,21.0,21.0,6.0,0.71,50.0,,0.17,0.0,872.3,IMD All-India Monsoon Series,2021.0,5919303.0,National Reported Water-Borne Disease Total,Rajya Sabha Unstarred Question No. 557,2021.0,CGWB Ground Water Quality Data (2024),2024.0,PARTIAL,REAL_PUBLIC_SOURCE,-0.07,-0.29,-0.037,0,26.5,0.33,0.0,0.48,0.25,0.35,0.24,LOW
REAL_WQ_375,Arunachal Pradesh,Papumpare,Doimukh,Nirjuli VillII B,93.73,27.13,2024,Pre-Monsoon,Pre-Monsoon,6.71,97.0,63.0,14.0,6.0,7.0,1.0,50.0,,0.13,,872.3,IMD All-India Monsoon Series,2021.0,5919303.0,National Reported Water-Borne Disease Total,Rajya Sabha Unstarred Question No. 557,2021.0,CGWB Ground Water Quality Data (2024),2024.0,PARTIAL,REAL_PUBLIC_SOURCE,-0.07,-0.29,-0.036,0,26.5,0.33,0.0,0.48,0.25,0.35,0.25,LOW
REAL_WQ_376,Arunachal Pradesh,Changlang,Miao,circle Namphai,96.1086,27.4461,2024,Pre-Monsoon,Pre-Monsoon,7.1,146.0,95.0,28.0,2.0,8.0,0.82,105.0,0.286,0.03,0.02,872.3,IMD All-India Monsoon Series,2021.0,5919303.0,National Reported Water-Borne Disease Total,Rajya Sabha Unstarred Question No. 557,2021.0,CGWB Ground Water Quality Data (2024),2024.0,PARTIAL,REAL_PUBLIC_SOURCE,-0.07,-0.29,-0.098,0,25.8,0.33,0.0,0.48,0.25,0.35,0.1,LOW
REAL_WQ_377,Arunachal Pradesh,Changlang,Miao,circle Newlisan Kharsang,96.0418,27.4269,2024,Pre-Monsoon,Pre-Monsoon,6.93,117.0,76.0,28.0,2.0,8.0,1.0,75.0,0.071,0.11,0.01,872.3,IMD All-India Monsoon Series,2021.0,5919303.0,National Reported Water-Borne Disease Total,Rajya Sabha Unstarred Question No. 557,2021.0,CGWB Ground Water Quality Data (2024),2024.0,PARTIAL,REAL_PUBLIC_SOURCE,-0.07,-0.29,-0.082,0,26.0,0.33,0.0,0.48,0.25,0.35,0.14,LOW
REAL_WQ_378,Arunachal Pradesh,Changlang,Miao,circle Namchik,95.972,27.4146,2024,Pre-Monsoon,Pre-Monsoon,6.76,311.0,202.0,35.0,3.0,19.0,1.09,135.0,0.231,0.27,0.02,872.3,IMD All-India Monsoon Series,2021.0,5919303.0,National Reported Water-Borne Disease Total,Rajya Sabha Unstarred Question No. 557,2021.0,CGWB Ground Water Quality Data (2024),2024.0,PARTIAL,REAL_PUBLIC_SOURCE,-0.07,-0.29,-0.052,0,26.3,0.33,0.0,0.48,0.25,0.35,0.21,LOW
REAL_WQ_379,Arunachal Pradesh,Changlang,Manmao-Jairampur,circle Jairampur,96.0144,27.3561,2024,Pre-Monsoon,Pre-Monsoon,6.79,137.0,89.0,25.0,1.0,7.0,0.85,55.0,5.666,0.13,0.02,872.3,IMD All-India Monsoon Series,2021.0,5919303.0,National Reported Water-Borne Disease Total,Rajya Sabha Unstarred Question No. 557,2021.0,CGWB Ground Water Quality Data (2024),2024.0,PARTIAL,REAL_PUBLIC_SOURCE,-0.07,-0.29,-0.067,0,31.1,0.33,0.2,0.48,0.25,0.35,0.18,MODERATE
REAL_WQ_380,Arunachal Pradesh,Tirap,Deomali,circle Deomali,95.4628,27.1966,2024,Pre-Monsoon,Pre-Monsoon,6.6,148.0,96.0,32.0,8.0,18.0,0.75,65.0,0.042,0.04,0.0,872.3,IMD All-India Monsoon Series,2021.0,5919303.0,National Reported Water-Borne Disease Total,Rajya Sabha Unstarred Question No. 557,2021.0,CGWB Ground Water Quality Data (2024),2024.0,PARTIAL,REAL_PUBLIC_SOURCE,-0.07,-0.29,-0.021,0,26.7,0.33,0.0,0.48,0.25,0.35,0.28,LOW
REAL_WQ_381,Arunachal Pradesh,Lohit,Namsai,circle Lathow Rehab centre,95.9105,27.7408,2024,Pre-Monsoon,Pre-Monsoon,6.83,50.0,32.0,25.0,2.0,10.0,0.67,35.0,0.078,0.04,0.01,872.3,IMD All-India Monsoon Series,2021.0,5919303.0,National Reported Water-Borne Disease Total,Rajya Sabha Unstarred Question No. 557,2021.0,CGWB Ground Water Quality Data (2024),2024.0,PARTIAL,REAL_PUBLIC_SOURCE,-0.07,-0.29,-0.038,0,26.5,0.33,0.0,0.48,0.25,0.35,0.24,LOW
REAL_WQ_382,Arunachal Pradesh,Lohit,Wakro,Medo,96.1774,27.791,2024,Pre-Monsoon,Pre-Monsoon,8.31,333.0,216.0,39.0,2.0,16.0,0.3,155.0,0.66,0.17,0.06,872.3,IMD All-India Monsoon Series,2021.0,5919303.0,National Reported Water-Borne Disease Total,Rajya Sabha Unstarred Question No. 557,2021.0,CGWB Ground Water Quality Data (2024),2024.0,PARTIAL,REAL_PUBLIC_SOURCE,-0.07,-0.29,-0.059,0,26.2,0.33,0.0,0.48,0.25,0.35,0.19,LOW
REAL_WQ_383,Assam,Goalpara,Balijana,Agia,90.5641,26.0827,2024,Pre-Monsoon,Pre-Monsoon,6.67,248.0,164.0,14.0,0.0,0.0,0.55,125.0,1.465,0.11,0.05,872.3,IMD All-India Monsoon Series,2021.0,5919303.0,National Reported Water-Borne Disease Total,Rajya Sabha Unstarred Question No. 557,2021.0,CGWB Ground Water Quality Data (2024),2024.0,PARTIAL,REAL_PUBLIC_SOURCE,-0.07,-0.29,-0.042,0,27.2,0.33,0.03,0.48,0.25,0.35,0.23,LOW
REAL_WQ_384,Assam,Goalpara,Balijana,Baida,90.4168,26.0262,2024,Pre-Monsoon,Pre-Monsoon,7.2,44.0,29.0,18.0,2.0,2.0,0.0,25.0,0.386,0.04,0.05,872.3,IMD All-India Monsoon Series,2021.0,5919303.0,National Reported Water-Borne Disease Total,Rajya Sabha Unstarred Question No. 557,2021.0,CGWB Ground Water Quality Data (2024),2024.0,PARTIAL,REAL_PUBLIC_SOURCE,-0.07,-0.29,-0.077,0,26.0,0.33,0.0,0.48,0.25,0.35,0.15,LOW
REAL_WQ_385,Assam,Goalpara,Balijana,Bhalukdubi (Goalpara),90.595,26.1306,2024,Pre-Monsoon,Pre-Monsoon,6.91,93.0,61.0,18.0,1.0,1.0,0.12,55.0,1.229,0.53,0.03,872.3,IMD All-India Monsoon Series,2021.0,5919303.0,National Reported Water-Borne Disease Total,Rajya Sabha Unstarred Question No. 557,2021.0,CGWB Ground Water Quality Data (2024),2024.0,PARTIAL,REAL_PUBLIC_SOURCE,-0.07,-0.29,-0.068,0,26.5,0.33,0.02,0.48,0.25,0.35,0.17,LOW
REAL_WQ_386,Assam,Goalpara,Dudhnoi,Damra,90.7764,25.9292,2024,Pre-Monsoon,Pre-Monsoon,7.02,104.0,69.0,21.0,5.0,5.0,0.2,55.0,0.597,0.18,0.12,872.3,IMD All-India Monsoon Series,2021.0,5919303.0,National Reported Water-Borne Disease Total,Rajya Sabha Unstarred Question No. 557,2021.0,CGWB Ground Water Quality Data (2024),2024.0,PARTIAL,REAL_PUBLIC_SOURCE,-0.07,-0.29,-0.081,0,26.0,0.33,0.0,0.48,0.25,0.35,0.14,LOW
REAL_WQ_387,Assam,Goalpara,Dudhnoi,Dudhnoi,90.7817,25.9825,2024,Pre-Monsoon,Pre-Monsoon,6.98,384.0,254.0,67.0,1.0,1.0,0.0,100.0,0.833,0.14,0.01,872.3,IMD All-India Monsoon Series,2021.0,5919303.0,National Reported Water-Borne Disease Total,Rajya Sabha Unstarred Question No. 557,2021.0,CGWB Ground Water Quality Data (2024),2024.0,PARTIAL,REAL_PUBLIC_SOURCE,-0.07,-0.29,-0.08,0,26.0,0.33,0.0,0.48,0.25,0.35,0.14,LOW
REAL_WQ_388,Assam,Goalpara,Dudhnoi,Dudhnoi II,90.7758,25.9519,2024,Pre-Monsoon,Pre-Monsoon,7.08,396.0,261.0,67.0,1.0,1.0,0.13,140.0,0.846,0.11,0.01,872.3,IMD All-India Monsoon Series,2021.0,5919303.0,National Reported Water-Borne Disease Total,Rajya Sabha Unstarred Question No. 557,2021.0,CGWB Ground Water Quality Data (2024),2024.0,PARTIAL,REAL_PUBLIC_SOURCE,-0.07,-0.29,-0.089,0,25.9,0.33,0.0,0.48,0.25,0.35,0.12,LOW
REAL_WQ_389,Assam,Goalpara,Balijana,Dwarka,90.4953,26.0564,2024,Pre-Monsoon,Pre-Monsoon,7.35,126.0,83.0,21.0,2.0,2.0,0.23,50.0,0.237,0.38,0.05,872.3,IMD All-India Monsoon Series,2021.0,5919303.0,National Reported Water-Borne Disease Total,Rajya Sabha Unstarred Question No. 557,2021.0,CGWB Ground Water Quality Data (2024),2024.0,PARTIAL,REAL_PUBLIC_SOURCE,-0.07,-0.29,-0.114,0,25.6,0.33,0.0,0.48,0.25,0.35,0.06,LOW
REAL_WQ_390,Assam,Goalpara,Krishnai,Krishnai New,90.6617,26.0347,2024,Pre-Monsoon,Pre-Monsoon,7.34,130.0,86.0,25.0,1.0,1.0,0.16,45.0,0.17,0.12,0.02,872.3,IMD All-India Monsoon Series,2021.0,5919303.0,National Reported Water-Borne Disease Total,Rajya Sabha Unstarred Question No. 557,2021.0,CGWB Ground Water Quality Data (2024),2024.0,PARTIAL,REAL_PUBLIC_SOURCE,-0.07,-0.29,-0.115,0,25.6,0.33,0.0,0.48,0.25,0.35,0.06,LOW
REAL_WQ_391,Assam,Goalpara,Dudhnoi,Pattapara,90.9058,25.9678,2024,Pre-Monsoon,Pre-Monsoon,7.39,106.0,70.0,28.0,2.0,2.0,0.18,40.0,0.237,0.19,0.05,872.3,IMD All-India Monsoon Series,2021.0,5919303.0,National Reported Water-Borne Disease Total,Rajya Sabha Unstarred Question No. 557,2021.0,CGWB Ground Water Quality Data (2024),2024.0,PARTIAL,REAL_PUBLIC_SOURCE,-0.07,-0.29,-0.107,0,25.7,0.33,0.0,0.48,0.25,0.35,0.08,LOW
REAL_WQ_392,Assam,Goalpara,Rongjuli,Rongjuli,90.925,25.9672,2024,Pre-Monsoon,Pre-Monsoon,7.38,105.0,69.0,21.0,1.0,1.0,0.0,45.0,0.27,0.21,0.06,872.3,IMD All-India Monsoon Series,2021.0,5919303.0,National Reported Water-Borne Disease Total,Rajya Sabha Unstarred Question No. 557,2021.0,CGWB Ground Water Quality Data (2024),2024.0,PARTIAL,REAL_PUBLIC_SOURCE,-0.07,-0.29,-0.107,0,25.7,0.33,0.0,0.48,0.25,0.35,0.08,LOW
REAL_WQ_393,Assam,Goalpara,Krishnai,Salpara,90.7008,26.0128,2024,Pre-Monsoon,Pre-Monsoon,7.27,118.0,78.0,18.0,2.0,2.0,0.17,45.0,0.177,0.3,0.05,872.3,IMD All-India Monsoon Series,2021.0,5919303.0,National Reported Water-Borne Disease Total,Rajya Sabha Unstarred Question No. 557,2021.0,CGWB Ground Water Quality Data (2024),2024.0,PARTIAL,REAL_PUBLIC_SOURCE,-0.07,-0.29,-0.109,0,25.6,0.33,0.0,0.48,0.25,0.35,0.07,LOW
REAL_WQ_394,Assam,Goalpara,Rongjuli,Sarapara,90.9525,25.9714,2024,Pre-Monsoon,Pre-Monsoon,7.41,260.0,171.0,18.0,0.0,0.0,0.71,100.0,5.163,24.11,0.0,872.3,IMD All-India Monsoon Series,2021.0,5919303.0,National Reported Water-Borne Disease Total,Rajya Sabha Unstarred Question No. 557,2021.0,CGWB Ground Water Quality Data (2024),2024.0,PARTIAL,REAL_PUBLIC_SOURCE,-0.07,-0.29,-0.115,0,30.6,0.33,0.2,0.48,0.25,0.35,0.06,MODERATE
REAL_WQ_395,Assam,Goalpara,Rongjuli,Teuli,90.5136,26.0736,2024,Pre-Monsoon,Pre-Monsoon,7.85,82.0,54.0,18.0,3.0,3.0,0.14,35.0,0.303,0.22,0.26,872.3,IMD All-India Monsoon Series,2021.0,5919303.0,National Reported Water-Borne Disease Total,Rajya Sabha Unstarred Question No. 557,2021.0,CGWB Ground Water Quality Data (2024),2024.0,PARTIAL,REAL_PUBLIC_SOURCE,-0.07,-0.29,-0.082,0,26.0,0.33,0.0,0.48,0.25,0.35,0.14,LOW
REAL_WQ_396,Assam,Kamrup,Boko,Bamunigaon,91.3244,26.0236,2024,Pre-Monsoon,Pre-Monsoon,7.68,89.0,59.0,25.0,1.0,1.0,0.15,45.0,0.135,0.23,0.1,872.3,IMD All-India Monsoon Series,2021.0,5919303.0,National Reported Water-Borne Disease Total,Rajya Sabha Unstarred Question No. 557,2021.0,CGWB Ground Water Quality Data (2024),2024.0,PARTIAL,REAL_PUBLIC_SOURCE,-0.07,-0.29,-0.093,0,25.8,0.33,0.0,0.48,0.25,0.35,0.11,LOW
REAL_WQ_397,Assam,Kamrup,Boko,Boko,91.245,25.9833,2024,Pre-Monsoon,Pre-Monsoon,7.48,160.0,106.0,18.0,2.0,2.0,0.45,65.0,0.256,0.09,0.02,872.3,IMD All-India Monsoon Series,2021.0,5919303.0,National Reported Water-Borne Disease Total,Rajya Sabha Unstarred Question No. 557,2021.0,CGWB Ground Water Quality Data (2024),2024.0,PARTIAL,REAL_PUBLIC_SOURCE,-0.07,-0.29,-0.113,0,25.6,0.33,0.0,0.48,0.25,0.35,0.07,LOW
REAL_WQ_398,Assam,Kamrup,Chhaygaon,Chhaygaon,91.3597,26.0411,2024,Pre-Monsoon,Pre-Monsoon,7.48,295.0,194.0,21.0,2.0,2.0,0.18,155.0,0.146,0.05,0.06,872.3,IMD All-India Monsoon Series,2021.0,5919303.0,National Reported Water-Borne Disease Total,Rajya Sabha Unstarred Question No. 557,2021.0,CGWB Ground Water Quality Data (2024),2024.0,PARTIAL,REAL_PUBLIC_SOURCE,-0.07,-0.29,-0.113,0,25.6,0.33,0.0,0.48,0.25,0.35,0.07,LOW
REAL_WQ_399,Assam,Kamrup,Chhaygaon,Mirza,91.5472,26.0931,2024,Pre-Monsoon,Pre-Monsoon,7.87,149.0,99.0,25.0,7.0,7.0,0.19,60.0,0.213,0.18,0.13,872.3,IMD All-India Monsoon Series,2021.0,5919303.0,National Reported Water-Borne Disease Total,Rajya Sabha Unstarred Question No. 557,2021.0,CGWB Ground Water Quality Data (2024),2024.0,PARTIAL,REAL_PUBLIC_SOURCE,-0.07,-0.29,-0.085,0,25.9,0.33,0.0,0.48,0.25,0.35,0.13,LOW
REAL_WQ_400,Assam,Kamrup,Rongjuli,Rajapara,91.1133,25.9458,2024,Pre-Monsoon,Pre-Monsoon,7.97,51.0,34.0,18.0,1.0,1.0,0.13,25.0,0.483,0.36,0.07,872.3,IMD All-India Monsoon Series,2021.0,5919303.0,National Reported Water-Borne Disease Total,Rajya Sabha Unstarred Question No. 557,2021.0,CGWB Ground Water Quality Data (2024),2024.0,PARTIAL,REAL_PUBLIC_SOURCE,-0.07,-0.29,-0.053,0,26.3,0.33,0.0,0.48,0.25,0.35,0.21,LOW
REAL_WQ_401,Assam,Kamrup,Rani,Rani,91.5863,26.0412,2024,Pre-Monsoon,Pre-Monsoon,7.55,179.0,118.0,25.0,3.0,3.0,0.42,65.0,1.826,0.36,0.09,872.3,IMD All-India Monsoon Series,2021.0,5919303.0,National Reported Water-Borne Disease Total,Rajya Sabha Unstarred Question No. 557,2021.0,CGWB Ground Water Quality Data (2024),2024.0,PARTIAL,REAL_PUBLIC_SOURCE,-0.07,-0.29,-0.108,0,27.0,0.33,0.06,0.48,0.25,0.35,0.08,LOW
REAL_WQ_402,Assam,Kamrup,Rani,Rani II,91.6061,26.0651,2024,Pre-Monsoon,Pre-Monsoon,7.56,219.0,144.0,28.0,2.0,2.0,0.34,95.0,0.889,0.84,0.29,872.3,IMD All-India Monsoon Series,2021.0,5919303.0,National Reported Water-Borne Disease Total,Rajya Sabha Unstarred Question No. 557,2021.0,CGWB Ground Water Quality Data (2024),2024.0,PARTIAL,REAL_PUBLIC_SOURCE,-0.07,-0.29,-0.116,0,25.6,0.33,0.0,0.48,0.25,0.35,0.06,LOW
REAL_WQ_403,Assam,Goalpara,Matia,Dekdhowa,90.6677,26.1442,2024,Pre-Monsoon,Pre-Monsoon,7.15,41.0,24.0,28.0,16.0,18.0,0.08,55.0,12.922,1.36,7.45,872.3,IMD All-India Monsoon Series,2021.0,5919303.0,National Reported Water-Borne Disease Total,Rajya Sabha Unstarred Question No. 557,2021.0,CGWB Ground Water Quality Data (2024),2024.0,PARTIAL,REAL_PUBLIC_SOURCE,-0.07,-0.29,-0.045,0,31.4,0.33,0.2,0.48,0.25,0.35,0.23,MODERATE
REAL_WQ_404,Assam,Goalpara,Balijana,Pancharatna,90.5772,26.1983,2024,Pre-Monsoon,Pre-Monsoon,6.96,179.0,108.0,28.0,1.0,6.0,0.72,75.0,1.065,0.5,0.03,872.3,IMD All-India Monsoon Series,2021.0,5919303.0,National Reported Water-Borne Disease Total,Rajya Sabha Unstarred Question No. 557,2021.0,CGWB Ground Water Quality Data (2024),2024.0,PARTIAL,REAL_PUBLIC_SOURCE,-0.07,-0.29,-0.088,0,26.0,0.33,0.0,0.48,0.25,0.35,0.13,LOW
REAL_WQ_405,Assam,Goalpara,Kharmuza,Bamirampara,90.4868,26.1477,2024,Pre-Monsoon,Pre-Monsoon,7.01,188.0,113.0,35.0,3.0,6.0,1.09,95.0,1.457,0.85,0.04,872.3,IMD All-India Monsoon Series,2021.0,5919303.0,National Reported Water-Borne Disease Total,Rajya Sabha Unstarred Question No. 557,2021.0,CGWB Ground Water Quality Data (2024),2024.0,PARTIAL,REAL_PUBLIC_SOURCE,-0.07,-0.29,-0.092,0,26.6,0.33,0.03,0.48,0.25,0.35,0.11,LOW
REAL_WQ_406,Assam,Goalpara,Lakhipur,Shilapani,90.3113,26.0453,2024,Pre-Monsoon,Pre-Monsoon,7.34,39.0,23.0,32.0,2.0,4.0,0.0,45.0,0.362,0.03,0.05,872.3,IMD All-India Monsoon Series,2021.0,5919303.0,National Reported Water-Borne Disease Total,Rajya Sabha Unstarred Question No. 557,2021.0,CGWB Ground Water Quality Data (2024),2024.0,PARTIAL,REAL_PUBLIC_SOURCE,-0.07,-0.29,-0.078,0,26.0,0.33,0.0,0.48,0.25,0.35,0.15,LOW
REAL_WQ_407,Assam,Goalpara,Jaleswar,Hatimura,90.2336,26.016,2024,Pre-Monsoon,Pre-Monsoon,6.88,37.0,22.0,14.0,2.0,6.0,0.41,15.0,0.365,0.03,0.05,872.3,IMD All-India Monsoon Series,2021.0,5919303.0,National Reported Water-Borne Disease Total,Rajya Sabha Unstarred Question No. 557,2021.0,CGWB Ground Water Quality Data (2024),2024.0,PARTIAL,REAL_PUBLIC_SOURCE,-0.07,-0.29,-0.04,0,26.5,0.33,0.0,0.48,0.25,0.35,0.24,LOW
REAL_WQ_408,Assam,Kamrup,Bejera,Dora Kahara,91.7121,26.2899,2024,Pre-Monsoon,Pre-Monsoon,7.21,600.0,390.0,53.0,12.0,17.0,0.81,225.0,0.626,0.19,0.56,872.3,IMD All-India Monsoon Series,2021.0,5919303.0,National Reported Water-Borne Disease Total,Rajya Sabha Unstarred Question No. 557,2021.0,CGWB Ground Water Quality Data (2024),2024.0,PARTIAL,REAL_PUBLIC_SOURCE,-0.07,-0.29,-0.102,0,25.7,0.33,0.0,0.48,0.25,0.35,0.09,LOW
REAL_WQ_409,Assam,Kamrup,Rangia,Rangia new,91.6236,26.4376,2024,Pre-Monsoon,Pre-Monsoon,8.42,735.0,478.0,50.0,0.0,14.0,0.38,185.0,0.089,0.47,0.68,872.3,IMD All-India Monsoon Series,2021.0,5919303.0,National Reported Water-Borne Disease Total,Rajya Sabha Unstarred Question No. 557,2021.0,CGWB Ground Water Quality Data (2024),2024.0,PARTIAL,REAL_PUBLIC_SOURCE,-0.07,-0.29,-0.008,0,26.8,0.33,0.0,0.48,0.25,0.35,0.31,LOW
REAL_WQ_410,Assam,Kamrup,Rangia,Darkuchi,91.6026,26.5413,2024,Pre-Monsoon,Pre-Monsoon,6.98,148.0,96.0,39.0,1.0,14.0,0.0,30.0,1.384,0.4,0.16,872.3,IMD All-India Monsoon Series,2021.0,5919303.0,National Reported Water-Borne Disease Total,Rajya Sabha Unstarred Question No. 557,2021.0,CGWB Ground Water Quality Data (2024),2024.0,PARTIAL,REAL_PUBLIC_SOURCE,-0.07,-0.29,-0.088,0,26.5,0.33,0.03,0.48,0.25,0.35,0.13,LOW
REAL_WQ_411,Assam,Kamrup,Bezera,Madanpur,91.7164,26.3172,2024,Pre-Monsoon,Pre-Monsoon,6.67,382.0,248.0,35.0,3.0,14.0,0.21,130.0,0.284,0.5,0.73,872.3,IMD All-India Monsoon Series,2021.0,5919303.0,National Reported Water-Borne Disease Total,Rajya Sabha Unstarred Question No. 557,2021.0,CGWB Ground Water Quality Data (2024),2024.0,PARTIAL,REAL_PUBLIC_SOURCE,-0.07,-0.29,-0.03,0,26.6,0.33,0.0,0.48,0.25,0.35,0.26,LOW
REAL_WQ_412,Assam,Kamrup,Bejera,Dhobartari,91.6903,26.2482,2024,Pre-Monsoon,Pre-Monsoon,8.41,529.0,344.0,82.0,9.0,14.0,0.13,175.0,,22.74,1.89,872.3,IMD All-India Monsoon Series,2021.0,5919303.0,National Reported Water-Borne Disease Total,Rajya Sabha Unstarred Question No. 557,2021.0,CGWB Ground Water Quality Data (2024),2024.0,PARTIAL,REAL_PUBLIC_SOURCE,-0.07,-0.29,-0.009,0,26.8,0.33,0.0,0.48,0.25,0.35,0.31,LOW
REAL_WQ_413,Assam,Kamrup,Sualkuchi,Sualkuchi,91.5708,26.1674,2024,Pre-Monsoon,Pre-Monsoon,6.54,1260.0,819.0,142.0,43.0,15.0,2.26,470.0,0.364,4.59,11.65,872.3,IMD All-India Monsoon Series,2021.0,5919303.0,National Reported Water-Borne Disease Total,Rajya Sabha Unstarred Question No. 557,2021.0,CGWB Ground Water Quality Data (2024),2024.0,PARTIAL,REAL_PUBLIC_SOURCE,-0.07,-0.29,0.031,1,30.3,0.33,0.12,0.48,0.25,0.35,0.41,MODERATE
REAL_WQ_414,Assam,Kamrup,Sualkuchi,Alikash Adarsh,91.6145,26.2258,2024,Pre-Monsoon,Pre-Monsoon,6.99,1716.0,1115.0,238.0,6.0,51.0,0.87,420.0,0.052,0.24,21.07,872.3,IMD All-India Monsoon Series,2021.0,5919303.0,National Reported Water-Borne Disease Total,Rajya Sabha Unstarred Question No. 557,2021.0,CGWB Ground Water Quality Data (2024),2024.0,PARTIAL,REAL_PUBLIC_SOURCE,-0.07,-0.29,-0.06,0,28.3,0.33,0.08,0.48,0.25,0.35,0.19,LOW
REAL_WQ_415,Assam,Kamrup,Sualkuchi,Pakor Kona,91.5997,26.2321,2024,Pre-Monsoon,Pre-Monsoon,8.36,1120.0,728.0,149.0,45.0,26.0,0.0,195.0,0.404,0.15,0.04,872.3,IMD All-India Monsoon Series,2021.0,5919303.0,National Reported Water-Borne Disease Total,Rajya Sabha Unstarred Question No. 557,2021.0,CGWB Ground Water Quality Data (2024),2024.0,PARTIAL,REAL_PUBLIC_SOURCE,-0.07,-0.29,0.024,1,28.0,0.33,0.03,0.48,0.25,0.35,0.39,LOW
REAL_WQ_416,Assam,Kamrup,Sualkuchi,Hajo,91.5276,26.2515,2024,Pre-Monsoon,Pre-Monsoon,7.51,153.0,99.0,138.0,2.0,87.0,0.0,474.0,0.244,0.21,0.1,872.3,IMD All-India Monsoon Series,2021.0,5919303.0,National Reported Water-Borne Disease Total,Rajya Sabha Unstarred Question No. 557,2021.0,CGWB Ground Water Quality Data (2024),2024.0,PARTIAL,REAL_PUBLIC_SOURCE,-0.07,-0.29,-0.11,0,25.6,0.33,0.0,0.48,0.25,0.35,0.07,LOW
REAL_WQ_417,Assam,Kamrup,Jalah,Jalah,91.7216,26.2317,2024,Pre-Monsoon,Pre-Monsoon,7.2,143.0,93.0,35.0,11.0,15.0,1.18,60.0,0.411,1.26,1.7,872.3,IMD All-India Monsoon Series,2021.0,5919303.0,National Reported Water-Borne Disease Total,Rajya Sabha Unstarred Question No. 557,2021.0,CGWB Ground Water Quality Data (2024),2024.0,PARTIAL,REAL_PUBLIC_SOURCE,-0.07,-0.29,-0.093,0,25.8,0.33,0.0,0.48,0.25,0.35,0.11,LOW
REAL_WQ_418,Assam,Darrang,Pathorighat,Malibaritari,91.7948,26.4735,2024,Pre-Monsoon,Pre-Monsoon,6.79,407.0,264.0,152.0,11.0,26.0,0.0,455.0,0.395,0.19,0.01,872.3,IMD All-India Monsoon Series,2021.0,5919303.0,National Reported Water-Borne Disease Total,Rajya Sabha Unstarred Question No. 557,2021.0,CGWB Ground Water Quality Data (2024),2024.0,PARTIAL,REAL_PUBLIC_SOURCE,-0.07,-0.29,-0.042,0,26.4,0.33,0.0,0.48,0.25,0.35,0.23,LOW
REAL_WQ_419,Assam,Udalguri,Khoirabari,Bhergaon,91.8257,26.6792,2024,Pre-Monsoon,Pre-Monsoon,7.5,1117.0,726.0,28.0,1.0,9.0,0.61,55.0,0.669,0.37,0.03,872.3,IMD All-India Monsoon Series,2021.0,5919303.0,National Reported Water-Borne Disease Total,Rajya Sabha Unstarred Question No. 557,2021.0,CGWB Ground Water Quality Data (2024),2024.0,PARTIAL,REAL_PUBLIC_SOURCE,-0.07,-0.29,-0.112,0,26.4,0.33,0.03,0.48,0.25,0.35,0.07,LOW
REAL_WQ_420,Assam,Udalguri,Borangjuli,Borangjuli,91.8056,26.7394,2024,Pre-Monsoon,Pre-Monsoon,7.35,148.0,96.0,25.0,5.0,22.0,0.0,60.0,0.419,0.17,0.04,872.3,IMD All-India Monsoon Series,2021.0,5919303.0,National Reported Water-Borne Disease Total,Rajya Sabha Unstarred Question No. 557,2021.0,CGWB Ground Water Quality Data (2024),2024.0,PARTIAL,REAL_PUBLIC_SOURCE,-0.07,-0.29,-0.108,0,25.6,0.33,0.0,0.48,0.25,0.35,0.08,LOW
REAL_WQ_421,Assam,Udalguri,Garaibari,Kachabil,91.9086,26.75,2024,Pre-Monsoon,Pre-Monsoon,7.27,121.0,79.0,35.0,7.0,13.0,0.34,45.0,0.449,0.23,0.03,872.3,IMD All-India Monsoon Series,2021.0,5919303.0,National Reported Water-Borne Disease Total,Rajya Sabha Unstarred Question No. 557,2021.0,CGWB Ground Water Quality Data (2024),2024.0,PARTIAL,REAL_PUBLIC_SOURCE,-0.07,-0.29,-0.104,0,25.7,0.33,0.0,0.48,0.25,0.35,0.09,LOW
REAL_WQ_422,Assam,Udalguri,Paneri,Paneri,91.9369,26.7305,2024,Pre-Monsoon,Pre-Monsoon,7.17,125.0,81.0,35.0,4.0,11.0,0.0,50.0,0.461,0.65,0.12,872.3,IMD All-India Monsoon Series,2021.0,5919303.0,National Reported Water-Borne Disease Total,Rajya Sabha Unstarred Question No. 557,2021.0,CGWB Ground Water Quality Data (2024),2024.0,PARTIAL,REAL_PUBLIC_SOURCE,-0.07,-0.29,-0.097,0,25.8,0.33,0.0,0.48,0.25,0.35,0.1,LOW
REAL_WQ_423,Assam,Udalguri,Kalaigaon,Kalaigaon,91.9807,26.5675,2024,Pre-Monsoon,Pre-Monsoon,6.82,460.0,299.0,53.0,5.0,28.0,0.0,120.0,0.522,0.92,0.61,872.3,IMD All-India Monsoon Series,2021.0,5919303.0,National Reported Water-Borne Disease Total,Rajya Sabha Unstarred Question No. 557,2021.0,CGWB Ground Water Quality Data (2024),2024.0,PARTIAL,REAL_PUBLIC_SOURCE,-0.07,-0.29,-0.048,0,26.4,0.33,0.0,0.48,0.25,0.35,0.22,LOW
REAL_WQ_424,Assam,Darrang,Paschim,Mangaldai Deha Chuburi,92.0198,26.5127,2024,Pre-Monsoon,Pre-Monsoon,8.37,499.0,324.0,53.0,2.0,35.0,0.64,195.0,0.217,6.01,0.78,872.3,IMD All-India Monsoon Series,2021.0,5919303.0,National Reported Water-Borne Disease Total,Rajya Sabha Unstarred Question No. 557,2021.0,CGWB Ground Water Quality Data (2024),2024.0,PARTIAL,REAL_PUBLIC_SOURCE,-0.07,-0.29,-0.041,0,26.4,0.33,0.0,0.48,0.25,0.35,0.24,LOW
REAL_WQ_425,Assam,Darrang,Paschim,Mangaldai Mangaldoi,92.017,26.4314,2024,Pre-Monsoon,Pre-Monsoon,6.84,623.0,405.0,57.0,3.0,25.0,0.71,240.0,1.142,0.23,0.8,872.3,IMD All-India Monsoon Series,2021.0,5919303.0,National Reported Water-Borne Disease Total,Rajya Sabha Unstarred Question No. 557,2021.0,CGWB Ground Water Quality Data (2024),2024.0,PARTIAL,REAL_PUBLIC_SOURCE,-0.07,-0.29,-0.053,0,26.5,0.33,0.01,0.48,0.25,0.35,0.21,LOW
REAL_WQ_426,Assam,Darrang,Bhakatpara,Konakat,92.191,26.533,2024,Pre-Monsoon,Pre-Monsoon,6.88,843.0,548.0,82.0,25.0,15.0,0.0,75.0,0.154,0.07,0.12,872.3,IMD All-India Monsoon Series,2021.0,5919303.0,National Reported Water-Borne Disease Total,Rajya Sabha Unstarred Question No. 557,2021.0,CGWB Ground Water Quality Data (2024),2024.0,PARTIAL,REAL_PUBLIC_SOURCE,-0.07,-0.29,-0.061,0,26.4,0.33,0.01,0.48,0.25,0.35,0.19,LOW
REAL_WQ_427,Assam,Darrang,Bechimari,No.3 Baruajhar,92.1483,26.6174,2024,Pre-Monsoon,Pre-Monsoon,7.37,447.0,291.0,71.0,45.0,23.0,0.0,140.0,0.154,0.39,0.16,872.3,IMD All-India Monsoon Series,2021.0,5919303.0,National Reported Water-Borne Disease Total,Rajya Sabha Unstarred Question No. 557,2021.0,CGWB Ground Water Quality Data (2024),2024.0,PARTIAL,REAL_PUBLIC_SOURCE,-0.07,-0.29,-0.078,0,26.0,0.33,0.0,0.48,0.25,0.35,0.15,LOW
REAL_WQ_428,Assam,Udalguri,Udalguri,No.2 Botabari,92.1092,26.7141,2024,Pre-Monsoon,Pre-Monsoon,6.55,343.0,223.0,39.0,16.0,11.0,0.0,100.0,0.968,0.68,0.31,872.3,IMD All-India Monsoon Series,2021.0,5919303.0,National Reported Water-Borne Disease Total,Rajya Sabha Unstarred Question No. 557,2021.0,CGWB Ground Water Quality Data (2024),2024.0,PARTIAL,REAL_PUBLIC_SOURCE,-0.07,-0.29,-0.0,0,26.9,0.33,0.0,0.48,0.25,0.35,0.33,LOW
REAL_WQ_429,Assam,Udalguri,Udalguri,Purani Goraibari,92.0989,26.7383,2024,Pre-Monsoon,Pre-Monsoon,6.8,133.0,87.0,53.0,3.0,39.0,0.16,270.0,1.373,1.08,0.08,872.3,IMD All-India Monsoon Series,2021.0,5919303.0,National Reported Water-Borne Disease Total,Rajya Sabha Unstarred Question No. 557,2021.0,CGWB Ground Water Quality Data (2024),2024.0,PARTIAL,REAL_PUBLIC_SOURCE,-0.07,-0.29,-0.065,0,26.8,0.33,0.02,0.48,0.25,0.35,0.18,LOW
REAL_WQ_430,Assam,Udalguri,Udalguri,Goroibari,92.1417,26.7514,2024,Pre-Monsoon,Pre-Monsoon,6.96,338.0,220.0,78.0,5.0,26.0,0.0,260.0,8.491,0.26,0.02,872.3,IMD All-India Monsoon Series,2021.0,5919303.0,National Reported Water-Borne Disease Total,Rajya Sabha Unstarred Question No. 557,2021.0,CGWB Ground Water Quality Data (2024),2024.0,PARTIAL,REAL_PUBLIC_SOURCE,-0.07,-0.29,-0.083,0,30.9,0.33,0.2,0.48,0.25,0.35,0.14,MODERATE
REAL_WQ_431,Assam,Sonitpur,Dhekiajuli,Dhekiajuli,92.4708,26.7031,2024,Pre-Monsoon,Pre-Monsoon,6.93,135.0,88.0,21.0,2.0,16.0,0.0,65.0,0.232,0.28,2.12,872.3,IMD All-India Monsoon Series,2021.0,5919303.0,National Reported Water-Borne Disease Total,Rajya Sabha Unstarred Question No. 557,2021.0,CGWB Ground Water Quality Data (2024),2024.0,PARTIAL,REAL_PUBLIC_SOURCE,-0.07,-0.29,-0.085,0,25.9,0.33,0.0,0.48,0.25,0.35,0.13,LOW
REAL_WQ_432,Assam,Sonitpur,Barchola,Barchola,92.3802,26.6054,2024,Pre-Monsoon,Pre-Monsoon,7.16,223.0,145.0,39.0,0.0,25.0,0.5,80.0,0.103,0.55,0.01,872.3,IMD All-India Monsoon Series,2021.0,5919303.0,National Reported Water-Borne Disease Total,Rajya Sabha Unstarred Question No. 557,2021.0,CGWB Ground Water Quality Data (2024),2024.0,PARTIAL,REAL_PUBLIC_SOURCE,-0.07,-0.29,-0.103,0,25.7,0.33,0.0,0.48,0.25,0.35,0.09,LOW
REAL_WQ_433,Assam,Sonitpur,Dhekiajuli,Panbari,92.4681,26.7695,2024,Pre-Monsoon,Pre-Monsoon,7.12,235.0,153.0,50.0,14.0,12.0,0.57,60.0,0.409,0.34,0.12,872.3,IMD All-India Monsoon Series,2021.0,5919303.0,National Reported Water-Borne Disease Total,Rajya Sabha Unstarred Question No. 557,2021.0,CGWB Ground Water Quality Data (2024),2024.0,PARTIAL,REAL_PUBLIC_SOURCE,-0.07,-0.29,-0.084,0,25.9,0.33,0.0,0.48,0.25,0.35,0.13,LOW
REAL_WQ_434,Assam,Sonitpur,Dhekiajuli,Batasipur,92.4461,26.8083,2024,Pre-Monsoon,Pre-Monsoon,7.21,144.0,94.0,82.0,7.0,49.0,0.0,70.0,1.229,0.51,0.07,872.3,IMD All-India Monsoon Series,2021.0,5919303.0,National Reported Water-Borne Disease Total,Rajya Sabha Unstarred Question No. 557,2021.0,CGWB Ground Water Quality Data (2024),2024.0,PARTIAL,REAL_PUBLIC_SOURCE,-0.07,-0.29,-0.102,0,26.1,0.33,0.02,0.48,0.25,0.35,0.09,LOW
REAL_WQ_435,Assam,Sonitpur,Gabhoru,Bihuguri,92.6624,26.6783,2024,Pre-Monsoon,Pre-Monsoon,7.27,463.0,301.0,43.0,0.0,5.0,0.0,50.0,0.841,1.49,0.16,872.3,IMD All-India Monsoon Series,2021.0,5919303.0,National Reported Water-Borne Disease Total,Rajya Sabha Unstarred Question No. 557,2021.0,CGWB Ground Water Quality Data (2024),2024.0,PARTIAL,REAL_PUBLIC_SOURCE,-0.07,-0.29,-0.106,0,25.7,0.33,0.0,0.48,0.25,0.35,0.08,LOW
REAL_WQ_436,Assam,Sonitpur,Gabhoru,Garumari,92.7759,26.7547,2024,Pre-Monsoon,Pre-Monsoon,7.32,165.0,107.0,32.0,6.0,17.0,0.0,90.0,0.134,0.15,0.03,872.3,IMD All-India Monsoon Series,2021.0,5919303.0,National Reported Water-Borne Disease Total,Rajya Sabha Unstarred Question No. 557,2021.0,CGWB Ground Water Quality Data (2024),2024.0,PARTIAL,REAL_PUBLIC_SOURCE,-0.07,-0.29,-0.11,0,25.6,0.33,0.0,0.48,0.25,0.35,0.07,LOW
REAL_WQ_437,Assam,Sonitpur,Balipara,Charduar,92.7802,26.8546,2024,Pre-Monsoon,Pre-Monsoon,7.53,290.0,189.0,25.0,5.0,23.0,0.0,45.0,0.26,0.14,0.97,872.3,IMD All-India Monsoon Series,2021.0,5919303.0,National Reported Water-Borne Disease Total,Rajya Sabha Unstarred Question No. 557,2021.0,CGWB Ground Water Quality Data (2024),2024.0,PARTIAL,REAL_PUBLIC_SOURCE,-0.07,-0.29,-0.108,0,25.7,0.33,0.0,0.48,0.25,0.35,0.08,LOW
REAL_WQ_438,Assam,Sonitpur,Bihaguri,Nameri,92.8084,26.9261,2024,Pre-Monsoon,Pre-Monsoon,7.38,275.0,179.0,28.0,6.0,18.0,0.0,75.0,5.165,2.03,0.12,872.3,IMD All-India Monsoon Series,2021.0,5919303.0,National Reported Water-Borne Disease Total,Rajya Sabha Unstarred Question No. 557,2021.0,CGWB Ground Water Quality Data (2024),2024.0,PARTIAL,REAL_PUBLIC_SOURCE,-0.07,-0.29,-0.117,0,30.5,0.33,0.2,0.48,0.25,0.35,0.06,MODERATE
REAL_WQ_439,Assam,Sonitpur,Bihaguri,Bhalukpung,92.6655,27.001,2024,Pre-Monsoon,Pre-Monsoon,7.65,137.0,89.0,21.0,1.0,4.0,0.35,95.0,0.234,0.25,0.06,872.3,IMD All-India Monsoon Series,2021.0,5919303.0,National Reported Water-Borne Disease Total,Rajya Sabha Unstarred Question No. 557,2021.0,CGWB Ground Water Quality Data (2024),2024.0,PARTIAL,REAL_PUBLIC_SOURCE,-0.07,-0.29,-0.106,0,25.7,0.33,0.0,0.48,0.25,0.35,0.08,LOW
REAL_WQ_440,Assam,Sonitpur,Balipara,Balipara,92.7819,26.8231,2024,Pre-Monsoon,Pre-Monsoon,7.83,72.0,47.0,14.0,0.0,4.0,0.0,60.0,1.461,0.59,0.08,872.3,IMD All-India Monsoon Series,2021.0,5919303.0,National Reported Water-Borne Disease Total,Rajya Sabha Unstarred Question No. 557,2021.0,CGWB Ground Water Quality Data (2024),2024.0,PARTIAL,REAL_PUBLIC_SOURCE,-0.07,-0.29,-0.078,0,26.8,0.33,0.03,0.48,0.25,0.35,0.15,LOW
REAL_WQ_441,Assam,Sonitpur,Balipara,18th Mile,92.8344,26.8142,2024,Pre-Monsoon,Pre-Monsoon,7.57,215.0,140.0,28.0,2.0,20.0,0.0,115.0,0.446,0.37,0.04,872.3,IMD All-India Monsoon Series,2021.0,5919303.0,National Reported Water-Borne Disease Total,Rajya Sabha Unstarred Question No. 557,2021.0,CGWB Ground Water Quality Data (2024),2024.0,PARTIAL,REAL_PUBLIC_SOURCE,-0.07,-0.29,-0.115,0,25.6,0.33,0.0,0.48,0.25,0.35,0.06,LOW
REAL_WQ_442,Assam,Sonitpur,Naduar,Jamuguri North,92.9375,26.7164,2024,Pre-Monsoon,Pre-Monsoon,7.59,168.0,109.0,18.0,1.0,17.0,0.04,75.0,6.822,0.89,0.0,872.3,IMD All-India Monsoon Series,2021.0,5919303.0,National Reported Water-Borne Disease Total,Rajya Sabha Unstarred Question No. 557,2021.0,CGWB Ground Water Quality Data (2024),2024.0,PARTIAL,REAL_PUBLIC_SOURCE,-0.07,-0.29,-0.111,0,30.6,0.33,0.2,0.48,0.25,0.35,0.07,MODERATE
REAL_WQ_443,Assam,Sonitpur,Tezpur,Tezpur/Porua,92.7976,26.6393,2024,Pre-Monsoon,Pre-Monsoon,7.64,94.0,61.0,39.0,0.0,16.0,0.0,40.0,2.463,1.46,0.18,872.3,IMD All-India Monsoon Series,2021.0,5919303.0,National Reported Water-Borne Disease Total,Rajya Sabha Unstarred Question No. 557,2021.0,CGWB Ground Water Quality Data (2024),2024.0,PARTIAL,REAL_PUBLIC_SOURCE,-0.07,-0.29,-0.091,0,28.3,0.33,0.1,0.48,0.25,0.35,0.12,LOW
REAL_WQ_444,Assam,East,Kaarbi-Anglong,Samelangso Dengaon,92.9747,26.2125,2024,Pre-Monsoon,Pre-Monsoon,7.43,360.0,234.0,35.0,2.0,3.0,0.87,125.0,0.099,0.65,0.05,872.3,IMD All-India Monsoon Series,2021.0,5919303.0,National Reported Water-Borne Disease Total,Rajya Sabha Unstarred Question No. 557,2021.0,CGWB Ground Water Quality Data (2024),2024.0,PARTIAL,REAL_PUBLIC_SOURCE,-0.07,-0.29,-0.118,0,25.5,0.33,0.0,0.48,0.25,0.35,0.06,LOW
REAL_WQ_445,Assam,East,Kaarbi-Anglong,Samelangso Dokmoka,93.0656,26.2083,2024,Pre-Monsoon,Pre-Monsoon,8.35,564.0,366.0,57.0,1.0,8.0,0.9,25.0,,,,872.3,IMD All-India Monsoon Series,2021.0,5919303.0,National Reported Water-Borne Disease Total,Rajya Sabha Unstarred Question No. 557,2021.0,CGWB Ground Water Quality Data (2024),2024.0,PARTIAL,REAL_PUBLIC_SOURCE,-0.07,-0.29,-0.041,0,26.4,0.33,0.0,0.48,0.25,0.35,0.24,LOW
REAL_WQ_446,Assam,East,Kaarbi-Anglong,Howraghat Langhing,93.1336,26.2028,2024,Pre-Monsoon,Pre-Monsoon,8.01,280.0,182.0,39.0,2.0,14.0,0.45,55.0,,0.35,0.04,872.3,IMD All-India Monsoon Series,2021.0,5919303.0,National Reported Water-Borne Disease Total,Rajya Sabha Unstarred Question No. 557,2021.0,CGWB Ground Water Quality Data (2024),2024.0,PARTIAL,REAL_PUBLIC_SOURCE,-0.07,-0.29,-0.08,0,26.0,0.33,0.0,0.48,0.25,0.35,0.14,LOW
REAL_WQ_447,Assam,East,Kaarbi-Anglong,Howraghat Manikpur,93.1464,26.2497,2024,Pre-Monsoon,Pre-Monsoon,7.62,349.0,227.0,46.0,3.0,4.0,0.0,55.0,1.155,1.28,1.22,872.3,IMD All-India Monsoon Series,2021.0,5919303.0,National Reported Water-Borne Disease Total,Rajya Sabha Unstarred Question No. 557,2021.0,CGWB Ground Water Quality Data (2024),2024.0,PARTIAL,REAL_PUBLIC_SOURCE,-0.07,-0.29,-0.115,0,25.8,0.33,0.01,0.48,0.25,0.35,0.06,LOW
REAL_WQ_448,Assam,East,Kaarbi-Anglong,Howraghat Phuloni,93.1367,26.1708,2024,Pre-Monsoon,Pre-Monsoon,7.59,455.0,296.0,46.0,3.0,26.0,0.0,100.0,2.7,9.35,0.5,872.3,IMD All-India Monsoon Series,2021.0,5919303.0,National Reported Water-Borne Disease Total,Rajya Sabha Unstarred Question No. 557,2021.0,CGWB Ground Water Quality Data (2024),2024.0,PARTIAL,REAL_PUBLIC_SOURCE,-0.07,-0.29,-0.113,0,28.4,0.33,0.11,0.48,0.25,0.35,0.07,LOW
REAL_WQ_449,Assam,East,Kaarbi-Anglong,Howraghat Swarghati,93.1064,26.2028,2024,Pre-Monsoon,Pre-Monsoon,8.31,505.0,329.0,32.0,1.0,8.0,0.79,140.0,0.224,0.5,1.2,872.3,IMD All-India Monsoon Series,2021.0,5919303.0,National Reported Water-Borne Disease Total,Rajya Sabha Unstarred Question No. 557,2021.0,CGWB Ground Water Quality Data (2024),2024.0,PARTIAL,REAL_PUBLIC_SOURCE,-0.07,-0.29,-0.056,0,26.3,0.33,0.0,0.48,0.25,0.35,0.2,LOW
REAL_WQ_450,Assam,Hojai,Lanka,Lanka,92.7361,26.1881,2024,Pre-Monsoon,Pre-Monsoon,7.34,978.0,636.0,152.0,1.0,8.0,0.0,50.0,0.243,0.21,0.1,872.3,IMD All-India Monsoon Series,2021.0,5919303.0,National Reported Water-Borne Disease Total,Rajya Sabha Unstarred Question No. 557,2021.0,CGWB Ground Water Quality Data (2024),2024.0,PARTIAL,REAL_PUBLIC_SOURCE,-0.07,-0.29,-0.117,0,26.0,0.33,0.02,0.48,0.25,0.35,0.06,LOW
REAL_WQ_451,Assam,Hojai,Lanka,Lumding,93.1736,25.7685,2024,Pre-Monsoon,Pre-Monsoon,6.95,735.0,478.0,121.0,31.0,36.0,0.0,45.0,3.258,0.27,0.04,872.3,IMD All-India Monsoon Series,2021.0,5919303.0,National Reported Water-Borne Disease Total,Rajya Sabha Unstarred Question No. 557,2021.0,CGWB Ground Water Quality Data (2024),2024.0,PARTIAL,REAL_PUBLIC_SOURCE,-0.07,-0.29,-0.067,0,29.9,0.33,0.15,0.48,0.25,0.35,0.17,LOW
REAL_WQ_452,Assam,Hojai,Kathiatoli,Tirchang/Beldonga Shiv mandir,92.8117,26.1377,2024,Pre-Monsoon,Pre-Monsoon,7.06,255.0,165.0,32.0,1.0,3.0,0.89,40.0,0.356,0.07,0.01,872.3,IMD All-India Monsoon Series,2021.0,5919303.0,National Reported Water-Borne Disease Total,Rajya Sabha Unstarred Question No. 557,2021.0,CGWB Ground Water Quality Data (2024),2024.0,PARTIAL,REAL_PUBLIC_SOURCE,-0.07,-0.29,-0.1,0,25.7,0.33,0.0,0.48,0.25,0.35,0.1,LOW
REAL_WQ_453,Assam,Hojai,Kathiatoli,Zebra Khua,92.8087,26.1389,2024,Pre-Monsoon,Pre-Monsoon,6.75,137.0,89.0,28.0,0.0,3.0,0.89,45.0,0.522,0.23,0.04,872.3,IMD All-India Monsoon Series,2021.0,5919303.0,National Reported Water-Borne Disease Total,Rajya Sabha Unstarred Question No. 557,2021.0,CGWB Ground Water Quality Data (2024),2024.0,PARTIAL,REAL_PUBLIC_SOURCE,-0.07,-0.29,-0.056,0,26.3,0.33,0.0,0.48,0.25,0.35,0.2,LOW
REAL_WQ_454,Assam,Kamrup,Dimaria,Khetri II,92.1656,26.1467,2024,Pre-Monsoon,Pre-Monsoon,6.85,369.0,240.0,50.0,2.0,34.0,0.88,45.0,0.415,0.2,0.03,872.3,IMD All-India Monsoon Series,2021.0,5919303.0,National Reported Water-Borne Disease Total,Rajya Sabha Unstarred Question No. 557,2021.0,CGWB Ground Water Quality Data (2024),2024.0,PARTIAL,REAL_PUBLIC_SOURCE,-0.07,-0.29,-0.067,0,26.1,0.33,0.0,0.48,0.25,0.35,0.17,LOW
REAL_WQ_455,Assam,Kamrup,Dimaria,Sonapur,91.9639,26.1178,2024,Pre-Monsoon,Pre-Monsoon,6.6,413.0,269.0,67.0,8.0,37.0,0.97,100.0,0.115,0.05,0.02,872.3,IMD All-India Monsoon Series,2021.0,5919303.0,National Reported Water-Borne Disease Total,Rajya Sabha Unstarred Question No. 557,2021.0,CGWB Ground Water Quality Data (2024),2024.0,PARTIAL,REAL_PUBLIC_SOURCE,-0.07,-0.29,-0.006,0,26.9,0.33,0.0,0.48,0.25,0.35,0.32,LOW
REAL_WQ_456,Assam,Kamrup,Dimaria,Topatoli,91.9494,26.1244,2024,Pre-Monsoon,Pre-Monsoon,7.3,102.0,66.0,32.0,1.0,5.0,0.77,35.0,0.409,0.31,0.08,872.3,IMD All-India Monsoon Series,2021.0,5919303.0,National Reported Water-Borne Disease Total,Rajya Sabha Unstarred Question No. 557,2021.0,CGWB Ground Water Quality Data (2024),2024.0,PARTIAL,REAL_PUBLIC_SOURCE,-0.07,-0.29,-0.105,0,25.7,0.33,0.0,0.48,0.25,0.35,0.08,LOW
REAL_WQ_457,Assam,Kamrup,Dimaria,Topatoli N/Bamfor,92.1433,26.1031,2024,Pre-Monsoon,Pre-Monsoon,6.81,288.0,187.0,39.0,2.0,24.0,0.86,45.0,0.112,0.24,0.07,872.3,IMD All-India Monsoon Series,2021.0,5919303.0,National Reported Water-Borne Disease Total,Rajya Sabha Unstarred Question No. 557,2021.0,CGWB Ground Water Quality Data (2024),2024.0,PARTIAL,REAL_PUBLIC_SOURCE,-0.07,-0.29,-0.061,0,26.2,0.33,0.0,0.48,0.25,0.35,0.19,LOW
REAL_WQ_458,Assam,Morigaon,Bhurbandha,Baghara,92.2758,26.2267,2024,Pre-Monsoon,Pre-Monsoon,7.15,365.0,237.0,60.0,10.0,17.0,1.02,65.0,0.121,1.09,0.28,872.3,IMD All-India Monsoon Series,2021.0,5919303.0,National Reported Water-Borne Disease Total,Rajya Sabha Unstarred Question No. 557,2021.0,CGWB Ground Water Quality Data (2024),2024.0,PARTIAL,REAL_PUBLIC_SOURCE,-0.07,-0.29,-0.09,0,25.9,0.33,0.0,0.48,0.25,0.35,0.12,LOW
REAL_WQ_459,Assam,Morigaon,Morigaon,Basanaghat,92.3117,26.2581,2024,Pre-Monsoon,Pre-Monsoon,7.56,351.0,228.0,32.0,4.0,9.0,1.08,155.0,2.443,6.04,0.03,872.3,IMD All-India Monsoon Series,2021.0,5919303.0,National Reported Water-Borne Disease Total,Rajya Sabha Unstarred Question No. 557,2021.0,CGWB Ground Water Quality Data (2024),2024.0,PARTIAL,REAL_PUBLIC_SOURCE,-0.07,-0.29,-0.114,0,28.0,0.33,0.1,0.48,0.25,0.35,0.06,LOW
REAL_WQ_460,Assam,Morigaon,Dimaria,Deosal,92.2525,26.1264,2024,Pre-Monsoon,Pre-Monsoon,6.64,206.0,134.0,25.0,1.0,6.0,0.83,60.0,0.337,0.78,0.41,872.3,IMD All-India Monsoon Series,2021.0,5919303.0,National Reported Water-Borne Disease Total,Rajya Sabha Unstarred Question No. 557,2021.0,CGWB Ground Water Quality Data (2024),2024.0,PARTIAL,REAL_PUBLIC_SOURCE,-0.07,-0.29,-0.029,0,26.6,0.33,0.0,0.48,0.25,0.35,0.26,LOW
REAL_WQ_461,Assam,Morigaon,Morigaon,Kumoi,92.2453,26.1936,2024,Pre-Monsoon,Pre-Monsoon,7.1,593.0,385.0,57.0,7.0,14.0,1.46,25.0,,0.68,1.83,872.3,IMD All-India Monsoon Series,2021.0,5919303.0,National Reported Water-Borne Disease Total,Rajya Sabha Unstarred Question No. 557,2021.0,CGWB Ground Water Quality Data (2024),2024.0,PARTIAL,REAL_PUBLIC_SOURCE,-0.07,-0.29,-0.09,0,25.9,0.33,0.0,0.48,0.25,0.35,0.12,LOW
REAL_WQ_462,Assam,Morigaon,Mairabari,Mairabari/Moirabari,92.4117,26.4536,2024,Pre-Monsoon,Pre-Monsoon,7.27,1456.0,946.0,170.0,49.0,51.0,0.68,65.0,0.274,1.73,1.29,872.3,IMD All-India Monsoon Series,2021.0,5919303.0,National Reported Water-Borne Disease Total,Rajya Sabha Unstarred Question No. 557,2021.0,CGWB Ground Water Quality Data (2024),2024.0,PARTIAL,REAL_PUBLIC_SOURCE,-0.07,-0.29,-0.091,0,27.7,0.33,0.07,0.48,0.25,0.35,0.12,LOW
REAL_WQ_463,Assam,Morigaon,Mayong,Nasatra,92.3444,26.2528,2024,Pre-Monsoon,Pre-Monsoon,7.64,682.0,443.0,46.0,3.0,37.0,0.84,95.0,0.132,0.04,0.03,872.3,IMD All-India Monsoon Series,2021.0,5919303.0,National Reported Water-Borne Disease Total,Rajya Sabha Unstarred Question No. 557,2021.0,CGWB Ground Water Quality Data (2024),2024.0,PARTIAL,REAL_PUBLIC_SOURCE,-0.07,-0.29,-0.115,0,25.6,0.33,0.0,0.48,0.25,0.35,0.06,LOW
REAL_WQ_464,Assam,Morigaon,Mayong,New Nellie,92.3167,26.0999,2024,Pre-Monsoon,Pre-Monsoon,7.41,84.0,54.0,32.0,9.0,3.0,0.7,30.0,0.435,3.25,0.2,872.3,IMD All-India Monsoon Series,2021.0,5919303.0,National Reported Water-Borne Disease Total,Rajya Sabha Unstarred Question No. 557,2021.0,CGWB Ground Water Quality Data (2024),2024.0,PARTIAL,REAL_PUBLIC_SOURCE,-0.07,-0.29,-0.095,0,25.8,0.33,0.0,0.48,0.25,0.35,0.11,LOW
REAL_WQ_465,Assam,Morigaon,Bhurbandha,Pamibaghara,92.2636,26.2409,2024,Pre-Monsoon,Pre-Monsoon,6.76,130.0,84.0,28.0,3.0,10.0,1.0,90.0,0.405,3.19,0.19,872.3,IMD All-India Monsoon Series,2021.0,5919303.0,National Reported Water-Borne Disease Total,Rajya Sabha Unstarred Question No. 557,2021.0,CGWB Ground Water Quality Data (2024),2024.0,PARTIAL,REAL_PUBLIC_SOURCE,-0.07,-0.29,-0.059,0,26.2,0.33,0.0,0.48,0.25,0.35,0.19,LOW
REAL_WQ_466,Assam,Morigaon,Kapilli,Silsang Namghar,92.3508,26.1217,2024,Pre-Monsoon,Pre-Monsoon,6.68,232.0,151.0,39.0,3.0,17.0,0.81,30.0,,,,872.3,IMD All-India Monsoon Series,2021.0,5919303.0,National Reported Water-Borne Disease Total,Rajya Sabha Unstarred Question No. 557,2021.0,CGWB Ground Water Quality Data (2024),2024.0,PARTIAL,REAL_PUBLIC_SOURCE,-0.07,-0.29,-0.049,0,26.3,0.33,0.0,0.48,0.25,0.35,0.22,LOW
REAL_WQ_467,Assam,Nagaon,Kapilli,Amsoi,92.4217,26.1361,2024,Pre-Monsoon,Pre-Monsoon,6.6,104.0,68.0,25.0,11.0,12.0,0.51,10.0,0.664,0.43,0.37,872.3,IMD All-India Monsoon Series,2021.0,5919303.0,National Reported Water-Borne Disease Total,Rajya Sabha Unstarred Question No. 557,2021.0,CGWB Ground Water Quality Data (2024),2024.0,PARTIAL,REAL_PUBLIC_SOURCE,-0.07,-0.29,-0.001,0,26.9,0.33,0.0,0.48,0.25,0.35,0.33,LOW
REAL_WQ_468,Assam,Nagaon,Brahmpur,Bamuni Tinali,92.7925,26.2953,2024,Pre-Monsoon,Pre-Monsoon,7.09,375.0,243.0,39.0,2.0,18.0,0.88,25.0,0.32,0.5,0.24,872.3,IMD All-India Monsoon Series,2021.0,5919303.0,National Reported Water-Borne Disease Total,Rajya Sabha Unstarred Question No. 557,2021.0,CGWB Ground Water Quality Data (2024),2024.0,PARTIAL,REAL_PUBLIC_SOURCE,-0.07,-0.29,-0.093,0,25.8,0.33,0.0,0.48,0.25,0.35,0.11,LOW
REAL_WQ_469,Assam,Nagaon,Kathiatoli,Bichamari,92.46,26.4014,2024,Pre-Monsoon,Pre-Monsoon,6.94,586.0,381.0,39.0,35.0,29.0,0.89,30.0,0.301,0.2,0.6,872.3,IMD All-India Monsoon Series,2021.0,5919303.0,National Reported Water-Borne Disease Total,Rajya Sabha Unstarred Question No. 557,2021.0,CGWB Ground Water Quality Data (2024),2024.0,PARTIAL,REAL_PUBLIC_SOURCE,-0.07,-0.29,-0.049,0,26.3,0.33,0.0,0.48,0.25,0.35,0.22,LOW
REAL_WQ_470,Assam,Nagaon,Batadara,Bordowa,92.5417,26.4056,2024,Pre-Monsoon,Pre-Monsoon,7.1,479.0,311.0,32.0,19.0,31.0,0.94,30.0,0.207,2.76,0.16,872.3,IMD All-India Monsoon Series,2021.0,5919303.0,National Reported Water-Borne Disease Total,Rajya Sabha Unstarred Question No. 557,2021.0,CGWB Ground Water Quality Data (2024),2024.0,PARTIAL,REAL_PUBLIC_SOURCE,-0.07,-0.29,-0.079,0,26.0,0.33,0.0,0.48,0.25,0.35,0.15,LOW
REAL_WQ_471,Assam,Nagaon,Kaliabor,Dalapani,92.8622,26.5669,2024,Pre-Monsoon,Pre-Monsoon,7.04,604.0,393.0,39.0,3.0,6.0,0.84,15.0,0.399,1.67,1.14,872.3,IMD All-India Monsoon Series,2021.0,5919303.0,National Reported Water-Borne Disease Total,Rajya Sabha Unstarred Question No. 557,2021.0,CGWB Ground Water Quality Data (2024),2024.0,PARTIAL,REAL_PUBLIC_SOURCE,-0.07,-0.29,-0.089,0,25.9,0.33,0.0,0.48,0.25,0.35,0.12,LOW
REAL_WQ_472,Assam,Nagaon,Batadara,Dhing,92.4718,26.4657,2024,Pre-Monsoon,Pre-Monsoon,7.35,518.0,337.0,46.0,5.0,29.0,1.08,25.0,0.243,0.51,0.41,872.3,IMD All-India Monsoon Series,2021.0,5919303.0,National Reported Water-Borne Disease Total,Rajya Sabha Unstarred Question No. 557,2021.0,CGWB Ground Water Quality Data (2024),2024.0,PARTIAL,REAL_PUBLIC_SOURCE,-0.07,-0.29,-0.119,0,25.5,0.33,0.0,0.48,0.25,0.35,0.05,LOW
REAL_WQ_473,Assam,Nagaon,Jugijan,Haldiati Sub Bt,92.9433,26.1725,2024,Pre-Monsoon,Pre-Monsoon,6.5,292.0,189.0,67.0,1.0,10.0,0.46,25.0,0.104,0.06,0.03,872.3,IMD All-India Monsoon Series,2021.0,5919303.0,National Reported Water-Borne Disease Total,Rajya Sabha Unstarred Question No. 557,2021.0,CGWB Ground Water Quality Data (2024),2024.0,PARTIAL,REAL_PUBLIC_SOURCE,-0.07,-0.29,0.007,1,27.0,0.33,0.0,0.48,0.25,0.35,0.35,LOW
REAL_WQ_474,Assam,Nagaon,Brahmpur,Hatenibatha,92.7614,26.3361,2024,Pre-Monsoon,Pre-Monsoon,7.04,1166.0,758.0,160.0,4.0,4.0,1.35,50.0,0.922,1.11,0.78,872.3,IMD All-India Monsoon Series,2021.0,5919303.0,National Reported Water-Borne Disease Total,Rajya Sabha Unstarred Question No. 557,2021.0,CGWB Ground Water Quality Data (2024),2024.0,PARTIAL,REAL_PUBLIC_SOURCE,-0.07,-0.29,-0.086,0,26.8,0.33,0.03,0.48,0.25,0.35,0.13,LOW
REAL_WQ_475,Assam,Nagaon,Kathiatoli,Kathiatoli,92.7028,26.1881,2024,Pre-Monsoon,Pre-Monsoon,7.09,753.0,490.0,103.0,4.0,19.0,0.94,70.0,0.175,0.44,0.57,872.3,IMD All-India Monsoon Series,2021.0,5919303.0,National Reported Water-Borne Disease Total,Rajya Sabha Unstarred Question No. 557,2021.0,CGWB Ground Water Quality Data (2024),2024.0,PARTIAL,REAL_PUBLIC_SOURCE,-0.07,-0.29,-0.095,0,25.8,0.33,0.0,0.48,0.25,0.35,0.11,LOW
REAL_WQ_476,Assam,Nagaon,Jugijan,Kondoli,92.7708,26.2206,2024,Pre-Monsoon,Pre-Monsoon,6.74,265.0,172.0,64.0,2.0,27.0,0.7,40.0,0.957,0.3,0.07,872.3,IMD All-India Monsoon Series,2021.0,5919303.0,National Reported Water-Borne Disease Total,Rajya Sabha Unstarred Question No. 557,2021.0,CGWB Ground Water Quality Data (2024),2024.0,PARTIAL,REAL_PUBLIC_SOURCE,-0.07,-0.29,-0.056,0,26.3,0.33,0.0,0.48,0.25,0.35,0.2,LOW
REAL_WQ_477,Assam,Nagaon,Kaliabor,Silghat,92.9292,26.6069,2024,Pre-Monsoon,Pre-Monsoon,6.92,535.0,348.0,53.0,2.0,23.0,0.95,40.0,1.1,0.99,0.25,872.3,IMD All-India Monsoon Series,2021.0,5919303.0,National Reported Water-Borne Disease Total,Rajya Sabha Unstarred Question No. 557,2021.0,CGWB Ground Water Quality Data (2024),2024.0,PARTIAL,REAL_PUBLIC_SOURCE,-0.07,-0.29,-0.066,0,26.3,0.33,0.01,0.48,0.25,0.35,0.18,LOW
REAL_WQ_478,Assam,Nagaon,Kaliabor,Sulung PO,92.8731,26.5703,2024,Pre-Monsoon,Pre-Monsoon,7.17,1404.0,913.0,340.0,4.0,36.0,0.85,55.0,1.56,0.87,0.23,872.3,IMD All-India Monsoon Series,2021.0,5919303.0,National Reported Water-Borne Disease Total,Rajya Sabha Unstarred Question No. 557,2021.0,CGWB Ground Water Quality Data (2024),2024.0,PARTIAL,REAL_PUBLIC_SOURCE,-0.07,-0.29,-0.092,0,28.1,0.33,0.09,0.48,0.25,0.35,0.11,LOW
REAL_WQ_479,Assam,West,Kaarbi-Anglong,Howraghat Boithalangsu,92.5858,25.9722,2024,Pre-Monsoon,Pre-Monsoon,6.8,216.0,141.0,35.0,1.0,9.0,0.46,55.0,0.166,0.05,0.03,872.3,IMD All-India Monsoon Series,2021.0,5919303.0,National Reported Water-Borne Disease Total,Rajya Sabha Unstarred Question No. 557,2021.0,CGWB Ground Water Quality Data (2024),2024.0,PARTIAL,REAL_PUBLIC_SOURCE,-0.07,-0.29,-0.068,0,26.1,0.33,0.0,0.48,0.25,0.35,0.17,LOW
REAL_WQ_480,Assam,West,Kaarbi-Anglong,Howraghat Donkamokam,92.71,25.9328,2024,Pre-Monsoon,Pre-Monsoon,6.53,170.0,110.0,53.0,2.0,4.0,0.56,60.0,0.711,0.2,0.03,872.3,IMD All-India Monsoon Series,2021.0,5919303.0,National Reported Water-Borne Disease Total,Rajya Sabha Unstarred Question No. 557,2021.0,CGWB Ground Water Quality Data (2024),2024.0,PARTIAL,REAL_PUBLIC_SOURCE,-0.07,-0.29,-0.015,0,26.8,0.33,0.0,0.48,0.25,0.35,0.3,LOW
REAL_WQ_481,Assam,West,Kaarbi-Anglong,Langsomepi† Kalonga,92.7683,25.8619,2024,Pre-Monsoon,Pre-Monsoon,6.58,92.0,60.0,43.0,5.0,6.0,0.41,55.0,0.073,0.05,0.05,872.3,IMD All-India Monsoon Series,2021.0,5919303.0,National Reported Water-Borne Disease Total,Rajya Sabha Unstarred Question No. 557,2021.0,CGWB Ground Water Quality Data (2024),2024.0,PARTIAL,REAL_PUBLIC_SOURCE,-0.07,-0.29,-0.013,0,26.8,0.33,0.0,0.48,0.25,0.35,0.3,LOW
REAL_WQ_482,Assam,Golaghat,Golaghat,west Bokakhat,93.628,26.6371,2024,Pre-Monsoon,Pre-Monsoon,7.11,171.0,111.0,21.0,0.0,12.0,0.0,60.0,0.09,0.49,0.03,872.3,IMD All-India Monsoon Series,2021.0,5919303.0,National Reported Water-Borne Disease Total,Rajya Sabha Unstarred Question No. 557,2021.0,CGWB Ground Water Quality Data (2024),2024.0,PARTIAL,REAL_PUBLIC_SOURCE,-0.07,-0.29,-0.095,0,25.8,0.33,0.0,0.48,0.25,0.35,0.11,LOW
REAL_WQ_483,Assam,Golaghat,Golaghat,"west Bongaon,NH37",93.8128,26.6567,2024,Pre-Monsoon,Pre-Monsoon,7.35,323.0,210.0,18.0,0.0,2.0,0.02,75.0,0.034,1.01,0.05,872.3,IMD All-India Monsoon Series,2021.0,5919303.0,National Reported Water-Borne Disease Total,Rajya Sabha Unstarred Question No. 557,2021.0,CGWB Ground Water Quality Data (2024),2024.0,PARTIAL,REAL_PUBLIC_SOURCE,-0.07,-0.29,-0.116,0,25.6,0.33,0.0,0.48,0.25,0.35,0.06,LOW
REAL_WQ_484,Assam,Golaghat,Gomariguri,Bor Namghar,94.0751,26.2843,2024,Pre-Monsoon,Pre-Monsoon,7.84,252.0,164.0,39.0,1.0,23.0,0.0,35.0,0.037,1.4,0.15,872.3,IMD All-India Monsoon Series,2021.0,5919303.0,National Reported Water-Borne Disease Total,Rajya Sabha Unstarred Question No. 557,2021.0,CGWB Ground Water Quality Data (2024),2024.0,PARTIAL,REAL_PUBLIC_SOURCE,-0.07,-0.29,-0.109,0,25.6,0.33,0.0,0.48,0.25,0.35,0.07,LOW
REAL_WQ_485,Assam,Golaghat,Golaghat,Central Dakkhin Hengra,94.0616,26.5977,2024,Pre-Monsoon,Pre-Monsoon,8.17,302.0,196.0,28.0,2.0,1.0,0.0,135.0,0.004,0.77,0.11,872.3,IMD All-India Monsoon Series,2021.0,5919303.0,National Reported Water-Borne Disease Total,Rajya Sabha Unstarred Question No. 557,2021.0,CGWB Ground Water Quality Data (2024),2024.0,PARTIAL,REAL_PUBLIC_SOURCE,-0.07,-0.29,-0.066,0,26.2,0.33,0.0,0.48,0.25,0.35,0.18,LOW
REAL_WQ_486,Assam,Golaghat,Morongi,Garampani,93.8805,26.3926,2024,Pre-Monsoon,Pre-Monsoon,7.3,305.0,198.0,43.0,3.0,19.0,0.0,200.0,0.317,0.22,0.01,872.3,IMD All-India Monsoon Series,2021.0,5919303.0,National Reported Water-Borne Disease Total,Rajya Sabha Unstarred Question No. 557,2021.0,CGWB Ground Water Quality Data (2024),2024.0,PARTIAL,REAL_PUBLIC_SOURCE,-0.07,-0.29,-0.112,0,25.6,0.33,0.0,0.48,0.25,0.35,0.07,LOW
REAL_WQ_487,Assam,Golaghat,Golaghat,Central Garigaon,93.9719,26.4481,2024,Pre-Monsoon,Pre-Monsoon,7.62,578.0,376.0,50.0,0.0,,0.0,130.0,0.026,2.09,0.23,872.3,IMD All-India Monsoon Series,2021.0,5919303.0,National Reported Water-Borne Disease Total,Rajya Sabha Unstarred Question No. 557,2021.0,CGWB Ground Water Quality Data (2024),2024.0,PARTIAL,REAL_PUBLIC_SOURCE,-0.07,-0.29,-0.112,0,25.6,0.33,0.0,0.48,0.25,0.35,0.07,LOW
REAL_WQ_488,Assam,Golaghat,Golaghat,west Haldibari Buri Ai,93.3258,26.5858,2024,Pre-Monsoon,Pre-Monsoon,8.01,625.0,406.0,43.0,0.0,48.0,0.5,165.0,0.046,0.23,8.78,872.3,IMD All-India Monsoon Series,2021.0,5919303.0,National Reported Water-Borne Disease Total,Rajya Sabha Unstarred Question No. 557,2021.0,CGWB Ground Water Quality Data (2024),2024.0,PARTIAL,REAL_PUBLIC_SOURCE,-0.07,-0.29,-0.063,0,26.2,0.33,0.0,0.48,0.25,0.35,0.18,LOW
REAL_WQ_489,Assam,Golaghat,Golaghat,west Kohra Kaziranga,93.4027,26.5833,2024,Pre-Monsoon,Pre-Monsoon,8.09,129.0,84.0,53.0,0.0,6.0,0.13,195.0,0.062,0.02,0.03,872.3,IMD All-India Monsoon Series,2021.0,5919303.0,National Reported Water-Borne Disease Total,Rajya Sabha Unstarred Question No. 557,2021.0,CGWB Ground Water Quality Data (2024),2024.0,PARTIAL,REAL_PUBLIC_SOURCE,-0.07,-0.29,-0.059,0,26.2,0.33,0.0,0.48,0.25,0.35,0.19,LOW
REAL_WQ_490,Assam,Golaghat,Kakodonga,Negheriting,94.0008,26.7327,2024,Pre-Monsoon,Pre-Monsoon,7.6,443.0,288.0,67.0,5.0,15.0,0.08,185.0,0.013,0.03,0.03,872.3,IMD All-India Monsoon Series,2021.0,5919303.0,National Reported Water-Borne Disease Total,Rajya Sabha Unstarred Question No. 557,2021.0,CGWB Ground Water Quality Data (2024),2024.0,PARTIAL,REAL_PUBLIC_SOURCE,-0.07,-0.29,-0.113,0,25.6,0.33,0.0,0.48,0.25,0.35,0.07,LOW
REAL_WQ_491,Assam,Golaghat,Gomariguri,Upper Merapani,94.0871,26.3038,2024,Pre-Monsoon,Pre-Monsoon,8.15,413.0,269.0,85.0,3.0,16.0,0.04,375.0,0.03,1.15,0.07,872.3,IMD All-India Monsoon Series,2021.0,5919303.0,National Reported Water-Borne Disease Total,Rajya Sabha Unstarred Question No. 557,2021.0,CGWB Ground Water Quality Data (2024),2024.0,PARTIAL,REAL_PUBLIC_SOURCE,-0.07,-0.29,-0.066,0,26.2,0.33,0.0,0.48,0.25,0.35,0.18,LOW
REAL_WQ_492,Assam,Jorhat,Jorhat,Bijay Nagar,94.1828,26.7226,2024,Pre-Monsoon,Pre-Monsoon,7.82,238.0,155.0,67.0,7.0,18.0,0.0,250.0,0.014,0.32,0.02,872.3,IMD All-India Monsoon Series,2021.0,5919303.0,National Reported Water-Borne Disease Total,Rajya Sabha Unstarred Question No. 557,2021.0,CGWB Ground Water Quality Data (2024),2024.0,PARTIAL,REAL_PUBLIC_SOURCE,-0.07,-0.29,-0.104,0,25.7,0.33,0.0,0.48,0.25,0.35,0.09,LOW
REAL_WQ_493,Assam,Jorhat,Jorhat,Cinemora,94.2331,26.7094,2024,Pre-Monsoon,Pre-Monsoon,8.03,816.0,531.0,142.0,2.0,13.0,0.0,130.0,0.162,0.39,0.03,872.3,IMD All-India Monsoon Series,2021.0,5919303.0,National Reported Water-Borne Disease Total,Rajya Sabha Unstarred Question No. 557,2021.0,CGWB Ground Water Quality Data (2024),2024.0,PARTIAL,REAL_PUBLIC_SOURCE,-0.07,-0.29,-0.058,0,26.3,0.33,0.0,0.48,0.25,0.35,0.2,LOW
REAL_WQ_494,Assam,Jorhat,Jorhat,central Dabarapara Charali,94.4013,26.6873,2024,Pre-Monsoon,Pre-Monsoon,8.09,419.0,272.0,46.0,4.0,11.0,0.39,95.0,0.038,0.29,0.03,872.3,IMD All-India Monsoon Series,2021.0,5919303.0,National Reported Water-Borne Disease Total,Rajya Sabha Unstarred Question No. 557,2021.0,CGWB Ground Water Quality Data (2024),2024.0,PARTIAL,REAL_PUBLIC_SOURCE,-0.07,-0.29,-0.076,0,26.0,0.33,0.0,0.48,0.25,0.35,0.15,LOW
REAL_WQ_495,Assam,Jorhat,Northwest,Jorhat Kokilamukh,94.1679,26.8197,2024,Pre-Monsoon,Pre-Monsoon,7.85,439.0,285.0,18.0,2.0,8.0,0.0,145.0,1.693,4.22,0.64,872.3,IMD All-India Monsoon Series,2021.0,5919303.0,National Reported Water-Borne Disease Total,Rajya Sabha Unstarred Question No. 557,2021.0,CGWB Ground Water Quality Data (2024),2024.0,PARTIAL,REAL_PUBLIC_SOURCE,-0.07,-0.29,-0.104,0,26.8,0.33,0.05,0.48,0.25,0.35,0.09,LOW
REAL_WQ_496,Assam,Jorhat,Jorhat,Kunwari Pukhuri,94.2073,26.6985,2024,Pre-Monsoon,Pre-Monsoon,7.75,102.0,66.0,53.0,1.0,8.0,0.0,125.0,0.191,0.63,0.02,872.3,IMD All-India Monsoon Series,2021.0,5919303.0,National Reported Water-Borne Disease Total,Rajya Sabha Unstarred Question No. 557,2021.0,CGWB Ground Water Quality Data (2024),2024.0,PARTIAL,REAL_PUBLIC_SOURCE,-0.07,-0.29,-0.095,0,25.8,0.33,0.0,0.48,0.25,0.35,0.11,LOW
REAL_WQ_497,Assam,Jorhat,Jorhat,Lichubari,94.2047,26.7257,2024,Pre-Monsoon,Pre-Monsoon,7.82,165.0,107.0,18.0,1.0,14.0,0.0,40.0,0.21,0.31,0.03,872.3,IMD All-India Monsoon Series,2021.0,5919303.0,National Reported Water-Borne Disease Total,Rajya Sabha Unstarred Question No. 557,2021.0,CGWB Ground Water Quality Data (2024),2024.0,PARTIAL,REAL_PUBLIC_SOURCE,-0.07,-0.29,-0.102,0,25.7,0.33,0.0,0.48,0.25,0.35,0.09,LOW
REAL_WQ_498,Assam,Jorhat,Jorhat,central Meleng Kaparadharia,94.3022,26.7903,2024,Pre-Monsoon,Pre-Monsoon,7.94,134.0,87.0,28.0,0.0,9.0,0.0,110.0,0.015,0.24,0.01,872.3,IMD All-India Monsoon Series,2021.0,5919303.0,National Reported Water-Borne Disease Total,Rajya Sabha Unstarred Question No. 557,2021.0,CGWB Ground Water Quality Data (2024),2024.0,PARTIAL,REAL_PUBLIC_SOURCE,-0.07,-0.29,-0.077,0,26.0,0.33,0.0,0.48,0.25,0.35,0.15,LOW
REAL_WQ_499,Assam,Jorhat,Titabor,Sodial Kachari Gaon,94.1569,26.5067,2024,Pre-Monsoon,Pre-Monsoon,8.19,325.0,211.0,43.0,0.0,18.0,0.0,145.0,0.015,1.42,0.52,872.3,IMD All-India Monsoon Series,2021.0,5919303.0,National Reported Water-Borne Disease Total,Rajya Sabha Unstarred Question No. 557,2021.0,CGWB Ground Water Quality Data (2024),2024.0,PARTIAL,REAL_PUBLIC_SOURCE,-0.07,-0.29,-0.064,0,26.2,0.33,0.0,0.48,0.25,0.35,0.18,LOW
REAL_WQ_500,Assam,Jorhat,Titabor,Titabor,94.2002,26.602,2024,Pre-Monsoon,Pre-Monsoon,7.63,552.0,359.0,32.0,1.0,13.0,0.6,155.0,0.016,0.6,0.22,872.3,IMD All-India Monsoon Series,2021.0,5919303.0,National Reported Water-Borne Disease Total,Rajya Sabha Unstarred Question No. 557,2021.0,CGWB Ground Water Quality Data (2024),2024.0,PARTIAL,REAL_PUBLIC_SOURCE,-0.07,-0.29,-0.114,0,25.6,0.33,0.0,0.48,0.25,0.35,0.06,LOW
REAL_WQ_501,Assam,Jorhat,Titabor,Jalukunibari Dug,94.1878,26.6455,2024,Pre-Monsoon,Pre-Monsoon,8.34,246.0,160.0,14.0,12.0,9.0,0.25,85.0,0.056,0.19,0.03,872.3,IMD All-India Monsoon Series,2021.0,5919303.0,National Reported Water-Borne Disease Total,Rajya Sabha Unstarred Question No. 557,2021.0,CGWB Ground Water Quality Data (2024),2024.0,PARTIAL,REAL_PUBLIC_SOURCE,-0.07,-0.29,-0.025,0,26.6,0.33,0.0,0.48,0.25,0.35,0.27,LOW
REAL_WQ_502,Assam,Karbi,Anglong,Bokajan Adarakha Tiniali,93.7848,26.1161,2024,Pre-Monsoon,Pre-Monsoon,7.6,623.0,405.0,78.0,6.0,16.0,0.2,230.0,0.101,1.78,0.11,872.3,IMD All-India Monsoon Series,2021.0,5919303.0,National Reported Water-Borne Disease Total,Rajya Sabha Unstarred Question No. 557,2021.0,CGWB Ground Water Quality Data (2024),2024.0,PARTIAL,REAL_PUBLIC_SOURCE,-0.07,-0.29,-0.119,0,25.5,0.33,0.0,0.48,0.25,0.35,0.05,LOW
REAL_WQ_503,Assam,Karbi,Anglong,Bokajan Balipathar,93.7926,26.1507,2024,Pre-Monsoon,Pre-Monsoon,7.84,102.0,66.0,82.0,1.0,50.0,0.0,380.0,0.023,0.07,0.02,872.3,IMD All-India Monsoon Series,2021.0,5919303.0,National Reported Water-Borne Disease Total,Rajya Sabha Unstarred Question No. 557,2021.0,CGWB Ground Water Quality Data (2024),2024.0,PARTIAL,REAL_PUBLIC_SOURCE,-0.07,-0.29,-0.095,0,25.8,0.33,0.0,0.48,0.25,0.35,0.11,LOW
REAL_WQ_504,Assam,Karbi,Anglong,Bokajan Bokajan I,93.7701,26.0239,2024,Pre-Monsoon,Pre-Monsoon,7.58,457.0,297.0,78.0,10.0,21.0,0.42,295.0,0.029,0.19,0.15,872.3,IMD All-India Monsoon Series,2021.0,5919303.0,National Reported Water-Borne Disease Total,Rajya Sabha Unstarred Question No. 557,2021.0,CGWB Ground Water Quality Data (2024),2024.0,PARTIAL,REAL_PUBLIC_SOURCE,-0.07,-0.29,-0.112,0,25.6,0.33,0.0,0.48,0.25,0.35,0.07,LOW
REAL_WQ_505,Assam,Karbi,Anglong,Langsomepi Bokoliaghat,93.1829,26.0636,2024,Pre-Monsoon,Pre-Monsoon,8.01,484.0,315.0,60.0,0.0,15.0,0.15,25.0,0.026,0.53,0.18,872.3,IMD All-India Monsoon Series,2021.0,5919303.0,National Reported Water-Borne Disease Total,Rajya Sabha Unstarred Question No. 557,2021.0,CGWB Ground Water Quality Data (2024),2024.0,PARTIAL,REAL_PUBLIC_SOURCE,-0.07,-0.29,-0.07,0,26.1,0.33,0.0,0.48,0.25,0.35,0.17,LOW
REAL_WQ_506,Assam,Karbi,Anglong,Bokajan Deopani,93.8227,26.2214,2024,Pre-Monsoon,Pre-Monsoon,7.98,203.0,132.0,35.0,0.0,7.0,0.28,60.0,0.04,0.12,0.04,872.3,IMD All-India Monsoon Series,2021.0,5919303.0,National Reported Water-Borne Disease Total,Rajya Sabha Unstarred Question No. 557,2021.0,CGWB Ground Water Quality Data (2024),2024.0,PARTIAL,REAL_PUBLIC_SOURCE,-0.07,-0.29,-0.074,0,26.1,0.33,0.0,0.48,0.25,0.35,0.16,LOW
REAL_WQ_507,Assam,Karbi,Anglong,Lumbajong Dillai,93.5829,25.9662,2024,Pre-Monsoon,Pre-Monsoon,7.85,880.0,572.0,85.0,0.0,15.0,0.19,110.0,0.008,0.21,0.12,872.3,IMD All-India Monsoon Series,2021.0,5919303.0,National Reported Water-Borne Disease Total,Rajya Sabha Unstarred Question No. 557,2021.0,CGWB Ground Water Quality Data (2024),2024.0,PARTIAL,REAL_PUBLIC_SOURCE,-0.07,-0.29,-0.083,0,26.2,0.33,0.01,0.48,0.25,0.35,0.14,LOW
REAL_WQ_508,Assam,Karbi,Anglong,Lumbajong Hidipi,93.6316,26.0098,2024,Pre-Monsoon,Pre-Monsoon,7.77,264.0,172.0,71.0,6.0,9.0,0.0,50.0,,0.44,1.48,872.3,IMD All-India Monsoon Series,2021.0,5919303.0,National Reported Water-Borne Disease Total,Rajya Sabha Unstarred Question No. 557,2021.0,CGWB Ground Water Quality Data (2024),2024.0,PARTIAL,REAL_PUBLIC_SOURCE,-0.07,-0.29,-0.104,0,25.7,0.33,0.0,0.48,0.25,0.35,0.09,LOW
REAL_WQ_509,Assam,Karbi,Anglong,Bokajan Lakhijan,93.7483,26.0507,2024,Pre-Monsoon,Pre-Monsoon,7.94,192.0,125.0,18.0,0.0,4.0,0.3,135.0,0.009,0.37,0.09,872.3,IMD All-India Monsoon Series,2021.0,5919303.0,National Reported Water-Borne Disease Total,Rajya Sabha Unstarred Question No. 557,2021.0,CGWB Ground Water Quality Data (2024),2024.0,PARTIAL,REAL_PUBLIC_SOURCE,-0.07,-0.29,-0.082,0,26.0,0.33,0.0,0.48,0.25,0.35,0.14,LOW
REAL_WQ_510,Assam,Karbi,Anglong,Lumbajong Manja,93.4406,25.9699,2024,Pre-Monsoon,Pre-Monsoon,8.26,201.0,131.0,43.0,6.0,14.0,0.0,245.0,0.001,0.75,0.01,872.3,IMD All-India Monsoon Series,2021.0,5919303.0,National Reported Water-Borne Disease Total,Rajya Sabha Unstarred Question No. 557,2021.0,CGWB Ground Water Quality Data (2024),2024.0,PARTIAL,REAL_PUBLIC_SOURCE,-0.07,-0.29,-0.038,0,26.5,0.33,0.0,0.48,0.25,0.35,0.24,LOW
REAL_WQ_511,Assam,Karbi,Anglong,Lumbajong Mohendijua,93.4113,25.9949,2024,Pre-Monsoon,Pre-Monsoon,7.85,419.0,272.0,57.0,5.0,26.0,0.0,170.0,0.004,0.14,0.1,872.3,IMD All-India Monsoon Series,2021.0,5919303.0,National Reported Water-Borne Disease Total,Rajya Sabha Unstarred Question No. 557,2021.0,CGWB Ground Water Quality Data (2024),2024.0,PARTIAL,REAL_PUBLIC_SOURCE,-0.07,-0.29,-0.105,0,25.7,0.33,0.0,0.48,0.25,0.35,0.08,LOW
REAL_WQ_512,Assam,West,Karbi,Anglong Socheng Phonglangso,93.2628,26.0099,2024,Pre-Monsoon,Pre-Monsoon,7.69,419.0,273.0,25.0,2.0,10.0,0.18,230.0,,0.84,0.51,872.3,IMD All-India Monsoon Series,2021.0,5919303.0,National Reported Water-Borne Disease Total,Rajya Sabha Unstarred Question No. 557,2021.0,CGWB Ground Water Quality Data (2024),2024.0,PARTIAL,REAL_PUBLIC_SOURCE,-0.07,-0.29,-0.111,0,25.6,0.33,0.0,0.48,0.25,0.35,0.07,LOW
REAL_WQ_513,Assam,Karbi,Anglong,Bokajan Saphapani,93.7953,26.1967,2024,Pre-Monsoon,Pre-Monsoon,7.77,107.0,70.0,53.0,0.0,5.0,0.04,210.0,,0.05,0.03,872.3,IMD All-India Monsoon Series,2021.0,5919303.0,National Reported Water-Borne Disease Total,Rajya Sabha Unstarred Question No. 557,2021.0,CGWB Ground Water Quality Data (2024),2024.0,PARTIAL,REAL_PUBLIC_SOURCE,-0.07,-0.29,-0.095,0,25.8,0.33,0.0,0.48,0.25,0.35,0.11,LOW
REAL_WQ_514,Assam,Karbi,Anglong,Bokajan Silanijan,93.8718,26.3224,2024,Pre-Monsoon,Pre-Monsoon,7.69,199.0,129.0,28.0,0.0,16.0,0.44,95.0,0.093,0.27,0.02,872.3,IMD All-India Monsoon Series,2021.0,5919303.0,National Reported Water-Borne Disease Total,Rajya Sabha Unstarred Question No. 557,2021.0,CGWB Ground Water Quality Data (2024),2024.0,PARTIAL,REAL_PUBLIC_SOURCE,-0.07,-0.29,-0.102,0,25.7,0.33,0.0,0.48,0.25,0.35,0.09,LOW
REAL_WQ_515,Assam,Karbi,Anglong,Bokajan Terangaon,93.3819,26.0172,2024,Pre-Monsoon,Pre-Monsoon,7.1,531.0,345.0,64.0,9.0,14.0,0.0,425.0,,0.48,0.66,872.3,IMD All-India Monsoon Series,2021.0,5919303.0,National Reported Water-Borne Disease Total,Rajya Sabha Unstarred Question No. 557,2021.0,CGWB Ground Water Quality Data (2024),2024.0,PARTIAL,REAL_PUBLIC_SOURCE,-0.07,-0.29,-0.094,0,25.8,0.33,0.0,0.48,0.25,0.35,0.11,LOW
REAL_WQ_516,Assam,Karbi,Anglong,Bokajan Bokajan III,93.7676,26.0288,2024,Pre-Monsoon,Pre-Monsoon,7.56,286.0,186.0,89.0,10.0,12.0,0.0,235.0,,0.11,0.03,872.3,IMD All-India Monsoon Series,2021.0,5919303.0,National Reported Water-Borne Disease Total,Rajya Sabha Unstarred Question No. 557,2021.0,CGWB Ground Water Quality Data (2024),2024.0,PARTIAL,REAL_PUBLIC_SOURCE,-0.07,-0.29,-0.11,0,25.6,0.33,0.0,0.48,0.25,0.35,0.07,LOW
REAL_WQ_517,Assam,Nagaon,Kaliabor,Bagori,93.3,26.5819,2024,Pre-Monsoon,Pre-Monsoon,7.57,351.0,228.0,28.0,11.0,9.0,0.82,70.0,0.004,0.02,0.05,872.3,IMD All-India Monsoon Series,2021.0,5919303.0,National Reported Water-Borne Disease Total,Rajya Sabha Unstarred Question No. 557,2021.0,CGWB Ground Water Quality Data (2024),2024.0,PARTIAL,REAL_PUBLIC_SOURCE,-0.07,-0.29,-0.105,0,25.7,0.33,0.0,0.48,0.25,0.35,0.08,LOW
REAL_WQ_518,Assam,Charaideo,Sapekhati,Sapekhati,95.17,27.0922,2024,Pre-Monsoon,Pre-Monsoon,8.12,217.0,141.0,53.0,4.0,6.0,0.0,230.0,,,,872.3,IMD All-India Monsoon Series,2021.0,5919303.0,National Reported Water-Borne Disease Total,Rajya Sabha Unstarred Question No. 557,2021.0,CGWB Ground Water Quality Data (2024),2024.0,PARTIAL,REAL_PUBLIC_SOURCE,-0.07,-0.29,-0.069,0,26.1,0.33,0.0,0.48,0.25,0.35,0.17,LOW
REAL_WQ_519,Assam,Sivasagar,Sivasagar,Sibsagar,94.6289,26.9852,2024,Pre-Monsoon,Pre-Monsoon,7.95,640.0,416.0,50.0,9.0,21.0,0.0,215.0,,,,872.3,IMD All-India Monsoon Series,2021.0,5919303.0,National Reported Water-Borne Disease Total,Rajya Sabha Unstarred Question No. 557,2021.0,CGWB Ground Water Quality Data (2024),2024.0,PARTIAL,REAL_PUBLIC_SOURCE,-0.07,-0.29,-0.07,0,26.1,0.33,0.0,0.48,0.25,0.35,0.17,LOW
REAL_WQ_520,Assam,Jorhat,Amguri,Haluwating 1,94.5565,26.7734,2024,Pre-Monsoon,Pre-Monsoon,7.93,93.0,60.0,21.0,4.0,15.0,0.0,85.0,,,,872.3,IMD All-India Monsoon Series,2021.0,5919303.0,National Reported Water-Borne Disease Total,Rajya Sabha Unstarred Question No. 557,2021.0,CGWB Ground Water Quality Data (2024),2024.0,PARTIAL,REAL_PUBLIC_SOURCE,-0.07,-0.29,-0.068,0,26.1,0.33,0.0,0.48,0.25,0.35,0.17,LOW
REAL_WQ_521,Assam,Jorhat,Amguri,Haluwating 2,94.5356,26.7676,2024,Pre-Monsoon,Pre-Monsoon,7.93,156.0,102.0,14.0,1.0,4.0,0.0,80.0,,,,872.3,IMD All-India Monsoon Series,2021.0,5919303.0,National Reported Water-Borne Disease Total,Rajya Sabha Unstarred Question No. 557,2021.0,CGWB Ground Water Quality Data (2024),2024.0,PARTIAL,REAL_PUBLIC_SOURCE,-0.07,-0.29,-0.087,0,25.9,0.33,0.0,0.48,0.25,0.35,0.13,LOW
REAL_WQ_522,Assam,Jorhat,Jorhat,Nagajanga Dug,94.3396,26.6225,2024,Pre-Monsoon,Pre-Monsoon,8.01,274.0,178.0,43.0,0.0,21.0,0.0,125.0,0.005,0.11,0.01,872.3,IMD All-India Monsoon Series,2021.0,5919303.0,National Reported Water-Borne Disease Total,Rajya Sabha Unstarred Question No. 557,2021.0,CGWB Ground Water Quality Data (2024),2024.0,PARTIAL,REAL_PUBLIC_SOURCE,-0.07,-0.29,-0.076,0,26.0,0.33,0.0,0.48,0.25,0.35,0.15,LOW
REAL_WQ_523,Assam,Jorhat,─,Jengoni,94.3225,26.6041,2024,Pre-Monsoon,Pre-Monsoon,7.49,197.0,128.0,11.0,0.0,20.0,0.0,50.0,0.084,3.48,0.12,872.3,IMD All-India Monsoon Series,2021.0,5919303.0,National Reported Water-Borne Disease Total,Rajya Sabha Unstarred Question No. 557,2021.0,CGWB Ground Water Quality Data (2024),2024.0,PARTIAL,REAL_PUBLIC_SOURCE,-0.07,-0.29,-0.112,0,25.6,0.33,0.0,0.48,0.25,0.35,0.07,LOW
REAL_WQ_524,Assam,Golaghat,─,Ghiladhari,94.0643,26.4239,2024,Pre-Monsoon,Pre-Monsoon,8.04,473.0,307.0,67.0,0.0,15.0,0.66,125.0,0.009,0.15,0.01,872.3,IMD All-India Monsoon Series,2021.0,5919303.0,National Reported Water-Borne Disease Total,Rajya Sabha Unstarred Question No. 557,2021.0,CGWB Ground Water Quality Data (2024),2024.0,PARTIAL,REAL_PUBLIC_SOURCE,-0.07,-0.29,-0.072,0,26.1,0.33,0.0,0.48,0.25,0.35,0.16,LOW
REAL_WQ_525,Assam,Golaghat,─,Murphulani T.E,93.8348,26.4442,2024,Pre-Monsoon,Pre-Monsoon,7.85,483.0,314.0,67.0,33.0,34.0,0.3,85.0,0.022,25.78,0.09,872.3,IMD All-India Monsoon Series,2021.0,5919303.0,National Reported Water-Borne Disease Total,Rajya Sabha Unstarred Question No. 557,2021.0,CGWB Ground Water Quality Data (2024),2024.0,PARTIAL,REAL_PUBLIC_SOURCE,-0.07,-0.29,-0.067,0,26.1,0.33,0.0,0.48,0.25,0.35,0.17,LOW
REAL_WQ_526,Assam,Jorhat,─,Kokilamukh HP,94.168,26.8197,2024,Pre-Monsoon,Pre-Monsoon,7.96,292.0,189.0,67.0,1.0,4.0,0.39,295.0,0.01,0.01,0.02,872.3,IMD All-India Monsoon Series,2021.0,5919303.0,National Reported Water-Borne Disease Total,Rajya Sabha Unstarred Question No. 557,2021.0,CGWB Ground Water Quality Data (2024),2024.0,PARTIAL,REAL_PUBLIC_SOURCE,-0.07,-0.29,-0.086,0,25.9,0.33,0.0,0.48,0.25,0.35,0.13,LOW
REAL_WQ_527,Assam,Sivasagar,─,Borkula TW,94.7445,26.9299,2024,Pre-Monsoon,Pre-Monsoon,8.42,166.0,108.0,11.0,0.0,7.0,0.25,95.0,10.92,13.37,0.02,872.3,IMD All-India Monsoon Series,2021.0,5919303.0,National Reported Water-Borne Disease Total,Rajya Sabha Unstarred Question No. 557,2021.0,CGWB Ground Water Quality Data (2024),2024.0,PARTIAL,REAL_PUBLIC_SOURCE,-0.07,-0.29,-0.005,0,31.9,0.33,0.2,0.48,0.25,0.35,0.32,MODERATE
REAL_WQ_528,Assam,Karbi,Anglong,Morongi Garampani Hot Spring,93.8789,26.3933,2024,Pre-Monsoon,Pre-Monsoon,7.56,1940.0,1261.0,638.0,0.0,4.0,2.37,100.0,9.271,6.16,0.01,872.3,IMD All-India Monsoon Series,2021.0,5919303.0,National Reported Water-Borne Disease Total,Rajya Sabha Unstarred Question No. 557,2021.0,CGWB Ground Water Quality Data (2024),2024.0,PARTIAL,REAL_PUBLIC_SOURCE,-0.07,-0.29,-0.078,0,35.7,0.33,0.39,0.48,0.25,0.35,0.15,MODERATE
REAL_WQ_529,Assam,Sivasagar,Sivasagar,Sibsagar TW,94.6289,26.9852,2024,Pre-Monsoon,Pre-Monsoon,7.69,267.0,173.0,18.0,0.0,7.0,0.33,45.0,0.18,0.78,0.03,872.3,IMD All-India Monsoon Series,2021.0,5919303.0,National Reported Water-Borne Disease Total,Rajya Sabha Unstarred Question No. 557,2021.0,CGWB Ground Water Quality Data (2024),2024.0,PARTIAL,REAL_PUBLIC_SOURCE,-0.07,-0.29,-0.105,0,25.7,0.33,0.0,0.48,0.25,0.35,0.09,LOW
REAL_WQ_530,Assam,Karbi,Anglong,─ Ghouria Dhubi,93.7684,26.0052,2024,Pre-Monsoon,Pre-Monsoon,7.7,230.0,150.0,50.0,14.0,20.0,0.4,55.0,8.751,0.14,0.02,872.3,IMD All-India Monsoon Series,2021.0,5919303.0,National Reported Water-Borne Disease Total,Rajya Sabha Unstarred Question No. 557,2021.0,CGWB Ground Water Quality Data (2024),2024.0,PARTIAL,REAL_PUBLIC_SOURCE,-0.07,-0.29,-0.095,0,30.8,0.33,0.2,0.48,0.25,0.35,0.11,MODERATE
REAL_WQ_531,Assam,Karbi,Anglong,─ Dillai,93.5853,25.9626,2024,Pre-Monsoon,Pre-Monsoon,7.31,651.0,423.0,32.0,1.0,34.0,1.45,145.0,0.027,0.09,0.02,872.3,IMD All-India Monsoon Series,2021.0,5919303.0,National Reported Water-Borne Disease Total,Rajya Sabha Unstarred Question No. 557,2021.0,CGWB Ground Water Quality Data (2024),2024.0,PARTIAL,REAL_PUBLIC_SOURCE,-0.07,-0.29,-0.116,0,25.6,0.33,0.0,0.48,0.25,0.35,0.06,LOW
REAL_WQ_532,Assam,Karbi,Anglong,─ Khatkati,93.7642,25.9914,2024,Pre-Monsoon,Pre-Monsoon,7.52,133.0,86.0,14.0,0.0,11.0,0.25,75.0,0.018,20.75,0.67,872.3,IMD All-India Monsoon Series,2021.0,5919303.0,National Reported Water-Borne Disease Total,Rajya Sabha Unstarred Question No. 557,2021.0,CGWB Ground Water Quality Data (2024),2024.0,PARTIAL,REAL_PUBLIC_SOURCE,-0.07,-0.29,-0.105,0,25.7,0.33,0.0,0.48,0.25,0.35,0.09,LOW
REAL_WQ_533,Assam,Karbi,Anglong,─ Bokajan (Sukanjar),93.7639,26.0286,2024,Pre-Monsoon,Pre-Monsoon,7.81,301.0,196.0,43.0,27.0,14.0,0.0,35.0,1.13,2.8,0.01,872.3,IMD All-India Monsoon Series,2021.0,5919303.0,National Reported Water-Borne Disease Total,Rajya Sabha Unstarred Question No. 557,2021.0,CGWB Ground Water Quality Data (2024),2024.0,PARTIAL,REAL_PUBLIC_SOURCE,-0.07,-0.29,-0.074,0,26.3,0.33,0.01,0.48,0.25,0.35,0.16,LOW
REAL_WQ_534,Assam,Karbi,Anglong,─ Rongpliama,93.5371,25.9603,2024,Pre-Monsoon,Pre-Monsoon,7.7,1540.0,1001.0,50.0,0.0,49.0,0.78,90.0,0.021,0.08,0.04,872.3,IMD All-India Monsoon Series,2021.0,5919303.0,National Reported Water-Borne Disease Total,Rajya Sabha Unstarred Question No. 557,2021.0,CGWB Ground Water Quality Data (2024),2024.0,PARTIAL,REAL_PUBLIC_SOURCE,-0.07,-0.29,-0.085,0,27.6,0.33,0.07,0.48,0.25,0.35,0.13,LOW
REAL_WQ_535,Assam,Karbi,Anglong,─ Sanis,94.2172,26.2164,2024,Pre-Monsoon,Pre-Monsoon,8.32,112.0,73.0,21.0,0.0,11.0,0.12,35.0,,0.25,4.96,872.3,IMD All-India Monsoon Series,2021.0,5919303.0,National Reported Water-Borne Disease Total,Rajya Sabha Unstarred Question No. 557,2021.0,CGWB Ground Water Quality Data (2024),2024.0,PARTIAL,REAL_PUBLIC_SOURCE,-0.07,-0.29,-0.025,0,26.6,0.33,0.0,0.48,0.25,0.35,0.27,LOW
REAL_WQ_536,Assam,Lakhimpur,Naoboisa,Dolanghat Chara,93.9984,27.1633,2024,Pre-Monsoon,Pre-Monsoon,7.94,409.0,266.0,35.0,6.0,24.0,1.07,155.0,0.007,0.06,0.0,872.3,IMD All-India Monsoon Series,2021.0,5919303.0,National Reported Water-Borne Disease Total,Rajya Sabha Unstarred Question No. 557,2021.0,CGWB Ground Water Quality Data (2024),2024.0,PARTIAL,REAL_PUBLIC_SOURCE,-0.07,-0.29,-0.085,0,25.9,0.33,0.0,0.48,0.25,0.35,0.13,LOW
REAL_WQ_537,Assam,Lakhimpur,Boginadi,Kadam,94.15,27.3,2024,Pre-Monsoon,Pre-Monsoon,8.27,405.0,263.0,21.0,3.0,13.0,0.84,200.0,0.068,0.24,0.05,872.3,IMD All-India Monsoon Series,2021.0,5919303.0,National Reported Water-Borne Disease Total,Rajya Sabha Unstarred Question No. 557,2021.0,CGWB Ground Water Quality Data (2024),2024.0,PARTIAL,REAL_PUBLIC_SOURCE,-0.07,-0.29,-0.061,0,26.2,0.33,0.0,0.48,0.25,0.35,0.19,LOW
REAL_WQ_538,Assam,Lakhimpur,Boginadi,Mori Dirgha,94.1356,27.3235,2024,Pre-Monsoon,Pre-Monsoon,7.79,104.0,68.0,14.0,2.0,4.0,0.76,35.0,0.017,16.94,0.38,872.3,IMD All-India Monsoon Series,2021.0,5919303.0,National Reported Water-Borne Disease Total,Rajya Sabha Unstarred Question No. 557,2021.0,CGWB Ground Water Quality Data (2024),2024.0,PARTIAL,REAL_PUBLIC_SOURCE,-0.07,-0.29,-0.094,0,25.8,0.33,0.0,0.48,0.25,0.35,0.11,LOW
REAL_WQ_539,Assam,Lakhimpur,Boginadi,Borbil Tariyani,94.1746,27.4029,2024,Pre-Monsoon,Pre-Monsoon,7.21,58.0,38.0,28.0,1.0,0.0,0.81,30.0,0.083,0.4,0.01,872.3,IMD All-India Monsoon Series,2021.0,5919303.0,National Reported Water-Borne Disease Total,Rajya Sabha Unstarred Question No. 557,2021.0,CGWB Ground Water Quality Data (2024),2024.0,PARTIAL,REAL_PUBLIC_SOURCE,-0.07,-0.29,-0.087,0,25.9,0.33,0.0,0.48,0.25,0.35,0.13,LOW
REAL_WQ_540,Assam,Lakhimpur,Boginadi,Pathalipam II,94.21,27.44,2024,Pre-Monsoon,Pre-Monsoon,6.83,19.0,12.0,25.0,1.0,1.0,0.83,25.0,0.005,0.04,0.01,872.3,IMD All-India Monsoon Series,2021.0,5919303.0,National Reported Water-Borne Disease Total,Rajya Sabha Unstarred Question No. 557,2021.0,CGWB Ground Water Quality Data (2024),2024.0,PARTIAL,REAL_PUBLIC_SOURCE,-0.07,-0.29,-0.014,0,26.8,0.33,0.0,0.48,0.25,0.35,0.3,LOW
REAL_WQ_541,Assam,Lakhimpur,Boginadi,Pathalipam,94.23,27.4477,2024,Pre-Monsoon,Pre-Monsoon,7.5,142.0,92.0,18.0,7.0,6.0,0.71,75.0,0.029,0.03,0.0,872.3,IMD All-India Monsoon Series,2021.0,5919303.0,National Reported Water-Borne Disease Total,Rajya Sabha Unstarred Question No. 557,2021.0,CGWB Ground Water Quality Data (2024),2024.0,PARTIAL,REAL_PUBLIC_SOURCE,-0.07,-0.29,-0.106,0,25.7,0.33,0.0,0.48,0.25,0.35,0.08,LOW
REAL_WQ_542,Assam,Lakhimpur,Boginadi,Milanpur,94.2982,27.4374,2024,Pre-Monsoon,Pre-Monsoon,7.75,216.0,140.0,21.0,2.0,7.0,0.84,115.0,,0.02,0.01,872.3,IMD All-India Monsoon Series,2021.0,5919303.0,National Reported Water-Borne Disease Total,Rajya Sabha Unstarred Question No. 557,2021.0,CGWB Ground Water Quality Data (2024),2024.0,PARTIAL,REAL_PUBLIC_SOURCE,-0.07,-0.29,-0.109,0,25.6,0.33,0.0,0.48,0.25,0.35,0.07,LOW
REAL_WQ_543,Assam,Dhemaji,Dhemaji,Santipur,94.5024,27.5516,2024,Pre-Monsoon,Pre-Monsoon,7.71,198.0,129.0,28.0,2.0,11.0,0.88,115.0,,0.66,0.19,872.3,IMD All-India Monsoon Series,2021.0,5919303.0,National Reported Water-Borne Disease Total,Rajya Sabha Unstarred Question No. 557,2021.0,CGWB Ground Water Quality Data (2024),2024.0,PARTIAL,REAL_PUBLIC_SOURCE,-0.07,-0.29,-0.106,0,25.7,0.33,0.0,0.48,0.25,0.35,0.08,LOW
REAL_WQ_544,Assam,Dhemaji,Dhemaji,Dhemaji,94.5873,27.5116,2024,Pre-Monsoon,Pre-Monsoon,7.82,226.0,147.0,21.0,4.0,2.0,0.59,140.0,0.006,0.78,0.03,872.3,IMD All-India Monsoon Series,2021.0,5919303.0,National Reported Water-Borne Disease Total,Rajya Sabha Unstarred Question No. 557,2021.0,CGWB Ground Water Quality Data (2024),2024.0,PARTIAL,REAL_PUBLIC_SOURCE,-0.07,-0.29,-0.106,0,25.7,0.33,0.0,0.48,0.25,0.35,0.08,LOW
REAL_WQ_545,Assam,Dhemaji,Sisibargaon,Siripani,94.64,27.57,2024,Pre-Monsoon,Pre-Monsoon,8.09,494.0,321.0,46.0,3.0,14.0,0.84,160.0,0.054,0.56,0.08,872.3,IMD All-India Monsoon Series,2021.0,5919303.0,National Reported Water-Borne Disease Total,Rajya Sabha Unstarred Question No. 557,2021.0,CGWB Ground Water Quality Data (2024),2024.0,PARTIAL,REAL_PUBLIC_SOURCE,-0.07,-0.29,-0.072,0,26.1,0.33,0.0,0.48,0.25,0.35,0.16,LOW
REAL_WQ_546,Assam,Dhemaji,Murkongselek,Dekapam,94.9222,27.7489,2024,Pre-Monsoon,Pre-Monsoon,7.8,501.0,326.0,50.0,3.0,32.0,0.55,180.0,0.001,2.86,0.27,872.3,IMD All-India Monsoon Series,2021.0,5919303.0,National Reported Water-Borne Disease Total,Rajya Sabha Unstarred Question No. 557,2021.0,CGWB Ground Water Quality Data (2024),2024.0,PARTIAL,REAL_PUBLIC_SOURCE,-0.07,-0.29,-0.105,0,25.7,0.33,0.0,0.48,0.25,0.35,0.09,LOW
REAL_WQ_547,Assam,Dhemaji,Murkongselek,Telem,95.0095,27.764,2024,Pre-Monsoon,Pre-Monsoon,7.68,134.0,87.0,25.0,10.0,7.0,0.75,50.0,0.035,0.24,0.13,872.3,IMD All-India Monsoon Series,2021.0,5919303.0,National Reported Water-Borne Disease Total,Rajya Sabha Unstarred Question No. 557,2021.0,CGWB Ground Water Quality Data (2024),2024.0,PARTIAL,REAL_PUBLIC_SOURCE,-0.07,-0.29,-0.094,0,25.8,0.33,0.0,0.48,0.25,0.35,0.11,LOW
REAL_WQ_548,Assam,Dhemaji,Murkongselek,Jonai Murkongselek,95.2339,27.8269,2024,Pre-Monsoon,Pre-Monsoon,7.25,121.0,79.0,28.0,0.0,6.0,0.55,60.0,0.006,0.13,0.01,872.3,IMD All-India Monsoon Series,2021.0,5919303.0,National Reported Water-Borne Disease Total,Rajya Sabha Unstarred Question No. 557,2021.0,CGWB Ground Water Quality Data (2024),2024.0,PARTIAL,REAL_PUBLIC_SOURCE,-0.07,-0.29,-0.105,0,25.7,0.33,0.0,0.48,0.25,0.35,0.09,LOW
REAL_WQ_549,Assam,Majuli,Majuli-Kamalabari,Kakorikata(Chilakola),94.0969,26.9488,2024,Pre-Monsoon,Pre-Monsoon,7.58,287.0,187.0,21.0,2.0,15.0,0.98,150.0,0.027,0.02,0.01,872.3,IMD All-India Monsoon Series,2021.0,5919303.0,National Reported Water-Borne Disease Total,Rajya Sabha Unstarred Question No. 557,2021.0,CGWB Ground Water Quality Data (2024),2024.0,PARTIAL,REAL_PUBLIC_SOURCE,-0.07,-0.29,-0.113,0,25.6,0.33,0.0,0.48,0.25,0.35,0.07,LOW
REAL_WQ_550,Assam,Lakhimpur,Lakhimpur,Panigaon,94.1107,27.1374,2024,Pre-Monsoon,Pre-Monsoon,7.66,243.0,158.0,21.0,1.0,2.0,0.52,130.0,0.091,0.66,0.15,872.3,IMD All-India Monsoon Series,2021.0,5919303.0,National Reported Water-Borne Disease Total,Rajya Sabha Unstarred Question No. 557,2021.0,CGWB Ground Water Quality Data (2024),2024.0,PARTIAL,REAL_PUBLIC_SOURCE,-0.07,-0.29,-0.114,0,25.6,0.33,0.0,0.48,0.25,0.35,0.06,LOW
REAL_WQ_551,Assam,Lakhimpur,Karunabari,Harmoti,93.8539,27.1229,2024,Pre-Monsoon,Pre-Monsoon,7.96,261.0,170.0,50.0,10.0,10.0,0.85,100.0,0.144,0.54,0.05,872.3,IMD All-India Monsoon Series,2021.0,5919303.0,National Reported Water-Borne Disease Total,Rajya Sabha Unstarred Question No. 557,2021.0,CGWB Ground Water Quality Data (2024),2024.0,PARTIAL,REAL_PUBLIC_SOURCE,-0.07,-0.29,-0.069,0,26.1,0.33,0.0,0.48,0.25,0.35,0.17,LOW
REAL_WQ_552,Assam,Lakhimpur,Karunabari,Laluk,93.9302,27.1198,2024,Pre-Monsoon,Pre-Monsoon,7.68,245.0,159.0,32.0,3.0,9.0,0.84,95.0,,0.12,0.07,872.3,IMD All-India Monsoon Series,2021.0,5919303.0,National Reported Water-Borne Disease Total,Rajya Sabha Unstarred Question No. 557,2021.0,CGWB Ground Water Quality Data (2024),2024.0,PARTIAL,REAL_PUBLIC_SOURCE,-0.07,-0.29,-0.111,0,25.6,0.33,0.0,0.48,0.25,0.35,0.07,LOW
REAL_WQ_553,Assam,Lakhimpur,Karunabari,Amguri,93.9473,27.0473,2024,Pre-Monsoon,Pre-Monsoon,7.39,405.0,263.0,35.0,7.0,15.0,1.02,145.0,0.003,0.13,0.06,872.3,IMD All-India Monsoon Series,2021.0,5919303.0,National Reported Water-Borne Disease Total,Rajya Sabha Unstarred Question No. 557,2021.0,CGWB Ground Water Quality Data (2024),2024.0,PARTIAL,REAL_PUBLIC_SOURCE,-0.07,-0.29,-0.116,0,25.6,0.33,0.0,0.48,0.25,0.35,0.06,LOW
REAL_WQ_554,Assam,Lakhimpur,Bihpuria,Bihpuria,93.9165,27.0235,2024,Pre-Monsoon,Pre-Monsoon,7.14,156.0,101.0,28.0,4.0,8.0,0.92,65.0,0.024,2.22,0.01,872.3,IMD All-India Monsoon Series,2021.0,5919303.0,National Reported Water-Borne Disease Total,Rajya Sabha Unstarred Question No. 557,2021.0,CGWB Ground Water Quality Data (2024),2024.0,PARTIAL,REAL_PUBLIC_SOURCE,-0.07,-0.29,-0.101,0,25.7,0.33,0.0,0.48,0.25,0.35,0.09,LOW
REAL_WQ_555,Assam,Dhemaji,Bordoloni,Bordoloni,94.4272,27.4134,2024,Pre-Monsoon,Pre-Monsoon,7.28,146.0,95.0,21.0,3.0,4.0,0.93,85.0,,1.01,0.02,872.3,IMD All-India Monsoon Series,2021.0,5919303.0,National Reported Water-Borne Disease Total,Rajya Sabha Unstarred Question No. 557,2021.0,CGWB Ground Water Quality Data (2024),2024.0,PARTIAL,REAL_PUBLIC_SOURCE,-0.07,-0.29,-0.11,0,25.6,0.33,0.0,0.48,0.25,0.35,0.07,LOW
REAL_WQ_556,Assam,Lakhimpur,Narayanpur,new Narayanpur,93.8549,26.9535,2024,Pre-Monsoon,Pre-Monsoon,7.39,362.0,235.0,21.0,3.0,28.0,1.09,170.0,0.006,0.24,0.24,872.3,IMD All-India Monsoon Series,2021.0,5919303.0,National Reported Water-Borne Disease Total,Rajya Sabha Unstarred Question No. 557,2021.0,CGWB Ground Water Quality Data (2024),2024.0,PARTIAL,REAL_PUBLIC_SOURCE,-0.07,-0.29,-0.115,0,25.6,0.33,0.0,0.48,0.25,0.35,0.06,LOW
REAL_WQ_557,Assam,Lakhimpur,Narayanpur,Madhupur,93.8104,27.0424,2024,Pre-Monsoon,Pre-Monsoon,7.32,237.0,154.0,32.0,6.0,3.0,1.03,100.0,0.021,2.6,0.06,872.3,IMD All-India Monsoon Series,2021.0,5919303.0,National Reported Water-Borne Disease Total,Rajya Sabha Unstarred Question No. 557,2021.0,CGWB Ground Water Quality Data (2024),2024.0,PARTIAL,REAL_PUBLIC_SOURCE,-0.07,-0.29,-0.115,0,25.6,0.33,0.0,0.48,0.25,0.35,0.06,LOW
REAL_WQ_558,Assam,Biswanath,Pub,Chayduar Kolabari new,93.7081,26.9014,2024,Pre-Monsoon,Pre-Monsoon,7.44,1357.0,882.0,344.0,5.0,13.0,0.54,230.0,,4.11,0.18,872.3,IMD All-India Monsoon Series,2021.0,5919303.0,National Reported Water-Borne Disease Total,Rajya Sabha Unstarred Question No. 557,2021.0,CGWB Ground Water Quality Data (2024),2024.0,PARTIAL,REAL_PUBLIC_SOURCE,-0.07,-0.29,-0.115,0,27.2,0.33,0.06,0.48,0.25,0.35,0.06,LOW
REAL_WQ_559,Assam,Biswanath,Pub,Chayduar Kheroni,93.6196,26.9202,2024,Pre-Monsoon,Pre-Monsoon,7.3,228.0,148.0,28.0,3.0,14.0,1.02,70.0,0.116,0.72,0.04,872.3,IMD All-India Monsoon Series,2021.0,5919303.0,National Reported Water-Borne Disease Total,Rajya Sabha Unstarred Question No. 557,2021.0,CGWB Ground Water Quality Data (2024),2024.0,PARTIAL,REAL_PUBLIC_SOURCE,-0.07,-0.29,-0.114,0,25.6,0.33,0.0,0.48,0.25,0.35,0.06,LOW
REAL_WQ_560,Assam,Biswanath,Pub,Chayduar Gohpur New,93.6004,26.8738,2024,Pre-Monsoon,Pre-Monsoon,7.19,243.0,158.0,21.0,2.0,24.0,0.96,95.0,0.003,0.64,0.09,872.3,IMD All-India Monsoon Series,2021.0,5919303.0,National Reported Water-Borne Disease Total,Rajya Sabha Unstarred Question No. 557,2021.0,CGWB Ground Water Quality Data (2024),2024.0,PARTIAL,REAL_PUBLIC_SOURCE,-0.07,-0.29,-0.106,0,25.7,0.33,0.0,0.48,0.25,0.35,0.08,LOW
REAL_WQ_561,Assam,Biswanath,Chayduar,Buroighat,93.4166,26.8679,2024,Pre-Monsoon,Pre-Monsoon,7.41,102.0,66.0,14.0,2.0,10.0,0.96,50.0,0.08,0.29,0.03,872.3,IMD All-India Monsoon Series,2021.0,5919303.0,National Reported Water-Borne Disease Total,Rajya Sabha Unstarred Question No. 557,2021.0,CGWB Ground Water Quality Data (2024),2024.0,PARTIAL,REAL_PUBLIC_SOURCE,-0.07,-0.29,-0.106,0,25.7,0.33,0.0,0.48,0.25,0.35,0.08,LOW
REAL_WQ_562,Assam,Biswanath,Behali,Behali,93.3578,26.8323,2024,Pre-Monsoon,Pre-Monsoon,7.06,70.0,46.0,14.0,2.0,9.0,0.82,35.0,,0.07,0.02,872.3,IMD All-India Monsoon Series,2021.0,5919303.0,National Reported Water-Borne Disease Total,Rajya Sabha Unstarred Question No. 557,2021.0,CGWB Ground Water Quality Data (2024),2024.0,PARTIAL,REAL_PUBLIC_SOURCE,-0.07,-0.29,-0.08,0,26.0,0.33,0.0,0.48,0.25,0.35,0.14,LOW
REAL_WQ_563,Assam,Biswanath,Borgang,Koherbari,93.2704,26.8219,2024,Pre-Monsoon,Pre-Monsoon,6.97,108.0,70.0,18.0,15.0,10.0,1.05,45.0,0.006,0.11,0.02,872.3,IMD All-India Monsoon Series,2021.0,5919303.0,National Reported Water-Borne Disease Total,Rajya Sabha Unstarred Question No. 557,2021.0,CGWB Ground Water Quality Data (2024),2024.0,PARTIAL,REAL_PUBLIC_SOURCE,-0.07,-0.29,-0.053,0,26.3,0.33,0.0,0.48,0.25,0.35,0.21,LOW
REAL_WQ_564,Assam,Biswanath,Biswanath,Bihupukhuri,93.2616,26.7605,2024,Pre-Monsoon,Pre-Monsoon,7.35,206.0,134.0,32.0,11.0,19.0,1.0,110.0,0.012,0.44,0.5,872.3,IMD All-India Monsoon Series,2021.0,5919303.0,National Reported Water-Borne Disease Total,Rajya Sabha Unstarred Question No. 557,2021.0,CGWB Ground Water Quality Data (2024),2024.0,PARTIAL,REAL_PUBLIC_SOURCE,-0.07,-0.29,-0.105,0,25.7,0.33,0.0,0.48,0.25,0.35,0.09,LOW
REAL_WQ_565,Assam,Biswanath,Biswanath,Dagaon OW,93.1658,26.7433,2024,Pre-Monsoon,Pre-Monsoon,7.42,92.0,60.0,18.0,1.0,5.0,1.01,45.0,0.026,0.09,0.0,872.3,IMD All-India Monsoon Series,2021.0,5919303.0,National Reported Water-Borne Disease Total,Rajya Sabha Unstarred Question No. 557,2021.0,CGWB Ground Water Quality Data (2024),2024.0,PARTIAL,REAL_PUBLIC_SOURCE,-0.07,-0.29,-0.103,0,25.7,0.33,0.0,0.48,0.25,0.35,0.09,LOW
REAL_WQ_566,Assam,Biswanath,Biswanath,Biswanath Ghat,93.172,26.6612,2024,Pre-Monsoon,Pre-Monsoon,6.93,263.0,171.0,50.0,23.0,15.0,0.84,135.0,0.009,0.45,0.03,872.3,IMD All-India Monsoon Series,2021.0,5919303.0,National Reported Water-Borne Disease Total,Rajya Sabha Unstarred Question No. 557,2021.0,CGWB Ground Water Quality Data (2024),2024.0,PARTIAL,REAL_PUBLIC_SOURCE,-0.07,-0.29,-0.055,0,26.3,0.33,0.0,0.48,0.25,0.35,0.2,LOW
REAL_WQ_567,Assam,Biswanath,Borgang,Sootia new,93.0413,26.7381,2024,Pre-Monsoon,Pre-Monsoon,6.89,475.0,309.0,64.0,36.0,23.0,0.97,200.0,0.054,0.24,0.07,872.3,IMD All-India Monsoon Series,2021.0,5919303.0,National Reported Water-Borne Disease Total,Rajya Sabha Unstarred Question No. 557,2021.0,CGWB Ground Water Quality Data (2024),2024.0,PARTIAL,REAL_PUBLIC_SOURCE,-0.07,-0.29,-0.032,0,26.6,0.33,0.0,0.48,0.25,0.35,0.26,LOW
REAL_WQ_568,Assam,Tinsukia,Kakopathar,Budlabeta,95.5887,27.5601,2024,Pre-Monsoon,Pre-Monsoon,7.09,250.0,162.0,35.0,20.0,11.0,0.99,120.0,,,,872.3,IMD All-India Monsoon Series,2021.0,5919303.0,National Reported Water-Borne Disease Total,Rajya Sabha Unstarred Question No. 557,2021.0,CGWB Ground Water Quality Data (2024),2024.0,PARTIAL,REAL_PUBLIC_SOURCE,-0.07,-0.29,-0.077,0,26.0,0.33,0.0,0.48,0.25,0.35,0.15,LOW
REAL_WQ_569,Assam,Tinsukia,Margherita,Bordumsa,95.8698,27.4919,2024,Pre-Monsoon,Pre-Monsoon,7.14,216.0,140.0,32.0,1.0,14.0,0.59,65.0,0.181,0.07,0.02,872.3,IMD All-India Monsoon Series,2021.0,5919303.0,National Reported Water-Borne Disease Total,Rajya Sabha Unstarred Question No. 557,2021.0,CGWB Ground Water Quality Data (2024),2024.0,PARTIAL,REAL_PUBLIC_SOURCE,-0.07,-0.29,-0.105,0,25.7,0.33,0.0,0.48,0.25,0.35,0.08,LOW
REAL_WQ_570,Assam,Tinsukia,Margherita,Jagun,95.9036,27.383,2024,Pre-Monsoon,Pre-Monsoon,7.23,63.0,41.0,35.0,4.0,7.0,0.72,40.0,0.486,0.18,0.0,872.3,IMD All-India Monsoon Series,2021.0,5919303.0,National Reported Water-Borne Disease Total,Rajya Sabha Unstarred Question No. 557,2021.0,CGWB Ground Water Quality Data (2024),2024.0,PARTIAL,REAL_PUBLIC_SOURCE,-0.07,-0.29,-0.085,0,25.9,0.33,0.0,0.48,0.25,0.35,0.13,LOW
REAL_WQ_571,Assam,Tinsukia,Margherita,Tipong,95.8553,27.3156,2024,Pre-Monsoon,Pre-Monsoon,7.27,511.0,332.0,96.0,22.0,49.0,0.86,135.0,5.922,0.44,0.08,872.3,IMD All-India Monsoon Series,2021.0,5919303.0,National Reported Water-Borne Disease Total,Rajya Sabha Unstarred Question No. 557,2021.0,CGWB Ground Water Quality Data (2024),2024.0,PARTIAL,REAL_PUBLIC_SOURCE,-0.07,-0.29,-0.099,0,30.8,0.33,0.2,0.48,0.25,0.35,0.1,MODERATE
REAL_WQ_572,Assam,Tinsukia,Margherita,Tirap gate,95.8483,27.3331,2024,Pre-Monsoon,Pre-Monsoon,7.2,219.0,142.0,32.0,6.0,20.0,0.73,95.0,2.885,3.23,0.01,872.3,IMD All-India Monsoon Series,2021.0,5919303.0,National Reported Water-Borne Disease Total,Rajya Sabha Unstarred Question No. 557,2021.0,CGWB Ground Water Quality Data (2024),2024.0,PARTIAL,REAL_PUBLIC_SOURCE,-0.07,-0.29,-0.104,0,28.8,0.33,0.13,0.48,0.25,0.35,0.09,LOW
REAL_WQ_573,Assam,Tinsukia,Hapjan,Tingraigaon,95.4631,27.4787,2024,Pre-Monsoon,Pre-Monsoon,6.5,84.0,55.0,14.0,1.0,13.0,0.7,40.0,2.031,0.15,0.01,872.3,IMD All-India Monsoon Series,2021.0,5919303.0,National Reported Water-Borne Disease Total,Rajya Sabha Unstarred Question No. 557,2021.0,CGWB Ground Water Quality Data (2024),2024.0,PARTIAL,REAL_PUBLIC_SOURCE,-0.07,-0.29,0.01,1,28.8,0.33,0.07,0.48,0.25,0.35,0.36,LOW
REAL_WQ_574,Assam,Tinsukia,Margherita,Digboi,95.6155,27.3803,2024,Pre-Monsoon,Pre-Monsoon,7.36,113.0,73.0,25.0,1.0,9.0,0.9,60.0,3.239,0.14,0.01,872.3,IMD All-India Monsoon Series,2021.0,5919303.0,National Reported Water-Borne Disease Total,Rajya Sabha Unstarred Question No. 557,2021.0,CGWB Ground Water Quality Data (2024),2024.0,PARTIAL,REAL_PUBLIC_SOURCE,-0.07,-0.29,-0.11,0,29.4,0.33,0.15,0.48,0.25,0.35,0.07,LOW
REAL_WQ_575,Assam,Tinsukia,Margherita,Lekhapani,95.8181,27.3197,2024,Pre-Monsoon,Pre-Monsoon,6.62,178.0,116.0,21.0,6.0,13.0,0.57,90.0,0.789,0.26,0.04,872.3,IMD All-India Monsoon Series,2021.0,5919303.0,National Reported Water-Borne Disease Total,Rajya Sabha Unstarred Question No. 557,2021.0,CGWB Ground Water Quality Data (2024),2024.0,PARTIAL,REAL_PUBLIC_SOURCE,-0.07,-0.29,-0.026,0,26.6,0.33,0.0,0.48,0.25,0.35,0.27,LOW
REAL_WQ_576,Assam,Tinsukia,Margherita,Borgolai,95.713,27.2775,2024,Pre-Monsoon,Pre-Monsoon,7.04,553.0,359.0,78.0,10.0,52.0,0.88,190.0,4.55,0.64,0.11,872.3,IMD All-India Monsoon Series,2021.0,5919303.0,National Reported Water-Borne Disease Total,Rajya Sabha Unstarred Question No. 557,2021.0,CGWB Ground Water Quality Data (2024),2024.0,PARTIAL,REAL_PUBLIC_SOURCE,-0.07,-0.29,-0.09,0,30.9,0.33,0.2,0.48,0.25,0.35,0.12,MODERATE
REAL_WQ_577,Assam,Tinsukia,Joypur,Joypur Shiv Mandir,95.4099,27.2437,2024,Pre-Monsoon,Pre-Monsoon,6.6,162.0,106.0,25.0,9.0,12.0,0.78,85.0,5.998,2.04,0.02,872.3,IMD All-India Monsoon Series,2021.0,5919303.0,National Reported Water-Borne Disease Total,Rajya Sabha Unstarred Question No. 557,2021.0,CGWB Ground Water Quality Data (2024),2024.0,PARTIAL,REAL_PUBLIC_SOURCE,-0.07,-0.29,-0.018,0,31.7,0.33,0.2,0.48,0.25,0.35,0.29,MODERATE
REAL_WQ_578,Assam,Tinsukia,Kakopathar,Kumsang Selenguri,95.6331,27.6197,2024,Pre-Monsoon,Pre-Monsoon,6.69,214.0,139.0,35.0,4.0,9.0,0.82,100.0,6.301,0.67,0.04,872.3,IMD All-India Monsoon Series,2021.0,5919303.0,National Reported Water-Borne Disease Total,Rajya Sabha Unstarred Question No. 557,2021.0,CGWB Ground Water Quality Data (2024),2024.0,PARTIAL,REAL_PUBLIC_SOURCE,-0.07,-0.29,-0.048,0,31.4,0.33,0.2,0.48,0.25,0.35,0.22,MODERATE
REAL_WQ_579,Assam,Tinsukia,Kakopathar,Sitpani,95.7896,27.6133,2024,Pre-Monsoon,Pre-Monsoon,6.68,197.0,128.0,35.0,1.0,12.0,0.76,100.0,0.199,0.1,0.04,872.3,IMD All-India Monsoon Series,2021.0,5919303.0,National Reported Water-Borne Disease Total,Rajya Sabha Unstarred Question No. 557,2021.0,CGWB Ground Water Quality Data (2024),2024.0,PARTIAL,REAL_PUBLIC_SOURCE,-0.07,-0.29,-0.048,0,26.4,0.33,0.0,0.48,0.25,0.35,0.22,LOW
REAL_WQ_580,Assam,Tinsukia,Sadiya,Chapakhowa,95.766,27.9077,2024,Pre-Monsoon,Pre-Monsoon,7.11,194.0,126.0,35.0,2.0,11.0,0.54,110.0,0.059,0.16,0.2,872.3,IMD All-India Monsoon Series,2021.0,5919303.0,National Reported Water-Borne Disease Total,Rajya Sabha Unstarred Question No. 557,2021.0,CGWB Ground Water Quality Data (2024),2024.0,PARTIAL,REAL_PUBLIC_SOURCE,-0.07,-0.29,-0.099,0,25.8,0.33,0.0,0.48,0.25,0.35,0.1,LOW
REAL_WQ_581,Assam,Tinsukia,Guijan,Tinsukia,95.3519,27.4849,2024,Pre-Monsoon,Pre-Monsoon,6.69,677.0,440.0,99.0,50.0,34.0,0.67,59.0,0.161,0.25,0.23,872.3,IMD All-India Monsoon Series,2021.0,5919303.0,National Reported Water-Borne Disease Total,Rajya Sabha Unstarred Question No. 557,2021.0,CGWB Ground Water Quality Data (2024),2024.0,PARTIAL,REAL_PUBLIC_SOURCE,-0.07,-0.29,0.002,1,27.4,0.33,0.02,0.48,0.25,0.35,0.34,LOW
REAL_WQ_582,Assam,Dibrugarh,Joypur,Kamargaon,95.3743,27.2304,2024,Pre-Monsoon,Pre-Monsoon,7.04,250.0,162.0,25.0,2.0,10.0,0.82,55.0,0.948,0.2,0.05,872.3,IMD All-India Monsoon Series,2021.0,5919303.0,National Reported Water-Borne Disease Total,Rajya Sabha Unstarred Question No. 557,2021.0,CGWB Ground Water Quality Data (2024),2024.0,PARTIAL,REAL_PUBLIC_SOURCE,-0.07,-0.29,-0.097,0,25.8,0.33,0.0,0.48,0.25,0.35,0.1,LOW
REAL_WQ_583,Assam,Charaideo,Saphaketi,Naga Bazaar,95.3475,27.1361,2024,Pre-Monsoon,Pre-Monsoon,6.61,209.0,136.0,39.0,3.0,23.0,0.64,85.0,0.707,0.23,0.01,872.3,IMD All-India Monsoon Series,2021.0,5919303.0,National Reported Water-Borne Disease Total,Rajya Sabha Unstarred Question No. 557,2021.0,CGWB Ground Water Quality Data (2024),2024.0,PARTIAL,REAL_PUBLIC_SOURCE,-0.07,-0.29,-0.027,0,26.6,0.33,0.0,0.48,0.25,0.35,0.27,LOW
REAL_WQ_584,Assam,Charaideo,Saphaketi,Nagakata,95.306,27.1479,2024,Pre-Monsoon,Pre-Monsoon,7.13,401.0,261.0,18.0,3.0,44.0,0.38,45.0,0.271,0.39,0.0,872.3,IMD All-India Monsoon Series,2021.0,5919303.0,National Reported Water-Borne Disease Total,Rajya Sabha Unstarred Question No. 557,2021.0,CGWB Ground Water Quality Data (2024),2024.0,PARTIAL,REAL_PUBLIC_SOURCE,-0.07,-0.29,-0.093,0,25.8,0.33,0.0,0.48,0.25,0.35,0.11,LOW
REAL_WQ_585,Assam,Dibrugarh,Tingkhong,Tingkhong,95.0771,27.2028,2024,Pre-Monsoon,Pre-Monsoon,8.35,445.0,289.0,25.0,1.0,1.0,0.02,130.0,0.511,2.3,0.19,872.3,IMD All-India Monsoon Series,2021.0,5919303.0,National Reported Water-Borne Disease Total,Rajya Sabha Unstarred Question No. 557,2021.0,CGWB Ground Water Quality Data (2024),2024.0,PARTIAL,REAL_PUBLIC_SOURCE,-0.07,-0.29,-0.052,0,26.3,0.33,0.0,0.48,0.25,0.35,0.21,LOW
REAL_WQ_586,Assam,Dibrugarh,Khowang,Azarguri gaon,94.8904,27.2618,2024,Pre-Monsoon,Pre-Monsoon,8.31,482.0,313.0,60.0,3.0,37.0,0.28,175.0,0.118,0.74,0.24,872.3,IMD All-India Monsoon Series,2021.0,5919303.0,National Reported Water-Borne Disease Total,Rajya Sabha Unstarred Question No. 557,2021.0,CGWB Ground Water Quality Data (2024),2024.0,PARTIAL,REAL_PUBLIC_SOURCE,-0.07,-0.29,-0.055,0,26.3,0.33,0.0,0.48,0.25,0.35,0.2,LOW
REAL_WQ_587,Assam,Sibsagar,Moran,Garbhaga,94.7408,27.1894,2024,Pre-Monsoon,Pre-Monsoon,8.37,227.0,148.0,21.0,0.0,1.0,0.24,90.0,0.385,0.94,0.0,872.3,IMD All-India Monsoon Series,2021.0,5919303.0,National Reported Water-Borne Disease Total,Rajya Sabha Unstarred Question No. 557,2021.0,CGWB Ground Water Quality Data (2024),2024.0,PARTIAL,REAL_PUBLIC_SOURCE,-0.07,-0.29,-0.037,0,26.5,0.33,0.0,0.48,0.25,0.35,0.24,LOW
REAL_WQ_588,Assam,Sibsagar,Moran,Demow Sukan,94.7432,27.1546,2024,Pre-Monsoon,Pre-Monsoon,8.29,221.0,144.0,14.0,0.0,2.0,0.32,75.0,9.156,0.37,0.0,872.3,IMD All-India Monsoon Series,2021.0,5919303.0,National Reported Water-Borne Disease Total,Rajya Sabha Unstarred Question No. 557,2021.0,CGWB Ground Water Quality Data (2024),2024.0,PARTIAL,REAL_PUBLIC_SOURCE,-0.07,-0.29,-0.059,0,31.2,0.33,0.2,0.48,0.25,0.35,0.19,MODERATE
REAL_WQ_589,Assam,Dibrugarh,Lahoal,Dikom,95.0692,27.46,2024,Pre-Monsoon,Pre-Monsoon,8.23,227.0,147.0,18.0,2.0,7.0,0.22,80.0,0.133,0.42,0.17,872.3,IMD All-India Monsoon Series,2021.0,5919303.0,National Reported Water-Borne Disease Total,Rajya Sabha Unstarred Question No. 557,2021.0,CGWB Ground Water Quality Data (2024),2024.0,PARTIAL,REAL_PUBLIC_SOURCE,-0.07,-0.29,-0.064,0,26.2,0.33,0.0,0.48,0.25,0.35,0.18,LOW
REAL_WQ_590,Assam,Dibrugarh,Panitola,Chabua,95.1895,27.4931,2024,Pre-Monsoon,Pre-Monsoon,8.3,99.0,64.0,14.0,1.0,2.0,0.11,35.0,0.061,0.12,0.01,872.3,IMD All-India Monsoon Series,2021.0,5919303.0,National Reported Water-Borne Disease Total,Rajya Sabha Unstarred Question No. 557,2021.0,CGWB Ground Water Quality Data (2024),2024.0,PARTIAL,REAL_PUBLIC_SOURCE,-0.07,-0.29,-0.037,0,26.5,0.33,0.0,0.48,0.25,0.35,0.24,LOW
REAL_WQ_591,Assam,Dibrugarh,Dibrugarh,West Kumarni Chiga,94.8847,27.4548,2024,Pre-Monsoon,Pre-Monsoon,8.13,271.0,176.0,28.0,1.0,5.0,0.03,115.0,2.89,0.51,0.16,872.3,IMD All-India Monsoon Series,2021.0,5919303.0,National Reported Water-Borne Disease Total,Rajya Sabha Unstarred Question No. 557,2021.0,CGWB Ground Water Quality Data (2024),2024.0,PARTIAL,REAL_PUBLIC_SOURCE,-0.07,-0.29,-0.073,0,29.2,0.33,0.13,0.48,0.25,0.35,0.16,LOW
REAL_WQ_592,Assam,Dibrugarh,Barbaruah,Barbaruah,94.8787,27.3987,2024,Pre-Monsoon,Pre-Monsoon,8.34,415.0,270.0,35.0,1.0,6.0,0.0,200.0,1.899,0.43,0.13,872.3,IMD All-India Monsoon Series,2021.0,5919303.0,National Reported Water-Borne Disease Total,Rajya Sabha Unstarred Question No. 557,2021.0,CGWB Ground Water Quality Data (2024),2024.0,PARTIAL,REAL_PUBLIC_SOURCE,-0.07,-0.29,-0.053,0,27.8,0.33,0.06,0.48,0.25,0.35,0.21,LOW
REAL_WQ_593,Assam,Dibrugarh,Tengakhat,Basapathar,95.0877,27.4204,2024,Pre-Monsoon,Pre-Monsoon,8.32,203.0,132.0,35.0,4.0,2.0,0.3,45.0,6.525,0.87,0.02,872.3,IMD All-India Monsoon Series,2021.0,5919303.0,National Reported Water-Borne Disease Total,Rajya Sabha Unstarred Question No. 557,2021.0,CGWB Ground Water Quality Data (2024),2024.0,PARTIAL,REAL_PUBLIC_SOURCE,-0.07,-0.29,-0.035,0,31.5,0.33,0.2,0.48,0.25,0.35,0.25,MODERATE
REAL_WQ_594,Assam,Dibrugarh,Tengakhat,Puroni Khongia,95.1503,27.3819,2024,Pre-Monsoon,Pre-Monsoon,8.33,345.0,224.0,35.0,0.0,12.0,0.18,180.0,3.615,0.23,0.01,872.3,IMD All-India Monsoon Series,2021.0,5919303.0,National Reported Water-Borne Disease Total,Rajya Sabha Unstarred Question No. 557,2021.0,CGWB Ground Water Quality Data (2024),2024.0,PARTIAL,REAL_PUBLIC_SOURCE,-0.07,-0.29,-0.05,0,30.7,0.33,0.17,0.48,0.25,0.35,0.21,MODERATE
REAL_WQ_595,Assam,Dibrugarh,Tengakhat,Mohmari,95.2722,27.325,2024,Pre-Monsoon,Pre-Monsoon,8.2,278.0,181.0,46.0,0.0,25.0,0.1,165.0,5.831,1.06,0.01,872.3,IMD All-India Monsoon Series,2021.0,5919303.0,National Reported Water-Borne Disease Total,Rajya Sabha Unstarred Question No. 557,2021.0,CGWB Ground Water Quality Data (2024),2024.0,PARTIAL,REAL_PUBLIC_SOURCE,-0.07,-0.29,-0.066,0,31.1,0.33,0.2,0.48,0.25,0.35,0.18,MODERATE
REAL_WQ_596,Assam,Dibrugarh,Dibrugarh,West Amlapatti Namghar,94.896,27.4761,2024,Pre-Monsoon,Pre-Monsoon,8.2,546.0,355.0,53.0,1.0,24.0,0.08,135.0,14.626,1.19,0.14,872.3,IMD All-India Monsoon Series,2021.0,5919303.0,National Reported Water-Borne Disease Total,Rajya Sabha Unstarred Question No. 557,2021.0,CGWB Ground Water Quality Data (2024),2024.0,PARTIAL,REAL_PUBLIC_SOURCE,-0.07,-0.29,-0.056,0,31.3,0.33,0.2,0.48,0.25,0.35,0.2,MODERATE
REAL_WQ_597,Assam,Karimganj,Algapur,Badarpur,92.5667,24.8667,2024,Pre-Monsoon,Pre-Monsoon,8.29,354.0,230.0,43.0,4.0,37.0,0.55,50.0,0.071,0.36,0.01,872.3,IMD All-India Monsoon Series,2021.0,5919303.0,National Reported Water-Borne Disease Total,Rajya Sabha Unstarred Question No. 557,2021.0,CGWB Ground Water Quality Data (2024),2024.0,PARTIAL,REAL_PUBLIC_SOURCE,-0.07,-0.29,-0.055,0,26.3,0.33,0.0,0.48,0.25,0.35,0.2,LOW
REAL_WQ_598,Assam,Cachar,Katigora,Katigora,92.5889,24.8869,2024,Pre-Monsoon,Pre-Monsoon,8.18,220.0,143.0,46.0,3.0,15.0,0.32,55.0,0.432,0.24,0.01,872.3,IMD All-India Monsoon Series,2021.0,5919303.0,National Reported Water-Borne Disease Total,Rajya Sabha Unstarred Question No. 557,2021.0,CGWB Ground Water Quality Data (2024),2024.0,PARTIAL,REAL_PUBLIC_SOURCE,-0.07,-0.29,-0.062,0,26.2,0.33,0.0,0.48,0.25,0.35,0.19,LOW
REAL_WQ_599,Assam,Cachar,Katigora,Hilara,92.5907,24.9276,2024,Pre-Monsoon,Pre-Monsoon,8.21,216.0,140.0,21.0,1.0,15.0,0.01,90.0,1.061,0.51,0.02,872.3,IMD All-India Monsoon Series,2021.0,5919303.0,National Reported Water-Borne Disease Total,Rajya Sabha Unstarred Question No. 557,2021.0,CGWB Ground Water Quality Data (2024),2024.0,PARTIAL,REAL_PUBLIC_SOURCE,-0.07,-0.29,-0.069,0,26.2,0.33,0.0,0.48,0.25,0.35,0.17,LOW
REAL_WQ_600,Assam,Cachar,Kalain,Kalain,92.5833,24.9722,2024,Pre-Monsoon,Pre-Monsoon,8.14,437.0,284.0,53.0,2.0,30.0,0.0,50.0,0.055,0.45,0.01,872.3,IMD All-India Monsoon Series,2021.0,5919303.0,National Reported Water-Borne Disease Total,Rajya Sabha Unstarred Question No. 557,2021.0,CGWB Ground Water Quality Data (2024),2024.0,PARTIAL,REAL_PUBLIC_SOURCE,-0.07,-0.29,-0.07,0,26.1,0.33,0.0,0.48,0.25,0.35,0.17,LOW
REAL_WQ_601,Assam,Cachar,Sonapur,Borkhola,92.7417,24.9389,2024,Pre-Monsoon,Pre-Monsoon,8.26,115.0,75.0,32.0,0.0,1.0,0.07,30.0,0.033,0.09,0.0,872.3,IMD All-India Monsoon Series,2021.0,5919303.0,National Reported Water-Borne Disease Total,Rajya Sabha Unstarred Question No. 557,2021.0,CGWB Ground Water Quality Data (2024),2024.0,PARTIAL,REAL_PUBLIC_SOURCE,-0.07,-0.29,-0.034,0,26.5,0.33,0.0,0.48,0.25,0.35,0.25,LOW
REAL_WQ_602,Assam,Cachar,Elara,Digharkhal,92.5,24.9889,2024,Pre-Monsoon,Pre-Monsoon,8.21,108.0,70.0,18.0,1.0,11.0,0.06,20.0,0.152,0.3,0.0,872.3,IMD All-India Monsoon Series,2021.0,5919303.0,National Reported Water-Borne Disease Total,Rajya Sabha Unstarred Question No. 557,2021.0,CGWB Ground Water Quality Data (2024),2024.0,PARTIAL,REAL_PUBLIC_SOURCE,-0.07,-0.29,-0.046,0,26.4,0.33,0.0,0.48,0.25,0.35,0.22,LOW
REAL_WQ_603,Assam,Hailakandi,Algapur,Panchgram New,92.6006,24.8583,2024,Pre-Monsoon,Pre-Monsoon,8.13,249.0,162.0,50.0,4.0,8.0,0.24,50.0,0.903,0.35,0.01,872.3,IMD All-India Monsoon Series,2021.0,5919303.0,National Reported Water-Borne Disease Total,Rajya Sabha Unstarred Question No. 557,2021.0,CGWB Ground Water Quality Data (2024),2024.0,PARTIAL,REAL_PUBLIC_SOURCE,-0.07,-0.29,-0.067,0,26.1,0.33,0.0,0.48,0.25,0.35,0.17,LOW
REAL_WQ_604,Assam,Hailakandi,Algapur,Syedbond Part 1,92.5826,24.7358,2024,Pre-Monsoon,Pre-Monsoon,8.34,163.0,106.0,21.0,9.0,13.0,0.38,30.0,6.528,6.49,0.01,872.3,IMD All-India Monsoon Series,2021.0,5919303.0,National Reported Water-Borne Disease Total,Rajya Sabha Unstarred Question No. 557,2021.0,CGWB Ground Water Quality Data (2024),2024.0,PARTIAL,REAL_PUBLIC_SOURCE,-0.07,-0.29,-0.012,0,31.8,0.33,0.2,0.48,0.25,0.35,0.3,MODERATE
REAL_WQ_605,Assam,Hailakandi,Lakhinagar,Lakhinagar,92.5311,24.6031,2024,Pre-Monsoon,Pre-Monsoon,8.17,323.0,210.0,28.0,1.0,4.0,0.38,80.0,0.222,0.29,0.09,872.3,IMD All-India Monsoon Series,2021.0,5919303.0,National Reported Water-Borne Disease Total,Rajya Sabha Unstarred Question No. 557,2021.0,CGWB Ground Water Quality Data (2024),2024.0,PARTIAL,REAL_PUBLIC_SOURCE,-0.07,-0.29,-0.068,0,26.1,0.33,0.0,0.48,0.25,0.35,0.17,LOW
REAL_WQ_606,Assam,Hailakandi,Lala,Lala,92.5619,24.5978,2024,Pre-Monsoon,Pre-Monsoon,8.21,102.0,66.0,18.0,1.0,2.0,0.54,50.0,0.042,0.06,0.01,872.3,IMD All-India Monsoon Series,2021.0,5919303.0,National Reported Water-Borne Disease Total,Rajya Sabha Unstarred Question No. 557,2021.0,CGWB Ground Water Quality Data (2024),2024.0,PARTIAL,REAL_PUBLIC_SOURCE,-0.07,-0.29,-0.044,0,26.4,0.33,0.0,0.48,0.25,0.35,0.23,LOW
REAL_WQ_607,Assam,Hailakandi,Katlicherra,Katlicherra New,92.6194,24.4514,2024,Pre-Monsoon,Pre-Monsoon,8.36,322.0,209.0,28.0,0.0,32.0,0.16,130.0,0.05,1.62,0.17,872.3,IMD All-India Monsoon Series,2021.0,5919303.0,National Reported Water-Borne Disease Total,Rajya Sabha Unstarred Question No. 557,2021.0,CGWB Ground Water Quality Data (2024),2024.0,PARTIAL,REAL_PUBLIC_SOURCE,-0.07,-0.29,-0.043,0,26.4,0.33,0.0,0.48,0.25,0.35,0.23,LOW
REAL_WQ_608,Assam,Cachar,Borjalinga,Dwarbond,92.7088,24.6325,2024,Pre-Monsoon,Pre-Monsoon,8.11,448.0,291.0,85.0,1.0,25.0,0.03,130.0,1.242,0.44,0.04,872.3,IMD All-India Monsoon Series,2021.0,5919303.0,National Reported Water-Borne Disease Total,Rajya Sabha Unstarred Question No. 557,2021.0,CGWB Ground Water Quality Data (2024),2024.0,PARTIAL,REAL_PUBLIC_SOURCE,-0.07,-0.29,-0.074,0,26.5,0.33,0.02,0.48,0.25,0.35,0.16,LOW
REAL_WQ_609,Assam,Cachar,Silchar,Masimpur,92.7272,24.9404,2024,Pre-Monsoon,Pre-Monsoon,8.18,272.0,177.0,39.0,2.0,19.0,0.39,70.0,0.563,0.36,0.0,872.3,IMD All-India Monsoon Series,2021.0,5919303.0,National Reported Water-Borne Disease Total,Rajya Sabha Unstarred Question No. 557,2021.0,CGWB Ground Water Quality Data (2024),2024.0,PARTIAL,REAL_PUBLIC_SOURCE,-0.07,-0.29,-0.068,0,26.1,0.33,0.0,0.48,0.25,0.35,0.17,LOW
REAL_WQ_610,Assam,Cachar,Udarband,Durganagar Part- III,92.8541,24.8643,2024,Pre-Monsoon,Pre-Monsoon,8.2,491.0,319.0,50.0,1.0,49.0,0.54,180.0,0.824,0.83,0.24,872.3,IMD All-India Monsoon Series,2021.0,5919303.0,National Reported Water-Borne Disease Total,Rajya Sabha Unstarred Question No. 557,2021.0,CGWB Ground Water Quality Data (2024),2024.0,PARTIAL,REAL_PUBLIC_SOURCE,-0.07,-0.29,-0.063,0,26.2,0.33,0.0,0.48,0.25,0.35,0.18,LOW
REAL_WQ_611,Assam,Cachar,Udarband,Kashipur,92.7943,24.8217,2024,Pre-Monsoon,Pre-Monsoon,8.23,447.0,290.0,85.0,0.0,21.0,0.26,110.0,0.212,0.17,0.02,872.3,IMD All-India Monsoon Series,2021.0,5919303.0,National Reported Water-Borne Disease Total,Rajya Sabha Unstarred Question No. 557,2021.0,CGWB Ground Water Quality Data (2024),2024.0,PARTIAL,REAL_PUBLIC_SOURCE,-0.07,-0.29,-0.06,0,26.2,0.33,0.0,0.48,0.25,0.35,0.19,LOW
REAL_WQ_612,Assam,Cachar,Lakhipur,Badribasti,92.8917,24.8097,2024,Pre-Monsoon,Pre-Monsoon,8.14,176.0,115.0,21.0,1.0,19.0,0.93,60.0,0.58,0.31,0.03,872.3,IMD All-India Monsoon Series,2021.0,5919303.0,National Reported Water-Borne Disease Total,Rajya Sabha Unstarred Question No. 557,2021.0,CGWB Ground Water Quality Data (2024),2024.0,PARTIAL,REAL_PUBLIC_SOURCE,-0.07,-0.29,-0.058,0,26.2,0.33,0.0,0.48,0.25,0.35,0.2,LOW
REAL_WQ_613,Assam,Cachar,Jaipur,Tarapur,93.0319,24.8361,2024,Pre-Monsoon,Pre-Monsoon,8.08,231.0,150.0,57.0,10.0,6.0,0.39,15.0,0.006,0.19,0.71,872.3,IMD All-India Monsoon Series,2021.0,5919303.0,National Reported Water-Borne Disease Total,Rajya Sabha Unstarred Question No. 557,2021.0,CGWB Ground Water Quality Data (2024),2024.0,PARTIAL,REAL_PUBLIC_SOURCE,-0.07,-0.29,-0.061,0,26.2,0.33,0.0,0.48,0.25,0.35,0.19,LOW
REAL_WQ_614,Assam,Cachar,Jaipur,Poilapul,93.0319,24.8361,2024,Pre-Monsoon,Pre-Monsoon,8.0,208.0,135.0,35.0,0.0,14.0,0.4,25.0,0.644,0.16,0.01,872.3,IMD All-India Monsoon Series,2021.0,5919303.0,National Reported Water-Borne Disease Total,Rajya Sabha Unstarred Question No. 557,2021.0,CGWB Ground Water Quality Data (2024),2024.0,PARTIAL,REAL_PUBLIC_SOURCE,-0.07,-0.29,-0.072,0,26.1,0.33,0.0,0.48,0.25,0.35,0.16,LOW
REAL_WQ_615,Assam,Cachar,Razabazar,Razabazar,93.05,24.8667,2024,Pre-Monsoon,Pre-Monsoon,8.08,188.0,122.0,21.0,1.0,16.0,0.43,95.0,0.052,0.35,0.01,872.3,IMD All-India Monsoon Series,2021.0,5919303.0,National Reported Water-Borne Disease Total,Rajya Sabha Unstarred Question No. 557,2021.0,CGWB Ground Water Quality Data (2024),2024.0,PARTIAL,REAL_PUBLIC_SOURCE,-0.07,-0.29,-0.069,0,26.1,0.33,0.0,0.48,0.25,0.35,0.17,LOW
REAL_WQ_616,Assam,Cachar,Lakhipur,Fulertol,93.0053,24.7903,2024,Pre-Monsoon,Pre-Monsoon,8.14,232.0,151.0,43.0,0.0,23.0,0.2,75.0,0.123,0.13,0.02,872.3,IMD All-India Monsoon Series,2021.0,5919303.0,National Reported Water-Borne Disease Total,Rajya Sabha Unstarred Question No. 557,2021.0,CGWB Ground Water Quality Data (2024),2024.0,PARTIAL,REAL_PUBLIC_SOURCE,-0.07,-0.29,-0.067,0,26.1,0.33,0.0,0.48,0.25,0.35,0.17,LOW
REAL_WQ_617,Assam,Cachar,Norshingpur,Nagdirgram,92.88,24.68,2024,Pre-Monsoon,Pre-Monsoon,8.32,577.0,375.0,85.0,0.0,28.0,0.66,205.0,0.569,0.23,0.12,872.3,IMD All-India Monsoon Series,2021.0,5919303.0,National Reported Water-Borne Disease Total,Rajya Sabha Unstarred Question No. 557,2021.0,CGWB Ground Water Quality Data (2024),2024.0,PARTIAL,REAL_PUBLIC_SOURCE,-0.07,-0.29,-0.039,0,26.5,0.33,0.0,0.48,0.25,0.35,0.24,LOW
REAL_WQ_618,Assam,Cachar,Palanghat,Palanghat,92.8861,24.6525,2024,Pre-Monsoon,Pre-Monsoon,8.16,320.0,208.0,21.0,0.0,13.0,0.82,45.0,0.249,0.92,0.02,872.3,IMD All-India Monsoon Series,2021.0,5919303.0,National Reported Water-Borne Disease Total,Rajya Sabha Unstarred Question No. 557,2021.0,CGWB Ground Water Quality Data (2024),2024.0,PARTIAL,REAL_PUBLIC_SOURCE,-0.07,-0.29,-0.066,0,26.1,0.33,0.0,0.48,0.25,0.35,0.18,LOW
REAL_RF_1901,All-India,All-India Average,,All-India Sub-Divisional Grid,,,1901,Monsoon (JUN-SEP),Monsoon,,,,,,,,,,,,748.8,IMD All-India Monsoon Series (1901-2021),1901.0,,,UNAVAILABLE,,UNAVAILABLE,,RAINFALL_ONLY,REAL_PUBLIC_SOURCE,-3.47,-14.41,-0.032,0,13.5,0.0,0.2,0.0,0.25,0.35,0.26,LOW
REAL_RF_1902,All-India,All-India Average,,All-India Sub-Divisional Grid,,,1902,Monsoon (JUN-SEP),Monsoon,,,,,,,,,,,,795.2,IMD All-India Monsoon Series (1901-2021),1902.0,,,UNAVAILABLE,,UNAVAILABLE,,RAINFALL_ONLY,REAL_PUBLIC_SOURCE,-2.19,-9.11,-0.091,0,12.8,0.0,0.2,0.0,0.25,0.35,0.12,LOW
REAL_RF_1903,All-India,All-India Average,,All-India Sub-Divisional Grid,,,1903,Monsoon (JUN-SEP),Monsoon,,,,,,,,,,,,881.1,IMD All-India Monsoon Series (1901-2021),1903.0,,,UNAVAILABLE,,UNAVAILABLE,,RAINFALL_ONLY,REAL_PUBLIC_SOURCE,0.17,0.71,-0.133,0,23.2,0.0,0.2,0.54,0.25,0.35,0.02,LOW
REAL_RF_1904,All-India,All-India Average,,All-India Sub-Divisional Grid,,,1904,Monsoon (JUN-SEP),Monsoon,,,,,,,,,,,,760.4,IMD All-India Monsoon Series (1901-2021),1904.0,,,UNAVAILABLE,,UNAVAILABLE,,RAINFALL_ONLY,REAL_PUBLIC_SOURCE,-3.15,-13.08,-0.039,0,13.5,0.0,0.2,0.0,0.25,0.35,0.24,LOW
REAL_RF_1905,All-India,All-India Average,,All-India Sub-Divisional Grid,,,1905,Monsoon (JUN-SEP),Monsoon,,,,,,,,,,,,722.7,IMD All-India Monsoon Series (1901-2021),1905.0,,,UNAVAILABLE,,UNAVAILABLE,,RAINFALL_ONLY,REAL_PUBLIC_SOURCE,-4.19,-17.39,0.005,1,14.0,0.0,0.2,0.0,0.25,0.35,0.34,LOW
REAL_RF_1906,All-India,All-India Average,,All-India Sub-Divisional Grid,,,1906,Monsoon (JUN-SEP),Monsoon,,,,,,,,,,,,895.1,IMD All-India Monsoon Series (1901-2021),1906.0,,,UNAVAILABLE,,UNAVAILABLE,,RAINFALL_ONLY,REAL_PUBLIC_SOURCE,0.56,2.31,-0.12,0,25.3,0.0,0.2,0.64,0.25,0.35,0.05,LOW
REAL_RF_1907,All-India,All-India Average,,All-India Sub-Divisional Grid,,,1907,Monsoon (JUN-SEP),Monsoon,,,,,,,,,,,,781.9,IMD All-India Monsoon Series (1901-2021),1907.0,,,UNAVAILABLE,,UNAVAILABLE,,RAINFALL_ONLY,REAL_PUBLIC_SOURCE,-2.56,-10.63,-0.077,0,13.0,0.0,0.2,0.0,0.25,0.35,0.15,LOW
REAL_RF_1908,All-India,All-India Average,,All-India Sub-Divisional Grid,,,1908,Monsoon (JUN-SEP),Monsoon,,,,,,,,,,,,919.1,IMD All-India Monsoon Series (1901-2021),1908.0,,,UNAVAILABLE,,UNAVAILABLE,,RAINFALL_ONLY,REAL_PUBLIC_SOURCE,1.22,5.06,-0.11,0,28.7,0.0,0.2,0.8,0.25,0.35,0.07,LOW
REAL_RF_1909,All-India,All-India Average,,All-India Sub-Divisional Grid,,,1909,Monsoon (JUN-SEP),Monsoon,,,,,,,,,,,,911.8,IMD All-India Monsoon Series (1901-2021),1909.0,,,UNAVAILABLE,,UNAVAILABLE,,RAINFALL_ONLY,REAL_PUBLIC_SOURCE,1.02,4.22,-0.113,0,27.7,0.0,0.2,0.75,0.25,0.35,0.07,LOW
REAL_RF_1910,All-India,All-India Average,,All-India Sub-Divisional Grid,,,1910,Monsoon (JUN-SEP),Monsoon,,,,,,,,,,,,934.2,IMD All-India Monsoon Series (1901-2021),1910.0,,,UNAVAILABLE,,UNAVAILABLE,,RAINFALL_ONLY,REAL_PUBLIC_SOURCE,1.63,6.78,-0.099,0,30.9,0.0,0.2,0.91,0.25,0.35,0.1,MODERATE
REAL_RF_1911,All-India,All-India Average,,All-India Sub-Divisional Grid,,,1911,Monsoon (JUN-SEP),Monsoon,,,,,,,,,,,,748.4,IMD All-India Monsoon Series (1901-2021),1911.0,,,UNAVAILABLE,,UNAVAILABLE,,RAINFALL_ONLY,REAL_PUBLIC_SOURCE,-3.48,-14.46,-0.032,0,13.5,0.0,0.2,0.0,0.25,0.35,0.26,LOW
REAL_RF_1912,All-India,All-India Average,,All-India Sub-Divisional Grid,,,1912,Monsoon (JUN-SEP),Monsoon,,,,,,,,,,,,818.9,IMD All-India Monsoon Series (1901-2021),1912.0,,,UNAVAILABLE,,UNAVAILABLE,,RAINFALL_ONLY,REAL_PUBLIC_SOURCE,-1.54,-6.4,-0.098,0,15.1,0.0,0.2,0.12,0.25,0.35,0.1,LOW
REAL_RF_1913,All-India,All-India Average,,All-India Sub-Divisional Grid,,,1913,Monsoon (JUN-SEP),Monsoon,,,,,,,,,,,,785.1,IMD All-India Monsoon Series (1901-2021),1913.0,,,UNAVAILABLE,,UNAVAILABLE,,RAINFALL_ONLY,REAL_PUBLIC_SOURCE,-2.47,-10.26,-0.078,0,13.0,0.0,0.2,0.0,0.25,0.35,0.15,LOW
REAL_RF_1914,All-India,All-India Average,,All-India Sub-Divisional Grid,,,1914,Monsoon (JUN-SEP),Monsoon,,,,,,,,,,,,945.9,IMD All-India Monsoon Series (1901-2021),1914.0,,,UNAVAILABLE,,UNAVAILABLE,,RAINFALL_ONLY,REAL_PUBLIC_SOURCE,1.95,8.12,-0.091,0,32.6,0.0,0.2,0.99,0.25,0.35,0.12,MODERATE
REAL_RF_1915,All-India,All-India Average,,All-India Sub-Divisional Grid,,,1915,Monsoon (JUN-SEP),Monsoon,,,,,,,,,,,,789.4,IMD All-India Monsoon Series (1901-2021),1915.0,,,UNAVAILABLE,,UNAVAILABLE,,RAINFALL_ONLY,REAL_PUBLIC_SOURCE,-2.35,-9.77,-0.09,0,12.9,0.0,0.2,0.0,0.25,0.35,0.12,LOW
REAL_RF_1916,All-India,All-India Average,,All-India Sub-Divisional Grid,,,1916,Monsoon (JUN-SEP),Monsoon,,,,,,,,,,,,1018.1,IMD All-India Monsoon Series (1901-2021),1916.0,,,UNAVAILABLE,,UNAVAILABLE,,RAINFALL_ONLY,REAL_PUBLIC_SOURCE,3.94,16.37,-0.021,0,33.7,0.0,0.2,1.0,0.25,0.35,0.28,MODERATE
REAL_RF_1917,All-India,All-India Average,,All-India Sub-Divisional Grid,,,1917,Monsoon (JUN-SEP),Monsoon,,,,,,,,,,,,1099.8,IMD All-India Monsoon Series (1901-2021),1917.0,,,UNAVAILABLE,,UNAVAILABLE,,RAINFALL_ONLY,REAL_PUBLIC_SOURCE,6.19,25.71,0.051,1,34.5,0.0,0.2,1.0,0.25,0.35,0.45,MODERATE
REAL_RF_1918,All-India,All-India Average,,All-India Sub-Divisional Grid,,,1918,Monsoon (JUN-SEP),Monsoon,,,,,,,,,,,,755.4,IMD All-India Monsoon Series (1901-2021),1918.0,,,UNAVAILABLE,,UNAVAILABLE,,RAINFALL_ONLY,REAL_PUBLIC_SOURCE,-3.29,-13.66,-0.034,0,13.5,0.0,0.2,0.0,0.25,0.35,0.25,LOW
REAL_RF_1919,All-India,All-India Average,,All-India Sub-Divisional Grid,,,1919,Monsoon (JUN-SEP),Monsoon,,,,,,,,,,,,957.7,IMD All-India Monsoon Series (1901-2021),1919.0,,,UNAVAILABLE,,UNAVAILABLE,,RAINFALL_ONLY,REAL_PUBLIC_SOURCE,2.28,9.47,-0.087,0,32.9,0.0,0.2,1.0,0.25,0.35,0.13,MODERATE
REAL_RF_1920,All-India,All-India Average,,All-India Sub-Divisional Grid,,,1920,Monsoon (JUN-SEP),Monsoon,,,,,,,,,,,,776.8,IMD All-India Monsoon Series (1901-2021),1920.0,,,UNAVAILABLE,,UNAVAILABLE,,RAINFALL_ONLY,REAL_PUBLIC_SOURCE,-2.7,-11.21,-0.071,0,13.1,0.0,0.2,0.0,0.25,0.35,0.17,LOW
REAL_RF_1921,All-India,All-India Average,,All-India Sub-Divisional Grid,,,1921,Monsoon (JUN-SEP),Monsoon,,,,,,,,,,,,971.4,IMD All-India Monsoon Series (1901-2021),1921.0,,,UNAVAILABLE,,UNAVAILABLE,,RAINFALL_ONLY,REAL_PUBLIC_SOURCE,2.66,11.03,-0.081,0,33.0,0.0,0.2,1.0,0.25,0.35,0.14,MODERATE
REAL_RF_1922,All-India,All-India Average,,All-India Sub-Divisional Grid,,,1922,Monsoon (JUN-SEP),Monsoon,,,,,,,,,,,,948.9,IMD All-India Monsoon Series (1901-2021),1922.0,,,UNAVAILABLE,,UNAVAILABLE,,RAINFALL_ONLY,REAL_PUBLIC_SOURCE,2.04,8.46,-0.084,0,32.9,0.0,0.2,1.0,0.25,0.35,0.13,MODERATE
REAL_RF_1923,All-India,All-India Average,,All-India Sub-Divisional Grid,,,1923,Monsoon (JUN-SEP),Monsoon,,,,,,,,,,,,895.0,IMD All-India Monsoon Series (1901-2021),1923.0,,,UNAVAILABLE,,UNAVAILABLE,,RAINFALL_ONLY,REAL_PUBLIC_SOURCE,0.55,2.3,-0.12,0,25.3,0.0,0.2,0.64,0.25,0.35,0.05,LOW
REAL_RF_1924,All-India,All-India Average,,All-India Sub-Divisional Grid,,,1924,Monsoon (JUN-SEP),Monsoon,,,,,,,,,,,,962.7,IMD All-India Monsoon Series (1901-2021),1924.0,,,UNAVAILABLE,,UNAVAILABLE,,RAINFALL_ONLY,REAL_PUBLIC_SOURCE,2.42,10.04,-0.085,0,32.9,0.0,0.2,1.0,0.25,0.35,0.13,MODERATE
REAL_RF_1925,All-India,All-India Average,,All-India Sub-Divisional Grid,,,1925,Monsoon (JUN-SEP),Monsoon,,,,,,,,,,,,889.5,IMD All-India Monsoon Series (1901-2021),1925.0,,,UNAVAILABLE,,UNAVAILABLE,,RAINFALL_ONLY,REAL_PUBLIC_SOURCE,0.4,1.67,-0.13,0,24.4,0.0,0.2,0.6,0.25,0.35,0.03,LOW
REAL_RF_1926,All-India,All-India Average,,All-India Sub-Divisional Grid,,,1926,Monsoon (JUN-SEP),Monsoon,,,,,,,,,,,,967.3,IMD All-India Monsoon Series (1901-2021),1926.0,,,UNAVAILABLE,,UNAVAILABLE,,RAINFALL_ONLY,REAL_PUBLIC_SOURCE,2.54,10.56,-0.081,0,33.0,0.0,0.2,1.0,0.25,0.35,0.14,MODERATE
REAL_RF_1927,All-India,All-India Average,,All-India Sub-Divisional Grid,,,1927,Monsoon (JUN-SEP),Monsoon,,,,,,,,,,,,959.0,IMD All-India Monsoon Series (1901-2021),1927.0,,,UNAVAILABLE,,UNAVAILABLE,,RAINFALL_ONLY,REAL_PUBLIC_SOURCE,2.31,9.62,-0.088,0,32.9,0.0,0.2,1.0,0.25,0.35,0.13,MODERATE
REAL_RF_1928,All-India,All-India Average,,All-India Sub-Divisional Grid,,,1928,Monsoon (JUN-SEP),Monsoon,,,,,,,,,,,,863.8,IMD All-India Monsoon Series (1901-2021),1928.0,,,UNAVAILABLE,,UNAVAILABLE,,RAINFALL_ONLY,REAL_PUBLIC_SOURCE,-0.3,-1.27,-0.127,0,20.9,0.0,0.2,0.42,0.25,0.35,0.03,LOW
REAL_RF_1929,All-India,All-India Average,,All-India Sub-Divisional Grid,,,1929,Monsoon (JUN-SEP),Monsoon,,,,,,,,,,,,862.9,IMD All-India Monsoon Series (1901-2021),1929.0,,,UNAVAILABLE,,UNAVAILABLE,,RAINFALL_ONLY,REAL_PUBLIC_SOURCE,-0.33,-1.37,-0.124,0,20.8,0.0,0.2,0.42,0.25,0.35,0.04,LOW
REAL_RF_1930,All-India,All-India Average,,All-India Sub-Divisional Grid,,,1930,Monsoon (JUN-SEP),Monsoon,,,,,,,,,,,,860.4,IMD All-India Monsoon Series (1901-2021),1930.0,,,UNAVAILABLE,,UNAVAILABLE,,RAINFALL_ONLY,REAL_PUBLIC_SOURCE,-0.4,-1.65,-0.125,0,20.4,0.0,0.2,0.4,0.25,0.35,0.04,LOW
REAL_RF_1931,All-India,All-India Average,,All-India Sub-Divisional Grid,,,1931,Monsoon (JUN-SEP),Monsoon,,,,,,,,,,,,953.0,IMD All-India Monsoon Series (1901-2021),1931.0,,,UNAVAILABLE,,UNAVAILABLE,,RAINFALL_ONLY,REAL_PUBLIC_SOURCE,2.15,8.93,-0.085,0,32.9,0.0,0.2,1.0,0.25,0.35,0.13,MODERATE
REAL_RF_1932,All-India,All-India Average,,All-India Sub-Divisional Grid,,,1932,Monsoon (JUN-SEP),Monsoon,,,,,,,,,,,,897.4,IMD All-India Monsoon Series (1901-2021),1932.0,,,UNAVAILABLE,,UNAVAILABLE,,RAINFALL_ONLY,REAL_PUBLIC_SOURCE,0.62,2.57,-0.119,0,25.6,0.0,0.2,0.65,0.25,0.35,0.05,LOW
REAL_RF_1933,All-India,All-India Average,,All-India Sub-Divisional Grid,,,1933,Monsoon (JUN-SEP),Monsoon,,,,,,,,,,,,1030.3,IMD All-India Monsoon Series (1901-2021),1933.0,,,UNAVAILABLE,,UNAVAILABLE,,RAINFALL_ONLY,REAL_PUBLIC_SOURCE,4.28,17.77,0.0,1,33.9,0.0,0.2,1.0,0.25,0.35,0.33,MODERATE
REAL_RF_1934,All-India,All-India Average,,All-India Sub-Divisional Grid,,,1934,Monsoon (JUN-SEP),Monsoon,,,,,,,,,,,,963.8,IMD All-India Monsoon Series (1901-2021),1934.0,,,UNAVAILABLE,,UNAVAILABLE,,RAINFALL_ONLY,REAL_PUBLIC_SOURCE,2.45,10.16,-0.084,0,32.9,0.0,0.2,1.0,0.25,0.35,0.13,MODERATE
REAL_RF_1935,All-India,All-India Average,,All-India Sub-Divisional Grid,,,1935,Monsoon (JUN-SEP),Monsoon,,,,,,,,,,,,912.3,IMD All-India Monsoon Series (1901-2021),1935.0,,,UNAVAILABLE,,UNAVAILABLE,,RAINFALL_ONLY,REAL_PUBLIC_SOURCE,1.03,4.28,-0.113,0,27.7,0.0,0.2,0.76,0.25,0.35,0.07,LOW
REAL_RF_1936,All-India,All-India Average,,All-India Sub-Divisional Grid,,,1936,Monsoon (JUN-SEP),Monsoon,,,,,,,,,,,,975.5,IMD All-India Monsoon Series (1901-2021),1936.0,,,UNAVAILABLE,,UNAVAILABLE,,RAINFALL_ONLY,REAL_PUBLIC_SOURCE,2.77,11.5,-0.076,0,33.0,0.0,0.2,1.0,0.25,0.35,0.15,MODERATE
REAL_RF_1937,All-India,All-India Average,,All-India Sub-Divisional Grid,,,1937,Monsoon (JUN-SEP),Monsoon,,,,,,,,,,,,886.2,IMD All-India Monsoon Series (1901-2021),1937.0,,,UNAVAILABLE,,UNAVAILABLE,,RAINFALL_ONLY,REAL_PUBLIC_SOURCE,0.31,1.29,-0.134,0,23.9,0.0,0.2,0.58,0.25,0.35,0.02,LOW
REAL_RF_1938,All-India,All-India Average,,All-India Sub-Divisional Grid,,,1938,Monsoon (JUN-SEP),Monsoon,,,,,,,,,,,,998.5,IMD All-India Monsoon Series (1901-2021),1938.0,,,UNAVAILABLE,,UNAVAILABLE,,RAINFALL_ONLY,REAL_PUBLIC_SOURCE,3.4,14.13,-0.048,0,33.3,0.0,0.2,1.0,0.25,0.35,0.22,MODERATE
REAL_RF_1939,All-India,All-India Average,,All-India Sub-Divisional Grid,,,1939,Monsoon (JUN-SEP),Monsoon,,,,,,,,,,,,833.4,IMD All-India Monsoon Series (1901-2021),1939.0,,,UNAVAILABLE,,UNAVAILABLE,,RAINFALL_ONLY,REAL_PUBLIC_SOURCE,-1.14,-4.74,-0.107,0,16.9,0.0,0.2,0.21,0.25,0.35,0.08,LOW
REAL_RF_1940,All-India,All-India Average,,All-India Sub-Divisional Grid,,,1940,Monsoon (JUN-SEP),Monsoon,,,,,,,,,,,,891.5,IMD All-India Monsoon Series (1901-2021),1940.0,,,UNAVAILABLE,,UNAVAILABLE,,RAINFALL_ONLY,REAL_PUBLIC_SOURCE,0.46,1.9,-0.123,0,24.7,0.0,0.2,0.61,0.25,0.35,0.04,LOW
REAL_RF_1941,All-India,All-India Average,,All-India Sub-Divisional Grid,,,1941,Monsoon (JUN-SEP),Monsoon,,,,,,,,,,,,798.5,IMD All-India Monsoon Series (1901-2021),1941.0,,,UNAVAILABLE,,UNAVAILABLE,,RAINFALL_ONLY,REAL_PUBLIC_SOURCE,-2.1,-8.73,-0.091,0,12.8,0.0,0.2,0.0,0.25,0.35,0.12,LOW
REAL_RF_1942,All-India,All-India Average,,All-India Sub-Divisional Grid,,,1942,Monsoon (JUN-SEP),Monsoon,,,,,,,,,,,,1009.1,IMD All-India Monsoon Series (1901-2021),1942.0,,,UNAVAILABLE,,UNAVAILABLE,,RAINFALL_ONLY,REAL_PUBLIC_SOURCE,3.69,15.34,-0.042,0,33.4,0.0,0.2,1.0,0.25,0.35,0.23,MODERATE
REAL_RF_1943,All-India,All-India Average,,All-India Sub-Divisional Grid,,,1943,Monsoon (JUN-SEP),Monsoon,,,,,,,,,,,,923.2,IMD All-India Monsoon Series (1901-2021),1943.0,,,UNAVAILABLE,,UNAVAILABLE,,RAINFALL_ONLY,REAL_PUBLIC_SOURCE,1.33,5.52,-0.11,0,29.3,0.0,0.2,0.83,0.25,0.35,0.07,LOW
REAL_RF_1944,All-India,All-India Average,,All-India Sub-Divisional Grid,,,1944,Monsoon (JUN-SEP),Monsoon,,,,,,,,,,,,955.4,IMD All-India Monsoon Series (1901-2021),1944.0,,,UNAVAILABLE,,UNAVAILABLE,,RAINFALL_ONLY,REAL_PUBLIC_SOURCE,2.22,9.2,-0.085,0,32.9,0.0,0.2,1.0,0.25,0.35,0.13,MODERATE
REAL_RF_1945,All-India,All-India Average,,All-India Sub-Divisional Grid,,,1945,Monsoon (JUN-SEP),Monsoon,,,,,,,,,,,,951.4,IMD All-India Monsoon Series (1901-2021),1945.0,,,UNAVAILABLE,,UNAVAILABLE,,RAINFALL_ONLY,REAL_PUBLIC_SOURCE,2.11,8.75,-0.086,0,32.9,0.0,0.2,1.0,0.25,0.35,0.13,MODERATE
REAL_RF_1946,All-India,All-India Average,,All-India Sub-Divisional Grid,,,1946,Monsoon (JUN-SEP),Monsoon,,,,,,,,,,,,972.6,IMD All-India Monsoon Series (1901-2021),1946.0,,,UNAVAILABLE,,UNAVAILABLE,,RAINFALL_ONLY,REAL_PUBLIC_SOURCE,2.69,11.17,-0.081,0,33.0,0.0,0.2,1.0,0.25,0.35,0.14,MODERATE
REAL_RF_1947,All-India,All-India Average,,All-India Sub-Divisional Grid,,,1947,Monsoon (JUN-SEP),Monsoon,,,,,,,,,,,,974.5,IMD All-India Monsoon Series (1901-2021),1947.0,,,UNAVAILABLE,,UNAVAILABLE,,RAINFALL_ONLY,REAL_PUBLIC_SOURCE,2.74,11.39,-0.079,0,33.0,0.0,0.2,1.0,0.25,0.35,0.15,MODERATE
REAL_RF_1948,All-India,All-India Average,,All-India Sub-Divisional Grid,,,1948,Monsoon (JUN-SEP),Monsoon,,,,,,,,,,,,967.0,IMD All-India Monsoon Series (1901-2021),1948.0,,,UNAVAILABLE,,UNAVAILABLE,,RAINFALL_ONLY,REAL_PUBLIC_SOURCE,2.53,10.53,-0.081,0,33.0,0.0,0.2,1.0,0.25,0.35,0.14,MODERATE
REAL_RF_1949,All-India,All-India Average,,All-India Sub-Divisional Grid,,,1949,Monsoon (JUN-SEP),Monsoon,,,,,,,,,,,,946.9,IMD All-India Monsoon Series (1901-2021),1949.0,,,UNAVAILABLE,,UNAVAILABLE,,RAINFALL_ONLY,REAL_PUBLIC_SOURCE,1.98,8.23,-0.093,0,32.7,0.0,0.2,1.0,0.25,0.35,0.11,MODERATE
REAL_RF_1950,All-India,All-India Average,,All-India Sub-Divisional Grid,,,1950,Monsoon (JUN-SEP),Monsoon,,,,,,,,,,,,904.6,IMD All-India Monsoon Series (1901-2021),1950.0,,,UNAVAILABLE,,UNAVAILABLE,,RAINFALL_ONLY,REAL_PUBLIC_SOURCE,0.82,3.4,-0.116,0,26.6,0.0,0.2,0.7,0.25,0.35,0.06,LOW
REAL_RF_1951,All-India,All-India Average,,All-India Sub-Divisional Grid,,,1951,Monsoon (JUN-SEP),Monsoon,,,,,,,,,,,,754.2,IMD All-India Monsoon Series (1901-2021),1951.0,,,UNAVAILABLE,,UNAVAILABLE,,RAINFALL_ONLY,REAL_PUBLIC_SOURCE,-3.32,-13.79,-0.034,0,13.5,0.0,0.2,0.0,0.25,0.35,0.25,LOW
REAL_RF_1952,All-India,All-India Average,,All-India Sub-Divisional Grid,,,1952,Monsoon (JUN-SEP),Monsoon,,,,,,,,,,,,822.9,IMD All-India Monsoon Series (1901-2021),1952.0,,,UNAVAILABLE,,UNAVAILABLE,,RAINFALL_ONLY,REAL_PUBLIC_SOURCE,-1.43,-5.94,-0.097,0,15.6,0.0,0.2,0.14,0.25,0.35,0.1,LOW
REAL_RF_1953,All-India,All-India Average,,All-India Sub-Divisional Grid,,,1953,Monsoon (JUN-SEP),Monsoon,,,,,,,,,,,,961.5,IMD All-India Monsoon Series (1901-2021),1953.0,,,UNAVAILABLE,,UNAVAILABLE,,RAINFALL_ONLY,REAL_PUBLIC_SOURCE,2.38,9.9,-0.088,0,32.9,0.0,0.2,1.0,0.25,0.35,0.12,MODERATE
REAL_RF_1954,All-India,All-India Average,,All-India Sub-Divisional Grid,,,1954,Monsoon (JUN-SEP),Monsoon,,,,,,,,,,,,912.4,IMD All-India Monsoon Series (1901-2021),1954.0,,,UNAVAILABLE,,UNAVAILABLE,,RAINFALL_ONLY,REAL_PUBLIC_SOURCE,1.03,4.29,-0.113,0,27.7,0.0,0.2,0.76,0.25,0.35,0.07,LOW
REAL_RF_1955,All-India,All-India Average,,All-India Sub-Divisional Grid,,,1955,Monsoon (JUN-SEP),Monsoon,,,,,,,,,,,,947.9,IMD All-India Monsoon Series (1901-2021),1955.0,,,UNAVAILABLE,,UNAVAILABLE,,RAINFALL_ONLY,REAL_PUBLIC_SOURCE,2.01,8.35,-0.087,0,32.9,0.0,0.2,1.0,0.25,0.35,0.13,MODERATE
REAL_RF_1956,All-India,All-India Average,,All-India Sub-Divisional Grid,,,1956,Monsoon (JUN-SEP),Monsoon,,,,,,,,,,,,998.6,IMD All-India Monsoon Series (1901-2021),1956.0,,,UNAVAILABLE,,UNAVAILABLE,,RAINFALL_ONLY,REAL_PUBLIC_SOURCE,3.4,14.14,-0.048,0,33.3,0.0,0.2,1.0,0.25,0.35,0.22,MODERATE
REAL_RF_1957,All-India,All-India Average,,All-India Sub-Divisional Grid,,,1957,Monsoon (JUN-SEP),Monsoon,,,,,,,,,,,,864.5,IMD All-India Monsoon Series (1901-2021),1957.0,,,UNAVAILABLE,,UNAVAILABLE,,RAINFALL_ONLY,REAL_PUBLIC_SOURCE,-0.29,-1.19,-0.127,0,21.0,0.0,0.2,0.43,0.25,0.35,0.03,LOW
REAL_RF_1958,All-India,All-India Average,,All-India Sub-Divisional Grid,,,1958,Monsoon (JUN-SEP),Monsoon,,,,,,,,,,,,990.4,IMD All-India Monsoon Series (1901-2021),1958.0,,,UNAVAILABLE,,UNAVAILABLE,,RAINFALL_ONLY,REAL_PUBLIC_SOURCE,3.18,13.21,-0.057,0,33.2,0.0,0.2,1.0,0.25,0.35,0.2,MODERATE
REAL_RF_1959,All-India,All-India Average,,All-India Sub-Divisional Grid,,,1959,Monsoon (JUN-SEP),Monsoon,,,,,,,,,,,,1043.3,IMD All-India Monsoon Series (1901-2021),1959.0,,,UNAVAILABLE,,UNAVAILABLE,,RAINFALL_ONLY,REAL_PUBLIC_SOURCE,4.63,19.25,0.018,1,34.1,0.0,0.2,1.0,0.25,0.35,0.38,MODERATE
REAL_RF_1960,All-India,All-India Average,,All-India Sub-Divisional Grid,,,1960,Monsoon (JUN-SEP),Monsoon,,,,,,,,,,,,908.1,IMD All-India Monsoon Series (1901-2021),1960.0,,,UNAVAILABLE,,UNAVAILABLE,,RAINFALL_ONLY,REAL_PUBLIC_SOURCE,0.91,3.8,-0.113,0,27.1,0.0,0.2,0.73,0.25,0.35,0.07,LOW
REAL_RF_1961,All-India,All-India Average,,All-India Sub-Divisional Grid,,,1961,Monsoon (JUN-SEP),Monsoon,,,,,,,,,,,,1051.1,IMD All-India Monsoon Series (1901-2021),1961.0,,,UNAVAILABLE,,UNAVAILABLE,,RAINFALL_ONLY,REAL_PUBLIC_SOURCE,4.85,20.14,0.025,1,34.2,0.0,0.2,1.0,0.25,0.35,0.39,MODERATE
REAL_RF_1962,All-India,All-India Average,,All-India Sub-Divisional Grid,,,1962,Monsoon (JUN-SEP),Monsoon,,,,,,,,,,,,902.5,IMD All-India Monsoon Series (1901-2021),1962.0,,,UNAVAILABLE,,UNAVAILABLE,,RAINFALL_ONLY,REAL_PUBLIC_SOURCE,0.76,3.16,-0.117,0,26.3,0.0,0.2,0.69,0.25,0.35,0.06,LOW
REAL_RF_1963,All-India,All-India Average,,All-India Sub-Divisional Grid,,,1963,Monsoon (JUN-SEP),Monsoon,,,,,,,,,,,,906.7,IMD All-India Monsoon Series (1901-2021),1963.0,,,UNAVAILABLE,,UNAVAILABLE,,RAINFALL_ONLY,REAL_PUBLIC_SOURCE,0.88,3.64,-0.113,0,27.0,0.0,0.2,0.72,0.25,0.35,0.07,LOW
REAL_RF_1964,All-India,All-India Average,,All-India Sub-Divisional Grid,,,1964,Monsoon (JUN-SEP),Monsoon,,,,,,,,,,,,991.9,IMD All-India Monsoon Series (1901-2021),1964.0,,,UNAVAILABLE,,UNAVAILABLE,,RAINFALL_ONLY,REAL_PUBLIC_SOURCE,3.22,13.38,-0.057,0,33.2,0.0,0.2,1.0,0.25,0.35,0.2,MODERATE
REAL_RF_1965,All-India,All-India Average,,All-India Sub-Divisional Grid,,,1965,Monsoon (JUN-SEP),Monsoon,,,,,,,,,,,,707.2,IMD All-India Monsoon Series (1901-2021),1965.0,,,UNAVAILABLE,,UNAVAILABLE,,RAINFALL_ONLY,REAL_PUBLIC_SOURCE,-4.61,-19.17,0.019,1,14.1,0.0,0.2,0.0,0.25,0.35,0.38,LOW
REAL_RF_1966,All-India,All-India Average,,All-India Sub-Divisional Grid,,,1966,Monsoon (JUN-SEP),Monsoon,,,,,,,,,,,,791.8,IMD All-India Monsoon Series (1901-2021),1966.0,,,UNAVAILABLE,,UNAVAILABLE,,RAINFALL_ONLY,REAL_PUBLIC_SOURCE,-2.29,-9.5,-0.092,0,12.8,0.0,0.2,0.0,0.25,0.35,0.12,LOW
REAL_RF_1967,All-India,All-India Average,,All-India Sub-Divisional Grid,,,1967,Monsoon (JUN-SEP),Monsoon,,,,,,,,,,,,882.8,IMD All-India Monsoon Series (1901-2021),1967.0,,,UNAVAILABLE,,UNAVAILABLE,,RAINFALL_ONLY,REAL_PUBLIC_SOURCE,0.22,0.91,-0.134,0,23.4,0.0,0.2,0.55,0.25,0.35,0.02,LOW
REAL_RF_1968,All-India,All-India Average,,All-India Sub-Divisional Grid,,,1968,Monsoon (JUN-SEP),Monsoon,,,,,,,,,,,,799.3,IMD All-India Monsoon Series (1901-2021),1968.0,,,UNAVAILABLE,,UNAVAILABLE,,RAINFALL_ONLY,REAL_PUBLIC_SOURCE,-2.08,-8.64,-0.09,0,12.8,0.0,0.2,0.0,0.25,0.35,0.12,LOW
REAL_RF_1969,All-India,All-India Average,,All-India Sub-Divisional Grid,,,1969,Monsoon (JUN-SEP),Monsoon,,,,,,,,,,,,901.7,IMD All-India Monsoon Series (1901-2021),1969.0,,,UNAVAILABLE,,UNAVAILABLE,,RAINFALL_ONLY,REAL_PUBLIC_SOURCE,0.74,3.07,-0.117,0,26.2,0.0,0.2,0.68,0.25,0.35,0.06,LOW
REAL_RF_1970,All-India,All-India Average,,All-India Sub-Divisional Grid,,,1970,Monsoon (JUN-SEP),Monsoon,,,,,,,,,,,,1000.1,IMD All-India Monsoon Series (1901-2021),1970.0,,,UNAVAILABLE,,UNAVAILABLE,,RAINFALL_ONLY,REAL_PUBLIC_SOURCE,3.45,14.31,-0.047,0,33.4,0.0,0.2,1.0,0.25,0.35,0.22,MODERATE
REAL_RF_1971,All-India,All-India Average,,All-India Sub-Divisional Grid,,,1971,Monsoon (JUN-SEP),Monsoon,,,,,,,,,,,,913.0,IMD All-India Monsoon Series (1901-2021),1971.0,,,UNAVAILABLE,,UNAVAILABLE,,RAINFALL_ONLY,REAL_PUBLIC_SOURCE,1.05,4.36,-0.113,0,27.8,0.0,0.2,0.76,0.25,0.35,0.07,LOW
REAL_RF_1972,All-India,All-India Average,,All-India Sub-Divisional Grid,,,1972,Monsoon (JUN-SEP),Monsoon,,,,,,,,,,,,674.4,IMD All-India Monsoon Series (1901-2021),1972.0,,,UNAVAILABLE,,UNAVAILABLE,,RAINFALL_ONLY,REAL_PUBLIC_SOURCE,-5.52,-22.91,0.035,1,14.3,0.0,0.2,0.0,0.25,0.35,0.41,LOW
REAL_RF_1973,All-India,All-India Average,,All-India Sub-Divisional Grid,,,1973,Monsoon (JUN-SEP),Monsoon,,,,,,,,,,,,924.1,IMD All-India Monsoon Series (1901-2021),1973.0,,,UNAVAILABLE,,UNAVAILABLE,,RAINFALL_ONLY,REAL_PUBLIC_SOURCE,1.35,5.63,-0.108,0,29.4,0.0,0.2,0.84,0.25,0.35,0.08,LOW
REAL_RF_1974,All-India,All-India Average,,All-India Sub-Divisional Grid,,,1974,Monsoon (JUN-SEP),Monsoon,,,,,,,,,,,,778.0,IMD All-India Monsoon Series (1901-2021),1974.0,,,UNAVAILABLE,,UNAVAILABLE,,RAINFALL_ONLY,REAL_PUBLIC_SOURCE,-2.67,-11.07,-0.072,0,13.1,0.0,0.2,0.0,0.25,0.35,0.16,LOW
REAL_RF_1975,All-India,All-India Average,,All-India Sub-Divisional Grid,,,1975,Monsoon (JUN-SEP),Monsoon,,,,,,,,,,,,998.0,IMD All-India Monsoon Series (1901-2021),1975.0,,,UNAVAILABLE,,UNAVAILABLE,,RAINFALL_ONLY,REAL_PUBLIC_SOURCE,3.39,14.07,-0.053,0,33.3,0.0,0.2,1.0,0.25,0.35,0.21,MODERATE
REAL_RF_1976,All-India,All-India Average,,All-India Sub-Divisional Grid,,,1976,Monsoon (JUN-SEP),Monsoon,,,,,,,,,,,,885.2,IMD All-India Monsoon Series (1901-2021),1976.0,,,UNAVAILABLE,,UNAVAILABLE,,RAINFALL_ONLY,REAL_PUBLIC_SOURCE,0.28,1.18,-0.134,0,23.7,0.0,0.2,0.57,0.25,0.35,0.02,LOW
REAL_RF_1977,All-India,All-India Average,,All-India Sub-Divisional Grid,,,1977,Monsoon (JUN-SEP),Monsoon,,,,,,,,,,,,898.0,IMD All-India Monsoon Series (1901-2021),1977.0,,,UNAVAILABLE,,UNAVAILABLE,,RAINFALL_ONLY,REAL_PUBLIC_SOURCE,0.64,2.64,-0.118,0,25.7,0.0,0.2,0.66,0.25,0.35,0.05,LOW
REAL_RF_1978,All-India,All-India Average,,All-India Sub-Divisional Grid,,,1978,Monsoon (JUN-SEP),Monsoon,,,,,,,,,,,,939.7,IMD All-India Monsoon Series (1901-2021),1978.0,,,UNAVAILABLE,,UNAVAILABLE,,RAINFALL_ONLY,REAL_PUBLIC_SOURCE,1.78,7.41,-0.096,0,31.7,0.0,0.2,0.95,0.25,0.35,0.11,MODERATE
REAL_RF_1979,All-India,All-India Average,,All-India Sub-Divisional Grid,,,1979,Monsoon (JUN-SEP),Monsoon,,,,,,,,,,,,723.3,IMD All-India Monsoon Series (1901-2021),1979.0,,,UNAVAILABLE,,UNAVAILABLE,,RAINFALL_ONLY,REAL_PUBLIC_SOURCE,-4.17,-17.33,0.004,1,14.0,0.0,0.2,0.0,0.25,0.35,0.34,LOW
REAL_RF_1980,All-India,All-India Average,,All-India Sub-Divisional Grid,,,1980,Monsoon (JUN-SEP),Monsoon,,,,,,,,,,,,934.6,IMD All-India Monsoon Series (1901-2021),1980.0,,,UNAVAILABLE,,UNAVAILABLE,,RAINFALL_ONLY,REAL_PUBLIC_SOURCE,1.64,6.83,-0.099,0,31.0,0.0,0.2,0.91,0.25,0.35,0.1,MODERATE
REAL_RF_1981,All-India,All-India Average,,All-India Sub-Divisional Grid,,,1981,Monsoon (JUN-SEP),Monsoon,,,,,,,,,,,,885.2,IMD All-India Monsoon Series (1901-2021),1981.0,,,UNAVAILABLE,,UNAVAILABLE,,RAINFALL_ONLY,REAL_PUBLIC_SOURCE,0.28,1.18,-0.134,0,23.7,0.0,0.2,0.57,0.25,0.35,0.02,LOW
REAL_RF_1982,All-India,All-India Average,,All-India Sub-Divisional Grid,,,1982,Monsoon (JUN-SEP),Monsoon,,,,,,,,,,,,769.2,IMD All-India Monsoon Series (1901-2021),1982.0,,,UNAVAILABLE,,UNAVAILABLE,,RAINFALL_ONLY,REAL_PUBLIC_SOURCE,-2.91,-12.08,-0.053,0,13.3,0.0,0.2,0.0,0.25,0.35,0.21,LOW
REAL_RF_1983,All-India,All-India Average,,All-India Sub-Divisional Grid,,,1983,Monsoon (JUN-SEP),Monsoon,,,,,,,,,,,,990.3,IMD All-India Monsoon Series (1901-2021),1983.0,,,UNAVAILABLE,,UNAVAILABLE,,RAINFALL_ONLY,REAL_PUBLIC_SOURCE,3.18,13.19,-0.057,0,33.2,0.0,0.2,1.0,0.25,0.35,0.2,MODERATE
REAL_RF_1984,All-India,All-India Average,,All-India Sub-Divisional Grid,,,1984,Monsoon (JUN-SEP),Monsoon,,,,,,,,,,,,887.1,IMD All-India Monsoon Series (1901-2021),1984.0,,,UNAVAILABLE,,UNAVAILABLE,,RAINFALL_ONLY,REAL_PUBLIC_SOURCE,0.34,1.4,-0.132,0,24.0,0.0,0.2,0.58,0.25,0.35,0.02,LOW
REAL_RF_1985,All-India,All-India Average,,All-India Sub-Divisional Grid,,,1985,Monsoon (JUN-SEP),Monsoon,,,,,,,,,,,,830.1,IMD All-India Monsoon Series (1901-2021),1985.0,,,UNAVAILABLE,,UNAVAILABLE,,RAINFALL_ONLY,REAL_PUBLIC_SOURCE,-1.23,-5.12,-0.104,0,16.5,0.0,0.2,0.19,0.25,0.35,0.09,LOW
REAL_RF_1986,All-India,All-India Average,,All-India Sub-Divisional Grid,,,1986,Monsoon (JUN-SEP),Monsoon,,,,,,,,,,,,795.1,IMD All-India Monsoon Series (1901-2021),1986.0,,,UNAVAILABLE,,UNAVAILABLE,,RAINFALL_ONLY,REAL_PUBLIC_SOURCE,-2.19,-9.12,-0.091,0,12.8,0.0,0.2,0.0,0.25,0.35,0.12,LOW
REAL_RF_1987,All-India,All-India Average,,All-India Sub-Divisional Grid,,,1987,Monsoon (JUN-SEP),Monsoon,,,,,,,,,,,,744.4,IMD All-India Monsoon Series (1901-2021),1987.0,,,UNAVAILABLE,,UNAVAILABLE,,RAINFALL_ONLY,REAL_PUBLIC_SOURCE,-3.59,-14.91,-0.026,0,13.6,0.0,0.2,0.0,0.25,0.35,0.27,LOW
REAL_RF_1988,All-India,All-India Average,,All-India Sub-Divisional Grid,,,1988,Monsoon (JUN-SEP),Monsoon,,,,,,,,,,,,1052.7,IMD All-India Monsoon Series (1901-2021),1988.0,,,UNAVAILABLE,,UNAVAILABLE,,RAINFALL_ONLY,REAL_PUBLIC_SOURCE,4.89,20.33,0.028,1,34.2,0.0,0.2,1.0,0.25,0.35,0.4,MODERATE
REAL_RF_1989,All-India,All-India Average,,All-India Sub-Divisional Grid,,,1989,Monsoon (JUN-SEP),Monsoon,,,,,,,,,,,,887.1,IMD All-India Monsoon Series (1901-2021),1989.0,,,UNAVAILABLE,,UNAVAILABLE,,RAINFALL_ONLY,REAL_PUBLIC_SOURCE,0.34,1.4,-0.132,0,24.0,0.0,0.2,0.58,0.25,0.35,0.02,LOW
REAL_RF_1990,All-India,All-India Average,,All-India Sub-Divisional Grid,,,1990,Monsoon (JUN-SEP),Monsoon,,,,,,,,,,,,963.5,IMD All-India Monsoon Series (1901-2021),1990.0,,,UNAVAILABLE,,UNAVAILABLE,,RAINFALL_ONLY,REAL_PUBLIC_SOURCE,2.44,10.13,-0.084,0,32.9,0.0,0.2,1.0,0.25,0.35,0.13,MODERATE
REAL_RF_1991,All-India,All-India Average,,All-India Sub-Divisional Grid,,,1991,Monsoon (JUN-SEP),Monsoon,,,,,,,,,,,,856.5,IMD All-India Monsoon Series (1901-2021),1991.0,,,UNAVAILABLE,,UNAVAILABLE,,RAINFALL_ONLY,REAL_PUBLIC_SOURCE,-0.51,-2.1,-0.12,0,20.0,0.0,0.2,0.37,0.25,0.35,0.05,LOW
REAL_RF_1992,All-India,All-India Average,,All-India Sub-Divisional Grid,,,1992,Monsoon (JUN-SEP),Monsoon,,,,,,,,,,,,856.0,IMD All-India Monsoon Series (1901-2021),1992.0,,,UNAVAILABLE,,UNAVAILABLE,,RAINFALL_ONLY,REAL_PUBLIC_SOURCE,-0.52,-2.16,-0.12,0,19.9,0.0,0.2,0.37,0.25,0.35,0.05,LOW
REAL_RF_1993,All-India,All-India Average,,All-India Sub-Divisional Grid,,,1993,Monsoon (JUN-SEP),Monsoon,,,,,,,,,,,,885.6,IMD All-India Monsoon Series (1901-2021),1993.0,,,UNAVAILABLE,,UNAVAILABLE,,RAINFALL_ONLY,REAL_PUBLIC_SOURCE,0.3,1.23,-0.134,0,23.8,0.0,0.2,0.57,0.25,0.35,0.02,LOW
REAL_RF_1994,All-India,All-India Average,,All-India Sub-Divisional Grid,,,1994,Monsoon (JUN-SEP),Monsoon,,,,,,,,,,,,988.8,IMD All-India Monsoon Series (1901-2021),1994.0,,,UNAVAILABLE,,UNAVAILABLE,,RAINFALL_ONLY,REAL_PUBLIC_SOURCE,3.13,13.02,-0.057,0,33.2,0.0,0.2,1.0,0.25,0.35,0.2,MODERATE
REAL_RF_1995,All-India,All-India Average,,All-India Sub-Divisional Grid,,,1995,Monsoon (JUN-SEP),Monsoon,,,,,,,,,,,,905.5,IMD All-India Monsoon Series (1901-2021),1995.0,,,UNAVAILABLE,,UNAVAILABLE,,RAINFALL_ONLY,REAL_PUBLIC_SOURCE,0.84,3.5,-0.116,0,26.8,0.0,0.2,0.71,0.25,0.35,0.06,LOW
REAL_RF_1996,All-India,All-India Average,,All-India Sub-Divisional Grid,,,1996,Monsoon (JUN-SEP),Monsoon,,,,,,,,,,,,897.5,IMD All-India Monsoon Series (1901-2021),1996.0,,,UNAVAILABLE,,UNAVAILABLE,,RAINFALL_ONLY,REAL_PUBLIC_SOURCE,0.62,2.59,-0.119,0,25.6,0.0,0.2,0.66,0.25,0.35,0.05,LOW
REAL_RF_1997,All-India,All-India Average,,All-India Sub-Divisional Grid,,,1997,Monsoon (JUN-SEP),Monsoon,,,,,,,,,,,,870.1,IMD All-India Monsoon Series (1901-2021),1997.0,,,UNAVAILABLE,,UNAVAILABLE,,RAINFALL_ONLY,REAL_PUBLIC_SOURCE,-0.13,-0.55,-0.141,0,21.6,0.0,0.2,0.47,0.25,0.35,0.0,LOW
REAL_RF_1998,All-India,All-India Average,,All-India Sub-Divisional Grid,,,1998,Monsoon (JUN-SEP),Monsoon,,,,,,,,,,,,895.6,IMD All-India Monsoon Series (1901-2021),1998.0,,,UNAVAILABLE,,UNAVAILABLE,,RAINFALL_ONLY,REAL_PUBLIC_SOURCE,0.57,2.37,-0.119,0,25.4,0.0,0.2,0.64,0.25,0.35,0.05,LOW
REAL_RF_1999,All-India,All-India Average,,All-India Sub-Divisional Grid,,,1999,Monsoon (JUN-SEP),Monsoon,,,,,,,,,,,,845.6,IMD All-India Monsoon Series (1901-2021),1999.0,,,UNAVAILABLE,,UNAVAILABLE,,RAINFALL_ONLY,REAL_PUBLIC_SOURCE,-0.81,-3.35,-0.114,0,18.5,0.0,0.2,0.3,0.25,0.35,0.06,LOW
REAL_RF_2000,All-India,All-India Average,,All-India Sub-Divisional Grid,,,2000,Monsoon (JUN-SEP),Monsoon,,,,,,,,,,,,815.0,IMD All-India Monsoon Series (1901-2021),2000.0,,,UNAVAILABLE,,UNAVAILABLE,,RAINFALL_ONLY,REAL_PUBLIC_SOURCE,-1.65,-6.84,-0.096,0,14.5,0.0,0.2,0.09,0.25,0.35,0.1,LOW
REAL_RF_2001,All-India,All-India Average,,All-India Sub-Divisional Grid,,,2001,Monsoon (JUN-SEP),Monsoon,,,,,,,,,,,,810.4,IMD All-India Monsoon Series (1901-2021),2001.0,,,UNAVAILABLE,,UNAVAILABLE,,RAINFALL_ONLY,REAL_PUBLIC_SOURCE,-1.77,-7.37,-0.093,0,14.0,0.0,0.2,0.06,0.25,0.35,0.11,LOW
REAL_RF_2002,All-India,All-India Average,,All-India Sub-Divisional Grid,,,2002,Monsoon (JUN-SEP),Monsoon,,,,,,,,,,,,687.1,IMD All-India Monsoon Series (1901-2021),2002.0,,,UNAVAILABLE,,UNAVAILABLE,,RAINFALL_ONLY,REAL_PUBLIC_SOURCE,-5.17,-21.46,0.032,1,14.3,0.0,0.2,0.0,0.25,0.35,0.41,LOW
REAL_RF_2003,All-India,All-India Average,,All-India Sub-Divisional Grid,,,2003,Monsoon (JUN-SEP),Monsoon,,,,,,,,,,,,896.8,IMD All-India Monsoon Series (1901-2021),2003.0,,,UNAVAILABLE,,UNAVAILABLE,,RAINFALL_ONLY,REAL_PUBLIC_SOURCE,0.6,2.51,-0.119,0,25.5,0.0,0.2,0.65,0.25,0.35,0.05,LOW
REAL_RF_2004,All-India,All-India Average,,All-India Sub-Divisional Grid,,,2004,Monsoon (JUN-SEP),Monsoon,,,,,,,,,,,,785.1,IMD All-India Monsoon Series (1901-2021),2004.0,,,UNAVAILABLE,,UNAVAILABLE,,RAINFALL_ONLY,REAL_PUBLIC_SOURCE,-2.47,-10.26,-0.078,0,13.0,0.0,0.2,0.0,0.25,0.35,0.15,LOW
REAL_RF_2005,All-India,All-India Average,,All-India Sub-Divisional Grid,,,2005,Monsoon (JUN-SEP),Monsoon,,,,,,,,,,,,871.8,IMD All-India Monsoon Series (1901-2021),2005.0,,,UNAVAILABLE,,UNAVAILABLE,,RAINFALL_ONLY,REAL_PUBLIC_SOURCE,-0.08,-0.35,-0.141,0,21.8,0.0,0.2,0.48,0.25,0.35,0.0,LOW
REAL_RF_2006,All-India,All-India Average,,All-India Sub-Divisional Grid,,,2006,Monsoon (JUN-SEP),Monsoon,,,,,,,,,,,,898.0,IMD All-India Monsoon Series (1901-2021),2006.0,,,UNAVAILABLE,,UNAVAILABLE,,RAINFALL_ONLY,REAL_PUBLIC_SOURCE,0.64,2.64,-0.118,0,25.7,0.0,0.2,0.66,0.25,0.35,0.05,LOW
REAL_RF_2007,All-India,All-India Average,,All-India Sub-Divisional Grid,,,2007,Monsoon (JUN-SEP),Monsoon,,,,,,,,,,,,966.6,IMD All-India Monsoon Series (1901-2021),2007.0,,,UNAVAILABLE,,UNAVAILABLE,,RAINFALL_ONLY,REAL_PUBLIC_SOURCE,2.52,10.48,-0.081,0,33.0,0.0,0.2,1.0,0.25,0.35,0.14,MODERATE
REAL_RF_2008,All-India,All-India Average,,All-India Sub-Divisional Grid,,,2008,Monsoon (JUN-SEP),Monsoon,,,,,,,,,,,,897.1,IMD All-India Monsoon Series (1901-2021),2008.0,,,UNAVAILABLE,,UNAVAILABLE,,RAINFALL_ONLY,REAL_PUBLIC_SOURCE,0.61,2.54,-0.119,0,25.6,0.0,0.2,0.65,0.25,0.35,0.05,LOW
REAL_RF_2009,All-India,All-India Average,,All-India Sub-Divisional Grid,,,2009,Monsoon (JUN-SEP),Monsoon,,,,,,,,,,,,709.2,IMD All-India Monsoon Series (1901-2021),2009.0,,,UNAVAILABLE,,UNAVAILABLE,,RAINFALL_ONLY,REAL_PUBLIC_SOURCE,-4.56,-18.94,0.018,1,14.1,0.0,0.2,0.0,0.25,0.35,0.37,LOW
REAL_RF_2010,All-India,All-India Average,,All-India Sub-Divisional Grid,,,2010,Monsoon (JUN-SEP),Monsoon,,,,,,,,,,,,911.6,IMD All-India Monsoon Series (1901-2021),2010.0,,,UNAVAILABLE,,UNAVAILABLE,,RAINFALL_ONLY,REAL_PUBLIC_SOURCE,1.01,4.2,-0.113,0,27.6,0.0,0.2,0.75,0.25,0.35,0.07,LOW
REAL_RF_2011,All-India,All-India Average,,All-India Sub-Divisional Grid,,,2011,Monsoon (JUN-SEP),Monsoon,,,,,,,,,,,,911.1,IMD All-India Monsoon Series (1901-2021),2011.0,,,UNAVAILABLE,,UNAVAILABLE,,RAINFALL_ONLY,REAL_PUBLIC_SOURCE,1.0,4.14,-0.113,0,27.6,0.0,0.2,0.75,0.25,0.35,0.07,LOW
REAL_RF_2012,All-India,All-India Average,,All-India Sub-Divisional Grid,,,2012,Monsoon (JUN-SEP),Monsoon,,,,,,,,,,,,837.1,IMD All-India Monsoon Series (1901-2021),2012.0,,,UNAVAILABLE,,UNAVAILABLE,,RAINFALL_ONLY,REAL_PUBLIC_SOURCE,-1.04,-4.32,-0.106,0,17.5,0.0,0.2,0.24,0.25,0.35,0.08,LOW
REAL_RF_2013,All-India,All-India Average,,All-India Sub-Divisional Grid,,,2013,Monsoon (JUN-SEP),Monsoon,,,,,,,,,,,,943.4,IMD All-India Monsoon Series (1901-2021),2013.0,,,UNAVAILABLE,,UNAVAILABLE,,RAINFALL_ONLY,REAL_PUBLIC_SOURCE,1.89,7.83,-0.09,0,32.3,0.0,0.2,0.97,0.25,0.35,0.12,MODERATE
REAL_RF_2014,All-India,All-India Average,,All-India Sub-Divisional Grid,,,2014,Monsoon (JUN-SEP),Monsoon,,,,,,,,,,,,781.8,IMD All-India Monsoon Series (1901-2021),2014.0,,,UNAVAILABLE,,UNAVAILABLE,,RAINFALL_ONLY,REAL_PUBLIC_SOURCE,-2.56,-10.64,-0.077,0,13.0,0.0,0.2,0.0,0.25,0.35,0.15,LOW
REAL_RF_2015,All-India,All-India Average,,All-India Sub-Divisional Grid,,,2015,Monsoon (JUN-SEP),Monsoon,,,,,,,,,,,,758.2,IMD All-India Monsoon Series (1901-2021),2015.0,,,UNAVAILABLE,,UNAVAILABLE,,RAINFALL_ONLY,REAL_PUBLIC_SOURCE,-3.21,-13.34,-0.037,0,13.5,0.0,0.2,0.0,0.25,0.35,0.24,LOW
REAL_RF_2016,All-India,All-India Average,,All-India Sub-Divisional Grid,,,2016,Monsoon (JUN-SEP),Monsoon,,,,,,,,,,,,865.5,IMD All-India Monsoon Series (1901-2021),2016.0,,,UNAVAILABLE,,UNAVAILABLE,,RAINFALL_ONLY,REAL_PUBLIC_SOURCE,-0.26,-1.07,-0.127,0,21.1,0.0,0.2,0.44,0.25,0.35,0.03,LOW
REAL_RF_2017,All-India,All-India Average,,All-India Sub-Divisional Grid,,,2017,Monsoon (JUN-SEP),Monsoon,,,,,,,,,,,,845.7,IMD All-India Monsoon Series (1901-2021),2017.0,,,UNAVAILABLE,,UNAVAILABLE,,RAINFALL_ONLY,REAL_PUBLIC_SOURCE,-0.8,-3.33,-0.114,0,18.6,0.0,0.2,0.3,0.25,0.35,0.06,LOW
REAL_RF_2018,All-India,All-India Average,,All-India Sub-Divisional Grid,,,2018,Monsoon (JUN-SEP),Monsoon,,,,,,,,,,,,804.0,IMD All-India Monsoon Series (1901-2021),2018.0,,,UNAVAILABLE,,UNAVAILABLE,,RAINFALL_ONLY,REAL_PUBLIC_SOURCE,-1.95,-8.1,-0.088,0,13.1,0.0,0.2,0.01,0.25,0.35,0.12,LOW
REAL_RF_2019,All-India,All-India Average,,All-India Sub-Divisional Grid,,,2019,Monsoon (JUN-SEP),Monsoon,,,,,,,,,,,,970.8,IMD All-India Monsoon Series (1901-2021),2019.0,,,UNAVAILABLE,,UNAVAILABLE,,RAINFALL_ONLY,REAL_PUBLIC_SOURCE,2.64,10.96,-0.082,0,32.9,0.0,0.2,1.0,0.25,0.35,0.14,MODERATE
REAL_RF_2020,All-India,All-India Average,,All-India Sub-Divisional Grid,,,2020,Monsoon (JUN-SEP),Monsoon,,,,,,,,,,,,959.3,IMD All-India Monsoon Series (1901-2021),2020.0,,,UNAVAILABLE,,UNAVAILABLE,,RAINFALL_ONLY,REAL_PUBLIC_SOURCE,2.32,9.65,-0.088,0,32.9,0.0,0.2,1.0,0.25,0.35,0.12,MODERATE
REAL_RF_2021,All-India,All-India Average,,All-India Sub-Divisional Grid,,,2021,Monsoon (JUN-SEP),Monsoon,,,,,,,,,,,,872.3,IMD All-India Monsoon Series (1901-2021),2021.0,,,UNAVAILABLE,,UNAVAILABLE,,RAINFALL_ONLY,REAL_PUBLIC_SOURCE,-0.07,-0.29,-0.141,0,21.9,0.0,0.2,0.48,0.25,0.35,0.0,LOW
REAL_HLTH_2019,India,National Aggregate,,Ministry of Health & Family Welfare,,,2019,Annual,Annual,,,,,,,,,,,,,UNAVAILABLE,,17683689.0,"Total Water-Borne Disease Cases (ADD, Cholera, Hepatitis, Leptospirosis)",Rajya Sabha Unstarred Question No. 557,2019.0,UNAVAILABLE,,HEALTH_ONLY,REAL_PUBLIC_SOURCE,-0.07,-0.29,-0.141,0,46.9,1.0,0.2,0.48,0.25,0.35,0.0,MODERATE
REAL_HLTH_2020,India,National Aggregate,,Ministry of Health & Family Welfare,,,2020,Annual,Annual,,,,,,,,,,,,,UNAVAILABLE,,8947026.0,"Total Water-Borne Disease Cases (ADD, Cholera, Hepatitis, Leptospirosis)",Rajya Sabha Unstarred Question No. 557,2020.0,UNAVAILABLE,,HEALTH_ONLY,REAL_PUBLIC_SOURCE,-0.07,-0.29,-0.141,0,34.5,0.51,0.2,0.48,0.25,0.35,0.0,MODERATE
REAL_HLTH_2021,India,National Aggregate,,Ministry of Health & Family Welfare,,,2021,Annual,Annual,,,,,,,,,,,,,UNAVAILABLE,,5919303.0,"Total Water-Borne Disease Cases (ADD, Cholera, Hepatitis, Leptospirosis)",Rajya Sabha Unstarred Question No. 557,2021.0,UNAVAILABLE,,HEALTH_ONLY,REAL_PUBLIC_SOURCE,-0.07,-0.29,-0.141,0,30.3,0.33,0.2,0.48,0.25,0.35,0.0,MODERATE
