record_id,state,district,block_taluka,station_location,longitude,latitude,year,month,season,ph,ec_us_cm,tds_mg_l,cl_mg_l,no3_mg_l,so4_mg_l,f_mg_l,total_hardness_mg_l,fe_mg_l,as_ppb,u_ppb,rainfall_mm,rainfall_source,rainfall_year,health_value,health_indicator,health_source,health_year,water_source,water_year,data_availability_status,data_type,rainfall_anomaly,rainfall_change,anomaly_score,abnormal_pattern_flag,risk_score,health_risk_component,water_risk_component,env_risk_component,hist_risk_component,vuln_risk_component,abnormal_risk_component,risk_class
DEMO_REC_0001,Tamil Nadu,Salem,Salem Central,Salem Station-2,78.1911,11.6518,2022,May,Pre-Monsoon,7.46,1733.1,1126.5,168.3,16.6,129.8,1.36,355.8,0.01,8.76,5.36,33.4,Synthetic Environmental Simulation,2022,35,Reported Diarrheal/Gastrointestinal Cases,Synthetic Community Health Registry,2022,Synthetic Ground Water Monitoring,2022,COMPLETE,SYNTHETIC_DEMO,-0.71,-77.23,-0.077,0,27.3,0.16,0.08,0.32,0.65,0.35,0.32,LOW
DEMO_REC_0002,Tamil Nadu,Chennai,Chennai Central,Chennai Station-3,80.2819,13.0944,2023,May,Pre-Monsoon,6.99,346.3,225.1,191.1,30.9,93.1,0.87,278.2,0.59,2.85,1.8,52.1,Synthetic Environmental Simulation,2023,32,Reported Diarrheal/Gastrointestinal Cases,Synthetic Community Health Registry,2023,Synthetic Ground Water Monitoring,2023,COMPLETE,SYNTHETIC_DEMO,-0.59,-64.48,-0.011,0,26.7,0.14,0.0,0.35,0.65,0.35,0.57,LOW
DEMO_REC_0003,Tamil Nadu,Coimbatore,Coimbatore Central,Coimbatore Station-4,77.0024,11.0617,2024,May,Pre-Monsoon,6.96,1531.6,995.5,148.2,24.9,119.5,0.35,200.7,0.72,0.75,3.26,49.2,Synthetic Environmental Simulation,2024,18,Reported Diarrheal/Gastrointestinal Cases,Synthetic Community Health Registry,2024,Synthetic Ground Water Monitoring,2024,COMPLETE,SYNTHETIC_DEMO,-0.61,-66.45,-0.129,0,18.5,0.08,0.07,0.35,0.25,0.35,0.13,LOW
DEMO_REC_0004,Tamil Nadu,Madurai,Madurai Central,Madurai Station-5,78.1668,9.8937,2022,July,Monsoon,6.42,1276.5,829.7,174.2,37.0,109.5,0.88,338.0,0.13,0.82,2.35,271.6,Synthetic Environmental Simulation,2022,55,Reported Diarrheal/Gastrointestinal Cases,Synthetic Community Health Registry,2022,Synthetic Ground Water Monitoring,2022,COMPLETE,SYNTHETIC_DEMO,0.78,85.18,-0.058,0,30.6,0.24,0.05,0.7,0.25,0.35,0.39,MODERATE
DEMO_REC_0005,Tamil Nadu,Tiruchirappalli,Tiruchirappalli Central,Tiruchirappalli Station-1,78.6712,10.7701,2023,July,Monsoon,7.18,1103.6,717.3,140.2,4.2,142.3,1.49,212.0,0.28,6.52,3.16,239.3,Synthetic Environmental Simulation,2023,37,Reported Diarrheal/Gastrointestinal Cases,Synthetic Community Health Registry,2023,Synthetic Ground Water Monitoring,2023,COMPLETE,SYNTHETIC_DEMO,0.58,63.16,-0.101,0,26.2,0.16,0.03,0.65,0.25,0.35,0.23,LOW
DEMO_REC_0006,Andhra Pradesh,Visakhapatnam,Visakhapatnam Central,Visakhapatnam Station-2,83.2351,17.7037,2024,July,Monsoon,7.16,649.0,421.9,196.3,31.6,117.2,1.57,210.0,0.09,0.1,3.72,390.6,Synthetic Environmental Simulation,2024,104,Reported Diarrheal/Gastrointestinal Cases,Synthetic Community Health Registry,2024,Synthetic Ground Water Monitoring,2024,COMPLETE,SYNTHETIC_DEMO,1.53,166.32,-0.044,0,44.9,0.46,0.01,0.88,0.65,0.35,0.45,MODERATE
DEMO_REC_0007,Andhra Pradesh,Vijayawada,Vijayawada Central,Vijayawada Station-3,80.6088,16.4587,2022,November,Post-Monsoon,7.23,1095.3,711.9,80.6,21.5,101.3,1.43,167.9,0.08,0.2,1.03,55.0,Synthetic Environmental Simulation,2022,20,Reported Diarrheal/Gastrointestinal Cases,Synthetic Community Health Registry,2022,Synthetic Ground Water Monitoring,2022,COMPLETE,SYNTHETIC_DEMO,-0.58,-62.5,-0.153,0,17.5,0.09,0.03,0.36,0.25,0.35,0.04,LOW
DEMO_REC_0008,Andhra Pradesh,Guntur,Guntur Central,Guntur Station-4,80.4083,16.3024,2023,November,Post-Monsoon,7.66,1536.9,999.0,163.6,16.9,89.8,1.66,343.7,0.0,1.09,1.09,18.8,Synthetic Environmental Simulation,2023,84,Reported Diarrheal/Gastrointestinal Cases,Synthetic Community Health Registry,2023,Synthetic Ground Water Monitoring,2023,COMPLETE,SYNTHETIC_DEMO,-0.8,-87.18,-0.114,0,31.6,0.37,0.08,0.3,0.65,0.35,0.19,MODERATE
DEMO_REC_0009,Andhra Pradesh,Anantapur,Anantapur Central,Anantapur Station-5,77.5923,14.683,2024,November,Post-Monsoon,7.04,1098.8,714.2,171.7,27.9,186.0,0.85,293.1,1.07,8.21,0.87,6.6,Synthetic Environmental Simulation,2024,70,Reported Diarrheal/Gastrointestinal Cases,Synthetic Community Health Registry,2024,Synthetic Ground Water Monitoring,2024,COMPLETE,SYNTHETIC_DEMO,-0.88,-95.5,-0.142,0,21.9,0.31,0.03,0.28,0.25,0.35,0.08,LOW
DEMO_REC_0010,Assam,Kamrup Metropolitan,Kamrup Metropolitan Central,Kamrup Metropolitan Station-1,91.7472,26.0982,2022,May,Pre-Monsoon,7.19,969.3,630.0,170.4,20.1,130.6,0.52,305.5,0.08,2.79,4.3,44.9,Synthetic Environmental Simulation,2022,31,Reported Diarrheal/Gastrointestinal Cases,Synthetic Community Health Registry,2022,Synthetic Ground Water Monitoring,2022,COMPLETE,SYNTHETIC_DEMO,-0.64,-69.39,-0.145,0,24.3,0.14,0.02,0.34,0.65,0.35,0.07,LOW
DEMO_REC_0011,Assam,Cachar,Cachar Central,Cachar Station-2,92.7657,24.8561,2023,May,Pre-Monsoon,7.76,1687.3,1096.7,183.8,9.2,85.3,0.36,237.5,0.27,2.83,0.05,14.0,Synthetic Environmental Simulation,2023,110,Reported Diarrheal/Gastrointestinal Cases,Synthetic Community Health Registry,2023,Synthetic Ground Water Monitoring,2023,COMPLETE,SYNTHETIC_DEMO,-0.83,-90.45,-0.046,0,29.5,0.49,0.08,0.29,0.25,0.35,0.44,LOW
DEMO_REC_0012,Arunachal Pradesh,Papum Pare,Papum Pare Central,Papum Pare Station-3,93.6641,27.0596,2024,May,Pre-Monsoon,7.23,1349.8,877.4,223.7,44.1,185.5,0.64,309.7,0.06,10.07,2.18,46.3,Synthetic Environmental Simulation,2024,46,Reported Diarrheal/Gastrointestinal Cases,Synthetic Community Health Registry,2024,Synthetic Ground Water Monitoring,2024,COMPLETE,SYNTHETIC_DEMO,-0.63,-68.43,-0.122,0,21.2,0.2,0.05,0.34,0.25,0.35,0.16,LOW
DEMO_REC_0013,Kerala,Wayanad,Wayanad Central,Wayanad Station-4,76.1159,11.6987,2022,July,Monsoon,7.4,1654.8,1075.6,192.5,9.3,132.1,1.26,297.0,0.0,0.27,3.27,396.3,Synthetic Environmental Simulation,2022,107,Reported Diarrheal/Gastrointestinal Cases,Synthetic Community Health Registry,2022,Synthetic Ground Water Monitoring,2022,COMPLETE,SYNTHETIC_DEMO,1.57,170.21,-0.053,0,41.0,0.48,0.08,0.89,0.25,0.35,0.41,MODERATE
DEMO_REC_0014,Karnataka,Raichur,Raichur Central,Raichur Station-5,77.3268,16.186,2023,July,Monsoon,6.05,918.9,597.3,160.8,19.9,167.0,1.38,224.9,0.11,1.96,2.13,201.3,Synthetic Environmental Simulation,2023,44,Reported Diarrheal/Gastrointestinal Cases,Synthetic Community Health Registry,2023,Synthetic Ground Water Monitoring,2023,COMPLETE,SYNTHETIC_DEMO,0.34,37.25,0.032,1,29.0,0.2,0.06,0.59,0.25,0.35,0.73,LOW
DEMO_REC_0015,Maharashtra,Latur,Latur Central,Latur Station-1,76.5497,18.4561,2024,July,Monsoon,7.49,1296.8,842.9,316.7,35.7,123.3,1.04,326.9,0.1,0.06,3.11,242.9,Synthetic Environmental Simulation,2024,31,Reported Diarrheal/Gastrointestinal Cases,Synthetic Community Health Registry,2024,Synthetic Ground Water Monitoring,2024,COMPLETE,SYNTHETIC_DEMO,0.6,65.61,-0.098,0,26.1,0.14,0.05,0.65,0.25,0.35,0.25,LOW
DEMO_REC_0016,Tamil Nadu,Salem,Salem Central,Salem Station-2,78.143,11.7138,2022,November,Post-Monsoon,7.44,1077.9,700.6,82.8,30.9,86.8,0.7,235.2,0.2,1.17,1.51,22.0,Synthetic Environmental Simulation,2022,41,Reported Diarrheal/Gastrointestinal Cases,Synthetic Community Health Registry,2022,Synthetic Ground Water Monitoring,2022,COMPLETE,SYNTHETIC_DEMO,-0.78,-85.0,-0.14,0,25.0,0.18,0.03,0.3,0.65,0.35,0.09,LOW
DEMO_REC_0017,Tamil Nadu,Chennai,Chennai Central,Chennai Station-3,80.253,13.0622,2023,November,Post-Monsoon,7.76,1357.4,882.3,102.4,62.2,102.1,1.22,191.3,0.02,1.26,0.16,54.9,Synthetic Environmental Simulation,2023,101,Reported Diarrheal/Gastrointestinal Cases,Synthetic Community Health Registry,2023,Synthetic Ground Water Monitoring,2023,COMPLETE,SYNTHETIC_DEMO,-0.58,-62.57,-0.049,0,36.6,0.45,0.11,0.36,0.65,0.35,0.43,MODERATE
DEMO_REC_0018,Tamil Nadu,Coimbatore,Coimbatore Central,Coimbatore Station-4,76.9637,10.9696,2024,November,Post-Monsoon,7.96,963.5,626.3,157.2,8.9,125.2,0.68,290.6,0.01,0.9,2.31,64.3,Synthetic Environmental Simulation,2024,74,Reported Diarrheal/Gastrointestinal Cases,Synthetic Community Health Registry,2024,Synthetic Ground Water Monitoring,2024,COMPLETE,SYNTHETIC_DEMO,-0.52,-56.16,-0.078,0,24.9,0.33,0.02,0.37,0.25,0.35,0.32,LOW
DEMO_REC_0019,Tamil Nadu,Madurai,Madurai Central,Madurai Station-5,78.1321,9.8968,2022,May,Pre-Monsoon,7.0,2036.2,1323.5,78.7,64.3,126.5,1.49,246.7,0.02,0.06,9.86,11.6,Synthetic Environmental Simulation,2022,37,Reported Diarrheal/Gastrointestinal Cases,Synthetic Community Health Registry,2022,Synthetic Ground Water Monitoring,2022,COMPLETE,SYNTHETIC_DEMO,-0.85,-92.09,0.066,1,25.9,0.16,0.18,0.29,0.25,0.35,0.86,LOW
DEMO_REC_0020,Tamil Nadu,Tiruchirappalli,Tiruchirappalli Central,Tiruchirappalli Station-1,78.7235,10.7833,2023,May,Pre-Monsoon,6.58,1079.9,701.9,208.9,23.0,92.4,1.4,424.3,0.01,2.09,0.52,38.2,Synthetic Environmental Simulation,2023,106,Reported Diarrheal/Gastrointestinal Cases,Synthetic Community Health Registry,2023,Synthetic Ground Water Monitoring,2023,COMPLETE,SYNTHETIC_DEMO,-0.68,-73.95,-0.127,0,27.0,0.47,0.03,0.33,0.25,0.35,0.14,LOW
DEMO_REC_0021,Andhra Pradesh,Visakhapatnam,Visakhapatnam Central,Visakhapatnam Station-2,83.1726,17.6414,2024,May,Pre-Monsoon,6.87,1355.3,880.9,179.0,34.6,87.4,1.01,261.1,0.15,2.39,3.02,20.0,Synthetic Environmental Simulation,2024,48,Reported Diarrheal/Gastrointestinal Cases,Synthetic Community Health Registry,2024,Synthetic Ground Water Monitoring,2024,COMPLETE,SYNTHETIC_DEMO,-0.8,-86.36,-0.128,0,26.6,0.21,0.05,0.3,0.65,0.35,0.14,LOW
DEMO_REC_0022,Andhra Pradesh,Vijayawada,Vijayawada Central,Vijayawada Station-3,80.5995,16.4823,2022,July,Monsoon,7.2,1464.6,952.0,200.7,67.4,132.0,1.5,349.5,0.34,2.13,0.41,363.3,Synthetic Environmental Simulation,2022,26,Reported Diarrheal/Gastrointestinal Cases,Synthetic Community Health Registry,2022,Synthetic Ground Water Monitoring,2022,COMPLETE,SYNTHETIC_DEMO,1.36,147.71,-0.037,0,32.9,0.12,0.14,0.84,0.25,0.35,0.47,MODERATE
DEMO_REC_0023,Andhra Pradesh,Guntur,Guntur Central,Guntur Station-4,80.4826,16.2953,2023,July,Monsoon,7.39,1029.7,669.3,150.5,23.4,149.7,0.48,351.4,0.63,3.32,4.88,450.7,Synthetic Environmental Simulation,2023,50,Reported Diarrheal/Gastrointestinal Cases,Synthetic Community Health Registry,2023,Synthetic Ground Water Monitoring,2023,COMPLETE,SYNTHETIC_DEMO,1.91,207.3,-0.089,0,40.3,0.22,0.02,0.98,0.65,0.35,0.28,MODERATE
DEMO_REC_0024,Andhra Pradesh,Anantapur,Anantapur Central,Anantapur Station-5,77.6257,14.6496,2024,July,Monsoon,6.48,772.8,502.3,238.1,11.3,112.4,1.43,362.4,0.42,0.27,6.99,437.5,Synthetic Environmental Simulation,2024,100,Reported Diarrheal/Gastrointestinal Cases,Synthetic Community Health Registry,2024,Synthetic Ground Water Monitoring,2024,COMPLETE,SYNTHETIC_DEMO,1.83,198.3,0.003,1,40.7,0.44,0.0,0.96,0.25,0.35,0.62,MODERATE
DEMO_REC_0025,Assam,Kamrup Metropolitan,Kamrup Metropolitan Central,Kamrup Metropolitan Station-1,91.6962,26.1243,2022,November,Post-Monsoon,7.21,1056.0,686.4,170.0,39.4,190.9,1.04,364.3,0.07,7.31,4.56,87.9,Synthetic Environmental Simulation,2022,53,Reported Diarrheal/Gastrointestinal Cases,Synthetic Community Health Registry,2022,Synthetic Ground Water Monitoring,2022,COMPLETE,SYNTHETIC_DEMO,-0.37,-40.07,-0.123,0,28.7,0.24,0.02,0.41,0.65,0.35,0.15,LOW
DEMO_REC_0026,Assam,Cachar,Cachar Central,Cachar Station-2,92.7783,24.7924,2023,November,Post-Monsoon,7.23,963.0,626.0,172.6,39.2,141.5,0.45,381.8,0.03,3.02,0.23,56.2,Synthetic Environmental Simulation,2023,19,Reported Diarrheal/Gastrointestinal Cases,Synthetic Community Health Registry,2023,Synthetic Ground Water Monitoring,2023,COMPLETE,SYNTHETIC_DEMO,-0.57,-61.68,-0.131,0,17.5,0.08,0.02,0.36,0.25,0.35,0.12,LOW
DEMO_REC_0027,Arunachal Pradesh,Papum Pare,Papum Pare Central,Papum Pare Station-3,93.5933,27.1013,2024,November,Post-Monsoon,7.55,1571.2,1021.3,194.5,23.9,113.4,1.19,379.5,0.2,1.19,3.66,25.9,Synthetic Environmental Simulation,2024,88,Reported Diarrheal/Gastrointestinal Cases,Synthetic Community Health Registry,2024,Synthetic Ground Water Monitoring,2024,COMPLETE,SYNTHETIC_DEMO,-0.76,-82.34,-0.121,0,25.8,0.39,0.07,0.31,0.25,0.35,0.16,LOW
DEMO_REC_0028,Kerala,Wayanad,Wayanad Central,Wayanad Station-4,76.0931,11.726,2022,May,Pre-Monsoon,7.08,1198.4,779.0,177.6,11.2,131.3,1.42,218.0,0.26,8.19,1.41,58.8,Synthetic Environmental Simulation,2022,52,Reported Diarrheal/Gastrointestinal Cases,Synthetic Community Health Registry,2022,Synthetic Ground Water Monitoring,2022,COMPLETE,SYNTHETIC_DEMO,-0.55,-59.91,-0.159,0,21.3,0.23,0.04,0.36,0.25,0.35,0.02,LOW
DEMO_REC_0029,Karnataka,Raichur,Raichur Central,Raichur Station-5,77.3765,16.2012,2023,May,Pre-Monsoon,7.04,1216.0,790.4,171.6,26.7,130.0,1.34,227.4,1.64,2.98,1.45,25.7,Synthetic Environmental Simulation,2023,101,Reported Diarrheal/Gastrointestinal Cases,Synthetic Community Health Registry,2023,Synthetic Ground Water Monitoring,2023,COMPLETE,SYNTHETIC_DEMO,-0.76,-82.48,-0.156,0,26.9,0.45,0.08,0.31,0.25,0.35,0.03,LOW
DEMO_REC_0030,Maharashtra,Latur,Latur Central,Latur Station-1,76.5385,18.3633,2024,May,Pre-Monsoon,8.08,917.1,596.1,150.0,9.6,156.1,0.42,144.2,1.1,10.71,3.59,6.7,Synthetic Environmental Simulation,2024,98,Reported Diarrheal/Gastrointestinal Cases,Synthetic Community Health Registry,2024,Synthetic Ground Water Monitoring,2024,COMPLETE,SYNTHETIC_DEMO,-0.88,-95.43,-0.034,0,26.6,0.44,0.02,0.28,0.25,0.35,0.48,LOW
DEMO_REC_0031,Tamil Nadu,Salem,Salem Central,Salem Station-2,78.1231,11.6746,2022,July,Monsoon,7.34,1157.0,752.1,187.1,66.8,156.3,0.55,385.0,0.2,10.55,1.42,459.7,Synthetic Environmental Simulation,2022,150,Reported Diarrheal/Gastrointestinal Cases,Synthetic Community Health Registry,2022,Synthetic Ground Water Monitoring,2022,COMPLETE,SYNTHETIC_DEMO,1.96,213.43,-0.026,0,55.1,0.67,0.11,0.99,0.65,0.35,0.51,HIGH
DEMO_REC_0032,Tamil Nadu,Chennai,Chennai Central,Chennai Station-3,80.3177,13.0708,2023,July,Monsoon,7.31,1297.6,843.4,134.9,1.0,120.2,1.45,283.5,0.87,4.74,0.85,223.9,Synthetic Environmental Simulation,2023,65,Reported Diarrheal/Gastrointestinal Cases,Synthetic Community Health Registry,2023,Synthetic Ground Water Monitoring,2023,COMPLETE,SYNTHETIC_DEMO,0.48,52.66,-0.084,0,35.5,0.29,0.05,0.62,0.65,0.35,0.3,MODERATE
DEMO_REC_0033,Tamil Nadu,Coimbatore,Coimbatore Central,Coimbatore Station-4,76.9265,10.9943,2024,July,Monsoon,7.14,1317.6,856.4,6.1,28.7,110.6,1.55,350.3,1.03,0.23,4.71,268.8,Synthetic Environmental Simulation,2024,31,Reported Diarrheal/Gastrointestinal Cases,Synthetic Community Health Registry,2024,Synthetic Ground Water Monitoring,2024,COMPLETE,SYNTHETIC_DEMO,0.77,83.27,-0.127,0,26.6,0.14,0.05,0.69,0.25,0.35,0.14,LOW
DEMO_REC_0034,Tamil Nadu,Madurai,Madurai Central,Madurai Station-5,78.0727,9.8886,2022,November,Post-Monsoon,7.46,1679.0,1091.4,214.3,8.5,59.4,0.96,388.3,0.7,1.07,2.16,35.3,Synthetic Environmental Simulation,2022,65,Reported Diarrheal/Gastrointestinal Cases,Synthetic Community Health Registry,2022,Synthetic Ground Water Monitoring,2022,COMPLETE,SYNTHETIC_DEMO,-0.7,-75.93,-0.086,0,24.4,0.29,0.08,0.33,0.25,0.35,0.29,LOW
DEMO_REC_0035,Tamil Nadu,Tiruchirappalli,Tiruchirappalli Central,Tiruchirappalli Station-1,78.7343,10.8103,2023,November,Post-Monsoon,7.73,1624.3,1055.8,103.8,17.9,162.2,0.61,143.6,0.23,1.54,2.64,63.3,Synthetic Environmental Simulation,2023,89,Reported Diarrheal/Gastrointestinal Cases,Synthetic Community Health Registry,2023,Synthetic Ground Water Monitoring,2023,COMPLETE,SYNTHETIC_DEMO,-0.52,-56.84,-0.087,0,27.8,0.4,0.07,0.37,0.25,0.35,0.29,LOW
DEMO_REC_0036,Andhra Pradesh,Visakhapatnam,Visakhapatnam Central,Visakhapatnam Station-2,83.2326,17.6507,2024,November,Post-Monsoon,6.99,829.3,539.0,227.8,19.0,104.4,0.36,244.3,0.06,0.82,0.58,16.3,Synthetic Environmental Simulation,2024,48,Reported Diarrheal/Gastrointestinal Cases,Synthetic Community Health Registry,2024,Synthetic Ground Water Monitoring,2024,COMPLETE,SYNTHETIC_DEMO,-0.82,-88.89,-0.126,0,25.3,0.21,0.01,0.3,0.65,0.35,0.14,LOW
DEMO_REC_0037,Andhra Pradesh,Vijayawada,Vijayawada Central,Vijayawada Station-3,80.631,16.4691,2022,May,Pre-Monsoon,7.12,981.2,637.8,186.1,16.1,189.1,0.54,293.4,0.23,6.44,0.81,45.7,Synthetic Environmental Simulation,2022,42,Reported Diarrheal/Gastrointestinal Cases,Synthetic Community Health Registry,2022,Synthetic Ground Water Monitoring,2022,COMPLETE,SYNTHETIC_DEMO,-0.63,-68.84,-0.15,0,19.5,0.19,0.02,0.34,0.25,0.35,0.05,LOW
DEMO_REC_0038,Andhra Pradesh,Guntur,Guntur Central,Guntur Station-4,80.4328,16.2936,2023,May,Pre-Monsoon,7.54,854.2,555.2,228.4,20.4,115.5,1.1,208.3,0.08,0.78,1.42,32.1,Synthetic Environmental Simulation,2023,58,Reported Diarrheal/Gastrointestinal Cases,Synthetic Community Health Registry,2023,Synthetic Ground Water Monitoring,2023,COMPLETE,SYNTHETIC_DEMO,-0.72,-78.11,-0.112,0,27.3,0.26,0.01,0.32,0.65,0.35,0.19,LOW
DEMO_REC_0039,Andhra Pradesh,Anantapur,Anantapur Central,Anantapur Station-5,77.5849,14.6552,2024,May,Pre-Monsoon,6.77,438.2,284.8,308.7,14.5,98.2,1.41,436.3,0.25,1.19,1.23,72.8,Synthetic Environmental Simulation,2024,66,Reported Diarrheal/Gastrointestinal Cases,Synthetic Community Health Registry,2024,Synthetic Ground Water Monitoring,2024,COMPLETE,SYNTHETIC_DEMO,-0.46,-50.36,-0.019,0,25.0,0.29,0.0,0.38,0.25,0.35,0.54,LOW
DEMO_REC_0040,Assam,Kamrup Metropolitan,Kamrup Metropolitan Central,Kamrup Metropolitan Station-1,91.7433,26.1591,2022,July,Monsoon,6.64,1397.0,908.1,155.6,46.5,91.0,1.65,239.1,0.03,1.86,1.58,535.1,Synthetic Environmental Simulation,2022,128,Reported Diarrheal/Gastrointestinal Cases,Synthetic Community Health Registry,2022,Synthetic Ground Water Monitoring,2022,COMPLETE,SYNTHETIC_DEMO,2.44,264.84,-0.006,0,52.3,0.57,0.07,1.0,0.65,0.35,0.59,HIGH
DEMO_REC_0041,Assam,Cachar,Cachar Central,Cachar Station-2,92.8264,24.7838,2023,July,Monsoon,7.17,1828.3,1188.4,194.3,18.9,182.4,1.01,247.7,1.03,3.1,0.67,364.5,Synthetic Environmental Simulation,2023,34,Reported Diarrheal/Gastrointestinal Cases,Synthetic Community Health Registry,2023,Synthetic Ground Water Monitoring,2023,COMPLETE,SYNTHETIC_DEMO,1.37,148.52,-0.008,0,33.1,0.15,0.09,0.84,0.25,0.35,0.58,MODERATE
DEMO_REC_0042,Arunachal Pradesh,Papum Pare,Papum Pare Central,Papum Pare Station-3,93.5815,27.0742,2024,July,Monsoon,6.59,1479.2,961.5,193.4,7.0,97.2,0.8,283.6,0.04,0.16,13.8,410.6,Synthetic Environmental Simulation,2024,79,Reported Diarrheal/Gastrointestinal Cases,Synthetic Community Health Registry,2024,Synthetic Ground Water Monitoring,2024,COMPLETE,SYNTHETIC_DEMO,1.66,179.96,-0.044,0,38.1,0.35,0.06,0.91,0.25,0.35,0.45,MODERATE
DEMO_REC_0043,Kerala,Wayanad,Wayanad Central,Wayanad Station-4,76.0823,11.6493,2022,November,Post-Monsoon,6.97,1174.9,763.7,169.3,8.0,125.6,1.58,238.0,0.81,11.76,0.69,75.1,Synthetic Environmental Simulation,2022,113,Reported Diarrheal/Gastrointestinal Cases,Synthetic Community Health Registry,2022,Synthetic Ground Water Monitoring,2022,COMPLETE,SYNTHETIC_DEMO,-0.45,-48.8,-0.144,0,29.0,0.5,0.04,0.39,0.25,0.35,0.08,LOW
DEMO_REC_0044,Karnataka,Raichur,Raichur Central,Raichur Station-5,77.3704,16.1642,2023,November,Post-Monsoon,7.67,1289.0,837.9,159.4,25.7,108.9,1.52,256.1,0.33,1.85,1.33,39.6,Synthetic Environmental Simulation,2023,54,Reported Diarrheal/Gastrointestinal Cases,Synthetic Community Health Registry,2023,Synthetic Ground Water Monitoring,2023,COMPLETE,SYNTHETIC_DEMO,-0.67,-73.0,-0.134,0,21.6,0.24,0.05,0.33,0.25,0.35,0.11,LOW
DEMO_REC_0045,Maharashtra,Latur,Latur Central,Latur Station-1,76.5818,18.404,2024,November,Post-Monsoon,7.58,1287.6,836.9,279.9,35.3,64.7,0.83,331.5,0.02,0.65,2.35,-1.8,Synthetic Environmental Simulation,2024,84,Reported Diarrheal/Gastrointestinal Cases,Synthetic Community Health Registry,2024,Synthetic Ground Water Monitoring,2024,COMPLETE,SYNTHETIC_DEMO,-0.93,-101.23,-0.101,0,24.2,0.37,0.04,0.27,0.25,0.35,0.24,LOW
DEMO_REC_0046,Tamil Nadu,Salem,Salem Central,Salem Station-2,78.1588,11.7083,2022,May,Pre-Monsoon,6.85,1059.9,688.9,242.4,29.0,126.4,0.53,298.6,0.11,0.71,4.09,46.4,Synthetic Environmental Simulation,2022,24,Reported Diarrheal/Gastrointestinal Cases,Synthetic Community Health Registry,2022,Synthetic Ground Water Monitoring,2022,COMPLETE,SYNTHETIC_DEMO,-0.63,-68.36,-0.14,0,23.8,0.11,0.03,0.34,0.65,0.35,0.09,LOW
DEMO_REC_0047,Tamil Nadu,Chennai,Chennai Central,Chennai Station-3,80.2962,13.0821,2023,May,Pre-Monsoon,7.01,1230.5,799.8,292.9,8.6,87.3,1.05,203.6,0.16,3.69,0.04,104.5,Synthetic Environmental Simulation,2023,50,Reported Diarrheal/Gastrointestinal Cases,Synthetic Community Health Registry,2023,Synthetic Ground Water Monitoring,2023,COMPLETE,SYNTHETIC_DEMO,-0.26,-28.75,-0.135,0,29.0,0.22,0.04,0.43,0.65,0.35,0.11,LOW
DEMO_REC_0048,Tamil Nadu,Coimbatore,Coimbatore Central,Coimbatore Station-4,76.931,11.0211,2024,May,Pre-Monsoon,6.78,1020.5,663.3,221.8,22.8,142.9,0.53,275.8,0.26,1.76,2.84,47.2,Synthetic Environmental Simulation,2024,82,Reported Diarrheal/Gastrointestinal Cases,Synthetic Community Health Registry,2024,Synthetic Ground Water Monitoring,2024,COMPLETE,SYNTHETIC_DEMO,-0.62,-67.82,-0.14,0,24.2,0.36,0.02,0.34,0.25,0.35,0.09,LOW
DEMO_REC_0049,Tamil Nadu,Madurai,Madurai Central,Madurai Station-5,78.0721,9.9542,2022,July,Monsoon,7.49,1621.7,1054.1,148.6,32.3,102.7,0.58,244.5,0.11,0.64,2.81,405.7,Synthetic Environmental Simulation,2022,61,Reported Diarrheal/Gastrointestinal Cases,Synthetic Community Health Registry,2022,Synthetic Ground Water Monitoring,2022,COMPLETE,SYNTHETIC_DEMO,1.63,176.61,-0.053,0,36.1,0.27,0.07,0.91,0.25,0.35,0.41,MODERATE
DEMO_REC_0050,Tamil Nadu,Tiruchirappalli,Tiruchirappalli Central,Tiruchirappalli Station-1,78.6882,10.746,2023,July,Monsoon,6.8,620.8,403.5,183.7,35.7,164.5,0.98,218.6,0.08,1.51,0.46,319.4,Synthetic Environmental Simulation,2023,84,Reported Diarrheal/Gastrointestinal Cases,Synthetic Community Health Registry,2023,Synthetic Ground Water Monitoring,2023,COMPLETE,SYNTHETIC_DEMO,1.08,117.77,-0.016,0,34.8,0.37,0.0,0.77,0.25,0.35,0.55,MODERATE
DEMO_REC_0051,Andhra Pradesh,Visakhapatnam,Visakhapatnam Central,Visakhapatnam Station-2,83.1996,17.6402,2024,July,Monsoon,6.67,948.6,616.6,183.9,37.6,68.0,1.76,450.7,0.59,1.91,0.61,173.4,Synthetic Environmental Simulation,2024,85,Reported Diarrheal/Gastrointestinal Cases,Synthetic Community Health Registry,2024,Synthetic Ground Water Monitoring,2024,COMPLETE,SYNTHETIC_DEMO,0.17,18.23,-0.076,0,36.2,0.38,0.04,0.54,0.65,0.35,0.33,MODERATE
DEMO_REC_0052,Andhra Pradesh,Vijayawada,Vijayawada Central,Vijayawada Station-3,80.6047,16.5157,2022,November,Post-Monsoon,6.89,1436.0,933.4,187.8,18.3,118.9,1.15,239.2,0.02,3.74,1.81,-8.0,Synthetic Environmental Simulation,2022,108,Reported Diarrheal/Gastrointestinal Cases,Synthetic Community Health Registry,2022,Synthetic Ground Water Monitoring,2022,COMPLETE,SYNTHETIC_DEMO,-0.97,-105.45,-0.121,0,26.6,0.48,0.06,0.26,0.25,0.35,0.16,LOW
DEMO_REC_0053,Andhra Pradesh,Guntur,Guntur Central,Guntur Station-4,80.402,16.3127,2023,November,Post-Monsoon,7.64,1301.4,845.9,109.6,16.3,92.8,1.27,252.9,0.05,3.15,3.23,43.6,Synthetic Environmental Simulation,2023,79,Reported Diarrheal/Gastrointestinal Cases,Synthetic Community Health Registry,2023,Synthetic Ground Water Monitoring,2023,COMPLETE,SYNTHETIC_DEMO,-0.65,-70.27,-0.136,0,30.5,0.35,0.05,0.34,0.65,0.35,0.1,MODERATE
DEMO_REC_0054,Andhra Pradesh,Anantapur,Anantapur Central,Anantapur Station-5,77.576,14.6871,2024,November,Post-Monsoon,7.21,706.2,459.0,230.5,3.5,125.0,1.38,353.4,0.49,11.21,2.77,11.1,Synthetic Environmental Simulation,2024,96,Reported Diarrheal/Gastrointestinal Cases,Synthetic Community Health Registry,2024,Synthetic Ground Water Monitoring,2024,COMPLETE,SYNTHETIC_DEMO,-0.85,-92.43,-0.04,0,26.0,0.43,0.0,0.29,0.25,0.35,0.46,LOW
DEMO_REC_0055,Assam,Kamrup Metropolitan,Kamrup Metropolitan Central,Kamrup Metropolitan Station-1,91.6948,26.0958,2022,May,Pre-Monsoon,6.84,1314.1,854.2,117.9,6.2,91.4,0.87,163.3,0.29,1.32,2.41,57.1,Synthetic Environmental Simulation,2022,112,Reported Diarrheal/Gastrointestinal Cases,Synthetic Community Health Registry,2022,Synthetic Ground Water Monitoring,2022,COMPLETE,SYNTHETIC_DEMO,-0.56,-61.07,-0.133,0,34.6,0.5,0.05,0.36,0.65,0.35,0.11,MODERATE
DEMO_REC_0056,Assam,Cachar,Cachar Central,Cachar Station-2,92.7509,24.8694,2023,May,Pre-Monsoon,7.27,858.4,558.0,196.7,19.7,199.7,1.41,71.2,0.36,1.29,0.74,25.0,Synthetic Environmental Simulation,2023,40,Reported Diarrheal/Gastrointestinal Cases,Synthetic Community Health Registry,2023,Synthetic Ground Water Monitoring,2023,COMPLETE,SYNTHETIC_DEMO,-0.76,-82.95,-0.134,0,18.6,0.18,0.01,0.31,0.25,0.35,0.11,LOW
DEMO_REC_0057,Arunachal Pradesh,Papum Pare,Papum Pare Central,Papum Pare Station-3,93.5872,27.1026,2024,May,Pre-Monsoon,7.94,629.6,409.2,231.5,29.8,136.5,0.61,401.5,0.33,0.48,7.37,76.4,Synthetic Environmental Simulation,2024,40,Reported Diarrheal/Gastrointestinal Cases,Synthetic Community Health Registry,2024,Synthetic Ground Water Monitoring,2024,COMPLETE,SYNTHETIC_DEMO,-0.44,-47.91,-0.024,0,22.1,0.18,0.0,0.39,0.25,0.35,0.52,LOW
DEMO_REC_0058,Kerala,Wayanad,Wayanad Central,Wayanad Station-4,76.1591,11.6758,2022,July,Monsoon,6.46,853.6,554.8,168.9,22.4,112.1,1.67,370.6,0.38,2.36,8.95,366.8,Synthetic Environmental Simulation,2022,36,Reported Diarrheal/Gastrointestinal Cases,Synthetic Community Health Registry,2022,Synthetic Ground Water Monitoring,2022,COMPLETE,SYNTHETIC_DEMO,1.38,150.09,-0.048,0,31.0,0.16,0.03,0.85,0.25,0.35,0.43,MODERATE
DEMO_REC_0059,Karnataka,Raichur,Raichur Central,Raichur Station-5,77.3178,16.2309,2023,July,Monsoon,7.15,998.5,649.0,95.5,22.0,154.5,1.46,277.4,0.35,1.43,0.85,479.4,Synthetic Environmental Simulation,2023,17,Reported Diarrheal/Gastrointestinal Cases,Synthetic Community Health Registry,2023,Synthetic Ground Water Monitoring,2023,COMPLETE,SYNTHETIC_DEMO,2.09,226.87,-0.072,0,31.4,0.08,0.02,1.0,0.25,0.35,0.34,MODERATE
DEMO_REC_0060,Maharashtra,Latur,Latur Central,Latur Station-1,76.5106,18.3666,2024,July,Monsoon,7.08,969.4,630.1,230.5,32.1,144.2,1.44,376.5,0.39,2.53,11.82,344.0,Synthetic Environmental Simulation,2024,73,Reported Diarrheal/Gastrointestinal Cases,Synthetic Community Health Registry,2024,Synthetic Ground Water Monitoring,2024,COMPLETE,SYNTHETIC_DEMO,1.24,134.55,-0.109,0,33.0,0.32,0.02,0.81,0.25,0.35,0.2,MODERATE
DEMO_REC_0061,Tamil Nadu,Salem,Salem Central,Salem Station-2,78.1904,11.7131,2022,November,Post-Monsoon,7.49,1486.5,966.2,125.9,22.1,156.9,1.69,364.7,0.56,0.96,5.3,43.4,Synthetic Environmental Simulation,2022,31,Reported Diarrheal/Gastrointestinal Cases,Synthetic Community Health Registry,2022,Synthetic Ground Water Monitoring,2022,COMPLETE,SYNTHETIC_DEMO,-0.65,-70.41,-0.136,0,26.0,0.14,0.08,0.34,0.65,0.35,0.1,LOW
DEMO_REC_0062,Tamil Nadu,Chennai,Chennai Central,Chennai Station-3,80.2572,13.0977,2023,November,Post-Monsoon,6.86,2159.7,1403.8,230.7,21.3,170.5,1.51,137.2,0.23,2.71,4.02,-7.9,Synthetic Environmental Simulation,2023,80,Reported Diarrheal/Gastrointestinal Cases,Synthetic Community Health Registry,2023,Synthetic Ground Water Monitoring,2023,COMPLETE,SYNTHETIC_DEMO,-0.97,-105.39,0.089,1,35.0,0.36,0.12,0.26,0.65,0.35,0.94,MODERATE
DEMO_REC_0063,Tamil Nadu,Coimbatore,Coimbatore Central,Coimbatore Station-4,76.9928,10.9692,2024,November,Post-Monsoon,7.49,1449.7,942.3,154.1,20.7,169.3,1.02,349.0,1.24,3.66,1.62,51.3,Synthetic Environmental Simulation,2024,117,Reported Diarrheal/Gastrointestinal Cases,Synthetic Community Health Registry,2024,Synthetic Ground Water Monitoring,2024,COMPLETE,SYNTHETIC_DEMO,-0.6,-65.02,-0.134,0,29.7,0.52,0.07,0.35,0.25,0.35,0.11,LOW
DEMO_REC_0064,Tamil Nadu,Madurai,Madurai Central,Madurai Station-5,78.143,9.9275,2022,May,Pre-Monsoon,7.2,1152.9,749.4,157.4,34.8,64.3,1.67,327.7,0.01,0.29,1.49,32.0,Synthetic Environmental Simulation,2022,84,Reported Diarrheal/Gastrointestinal Cases,Synthetic Community Health Registry,2022,Synthetic Ground Water Monitoring,2022,COMPLETE,SYNTHETIC_DEMO,-0.72,-78.18,-0.142,0,24.6,0.37,0.05,0.32,0.25,0.35,0.08,LOW
DEMO_REC_0065,Tamil Nadu,Tiruchirappalli,Tiruchirappalli Central,Tiruchirappalli Station-1,78.7431,10.8387,2023,May,Pre-Monsoon,7.52,1491.0,969.1,175.1,23.4,121.9,0.9,244.3,0.53,0.32,0.14,56.9,Synthetic Environmental Simulation,2023,71,Reported Diarrheal/Gastrointestinal Cases,Synthetic Community Health Registry,2023,Synthetic Ground Water Monitoring,2023,COMPLETE,SYNTHETIC_DEMO,-0.56,-61.2,-0.131,0,24.5,0.32,0.06,0.36,0.25,0.35,0.12,LOW
DEMO_REC_0066,Andhra Pradesh,Visakhapatnam,Visakhapatnam Central,Visakhapatnam Station-2,83.1871,17.6588,2024,May,Pre-Monsoon,6.95,1616.2,1050.5,151.5,51.1,132.0,0.64,251.8,0.08,1.92,2.7,28.2,Synthetic Environmental Simulation,2024,119,Reported Diarrheal/Gastrointestinal Cases,Synthetic Community Health Registry,2024,Synthetic Ground Water Monitoring,2024,COMPLETE,SYNTHETIC_DEMO,-0.74,-80.77,-0.057,0,37.1,0.53,0.1,0.31,0.65,0.35,0.4,MODERATE
DEMO_REC_0067,Andhra Pradesh,Vijayawada,Vijayawada Central,Vijayawada Station-3,80.6253,16.4953,2022,July,Monsoon,7.27,988.4,642.5,176.5,19.5,113.4,1.7,212.0,0.09,0.01,3.57,407.7,Synthetic Environmental Simulation,2022,62,Reported Diarrheal/Gastrointestinal Cases,Synthetic Community Health Registry,2022,Synthetic Ground Water Monitoring,2022,COMPLETE,SYNTHETIC_DEMO,1.64,177.98,-0.108,0,34.4,0.28,0.04,0.91,0.25,0.35,0.21,MODERATE
DEMO_REC_0068,Andhra Pradesh,Guntur,Guntur Central,Guntur Station-4,80.3946,16.3063,2023,July,Monsoon,7.48,828.7,538.7,246.2,9.3,80.4,1.15,323.8,0.48,2.69,5.7,287.7,Synthetic Environmental Simulation,2023,73,Reported Diarrheal/Gastrointestinal Cases,Synthetic Community Health Registry,2023,Synthetic Ground Water Monitoring,2023,COMPLETE,SYNTHETIC_DEMO,0.89,96.16,-0.08,0,37.5,0.32,0.01,0.72,0.65,0.35,0.31,MODERATE
DEMO_REC_0069,Andhra Pradesh,Anantapur,Anantapur Central,Anantapur Station-5,77.584,14.6479,2024,July,Monsoon,7.33,979.7,636.8,172.1,23.2,156.4,0.31,272.9,0.51,0.65,7.18,247.0,Synthetic Environmental Simulation,2024,80,Reported Diarrheal/Gastrointestinal Cases,Synthetic Community Health Registry,2024,Synthetic Ground Water Monitoring,2024,COMPLETE,SYNTHETIC_DEMO,0.63,68.41,-0.121,0,30.5,0.36,0.02,0.66,0.25,0.35,0.16,MODERATE
DEMO_REC_0070,Assam,Kamrup Metropolitan,Kamrup Metropolitan Central,Kamrup Metropolitan Station-1,91.7479,26.1232,2022,November,Post-Monsoon,7.54,1208.6,785.6,212.3,21.4,195.7,1.47,300.0,0.23,8.24,1.26,37.0,Synthetic Environmental Simulation,2022,74,Reported Diarrheal/Gastrointestinal Cases,Synthetic Community Health Registry,2022,Synthetic Ground Water Monitoring,2022,COMPLETE,SYNTHETIC_DEMO,-0.69,-74.77,-0.144,0,29.4,0.33,0.04,0.33,0.65,0.35,0.07,LOW
DEMO_REC_0071,Assam,Cachar,Cachar Central,Cachar Station-2,92.8043,24.8012,2023,November,Post-Monsoon,6.98,1372.1,891.9,149.8,28.6,95.7,0.41,276.9,0.57,11.55,3.38,85.4,Synthetic Environmental Simulation,2023,66,Reported Diarrheal/Gastrointestinal Cases,Synthetic Community Health Registry,2023,Synthetic Ground Water Monitoring,2023,COMPLETE,SYNTHETIC_DEMO,-0.38,-41.77,-0.139,0,24.4,0.29,0.05,0.4,0.25,0.35,0.09,LOW
DEMO_REC_0072,Arunachal Pradesh,Papum Pare,Papum Pare Central,Papum Pare Station-3,93.5725,27.1258,2024,November,Post-Monsoon,6.9,1747.9,1136.1,95.0,19.0,105.8,1.8,171.4,0.05,3.96,3.55,1.0,Synthetic Environmental Simulation,2024,46,Reported Diarrheal/Gastrointestinal Cases,Synthetic Community Health Registry,2024,Synthetic Ground Water Monitoring,2024,COMPLETE,SYNTHETIC_DEMO,-0.91,-99.32,-0.058,0,22.6,0.2,0.11,0.27,0.25,0.35,0.39,LOW
DEMO_REC_0073,Kerala,Wayanad,Wayanad Central,Wayanad Station-4,76.15,11.6436,2022,May,Pre-Monsoon,6.69,1505.4,978.5,175.0,31.9,77.0,0.71,404.5,1.24,1.32,6.74,30.8,Synthetic Environmental Simulation,2022,78,Reported Diarrheal/Gastrointestinal Cases,Synthetic Community Health Registry,2022,Synthetic Ground Water Monitoring,2022,COMPLETE,SYNTHETIC_DEMO,-0.73,-79.0,-0.101,0,25.4,0.35,0.08,0.32,0.25,0.35,0.23,LOW
DEMO_REC_0074,Karnataka,Raichur,Raichur Central,Raichur Station-5,77.3678,16.2444,2023,May,Pre-Monsoon,6.93,792.9,515.4,159.1,91.8,103.1,0.44,268.1,0.23,0.05,4.78,21.3,Synthetic Environmental Simulation,2023,58,Reported Diarrheal/Gastrointestinal Cases,Synthetic Community Health Registry,2023,Synthetic Ground Water Monitoring,2023,COMPLETE,SYNTHETIC_DEMO,-0.79,-85.48,0.014,1,27.4,0.26,0.17,0.3,0.25,0.35,0.66,LOW
DEMO_REC_0075,Maharashtra,Latur,Latur Central,Latur Station-1,76.6025,18.3621,2024,May,Pre-Monsoon,7.7,1372.0,891.8,177.5,7.9,96.3,0.6,415.1,0.2,0.17,2.62,61.8,Synthetic Environmental Simulation,2024,25,Reported Diarrheal/Gastrointestinal Cases,Synthetic Community Health Registry,2024,Synthetic Ground Water Monitoring,2024,COMPLETE,SYNTHETIC_DEMO,-0.53,-57.86,-0.108,0,19.7,0.11,0.05,0.37,0.25,0.35,0.21,LOW
DEMO_REC_0076,Tamil Nadu,Salem,Salem Central,Salem Station-2,78.111,11.7127,2022,July,Monsoon,6.94,1887.0,1226.5,240.8,49.6,146.0,1.73,299.3,0.41,0.39,0.33,542.2,Synthetic Environmental Simulation,2022,170,Reported Diarrheal/Gastrointestinal Cases,Synthetic Community Health Registry,2022,Synthetic Ground Water Monitoring,2022,COMPLETE,SYNTHETIC_DEMO,2.48,269.68,0.073,1,60.0,0.76,0.14,1.0,0.65,0.35,0.88,HIGH
DEMO_REC_0077,Tamil Nadu,Chennai,Chennai Central,Chennai Station-3,80.2706,13.0469,2023,July,Monsoon,7.8,1507.1,979.6,181.3,16.8,89.3,0.83,282.8,0.01,0.2,1.52,337.6,Synthetic Environmental Simulation,2023,60,Reported Diarrheal/Gastrointestinal Cases,Synthetic Community Health Registry,2023,Synthetic Ground Water Monitoring,2023,COMPLETE,SYNTHETIC_DEMO,1.2,130.18,-0.047,0,39.7,0.27,0.06,0.8,0.65,0.35,0.44,MODERATE
DEMO_REC_0078,Tamil Nadu,Coimbatore,Coimbatore Central,Coimbatore Station-4,76.9879,11.0361,2024,July,Monsoon,6.77,1235.6,803.1,265.1,16.0,168.4,1.22,307.9,0.88,2.45,4.59,304.5,Synthetic Environmental Simulation,2024,21,Reported Diarrheal/Gastrointestinal Cases,Synthetic Community Health Registry,2024,Synthetic Ground Water Monitoring,2024,COMPLETE,SYNTHETIC_DEMO,0.99,107.61,-0.118,0,26.4,0.09,0.04,0.75,0.25,0.35,0.17,LOW
DEMO_REC_0079,Tamil Nadu,Madurai,Madurai Central,Madurai Station-5,78.1251,9.9413,2022,November,Post-Monsoon,7.74,1362.4,885.6,178.8,12.3,179.0,1.19,245.5,0.32,1.63,2.87,37.9,Synthetic Environmental Simulation,2022,59,Reported Diarrheal/Gastrointestinal Cases,Synthetic Community Health Registry,2022,Synthetic Ground Water Monitoring,2022,COMPLETE,SYNTHETIC_DEMO,-0.68,-74.16,-0.126,0,22.4,0.26,0.05,0.33,0.25,0.35,0.14,LOW
DEMO_REC_0080,Tamil Nadu,Tiruchirappalli,Tiruchirappalli Central,Tiruchirappalli Station-1,78.7337,10.7587,2023,November,Post-Monsoon,6.39,1191.5,774.5,133.3,74.9,146.4,1.79,282.9,0.07,2.85,0.22,47.4,Synthetic Environmental Simulation,2023,77,Reported Diarrheal/Gastrointestinal Cases,Synthetic Community Health Registry,2023,Synthetic Ground Water Monitoring,2023,COMPLETE,SYNTHETIC_DEMO,-0.62,-67.68,0.003,1,30.4,0.34,0.19,0.34,0.25,0.35,0.62,MODERATE
DEMO_REC_0081,Andhra Pradesh,Visakhapatnam,Visakhapatnam Central,Visakhapatnam Station-2,83.2525,17.6572,2024,November,Post-Monsoon,7.65,1103.8,717.5,217.9,50.0,228.7,1.07,306.1,0.27,0.07,1.51,75.2,Synthetic Environmental Simulation,2024,50,Reported Diarrheal/Gastrointestinal Cases,Synthetic Community Health Registry,2024,Synthetic Ground Water Monitoring,2024,COMPLETE,SYNTHETIC_DEMO,-0.45,-48.73,-0.085,0,29.2,0.22,0.05,0.39,0.65,0.35,0.29,LOW
DEMO_REC_0082,Andhra Pradesh,Vijayawada,Vijayawada Central,Vijayawada Station-3,80.6257,16.4984,2022,May,Pre-Monsoon,7.86,1480.2,962.1,253.8,22.9,168.3,1.4,310.1,0.72,0.5,0.81,31.3,Synthetic Environmental Simulation,2022,92,Reported Diarrheal/Gastrointestinal Cases,Synthetic Community Health Registry,2022,Synthetic Ground Water Monitoring,2022,COMPLETE,SYNTHETIC_DEMO,-0.72,-78.66,-0.104,0,26.5,0.41,0.06,0.32,0.25,0.35,0.22,LOW
DEMO_REC_0083,Andhra Pradesh,Guntur,Guntur Central,Guntur Station-4,80.4278,16.308,2023,May,Pre-Monsoon,7.16,942.4,612.6,137.6,17.1,183.4,0.44,346.4,0.32,0.94,1.53,79.3,Synthetic Environmental Simulation,2023,50,Reported Diarrheal/Gastrointestinal Cases,Synthetic Community Health Registry,2023,Synthetic Ground Water Monitoring,2023,COMPLETE,SYNTHETIC_DEMO,-0.42,-45.93,-0.141,0,27.5,0.22,0.02,0.39,0.65,0.35,0.08,LOW
DEMO_REC_0084,Andhra Pradesh,Anantapur,Anantapur Central,Anantapur Station-5,77.596,14.7289,2024,May,Pre-Monsoon,7.82,1226.9,797.5,167.0,6.0,163.2,0.67,392.6,0.05,0.46,0.11,62.0,Synthetic Environmental Simulation,2024,51,Reported Diarrheal/Gastrointestinal Cases,Synthetic Community Health Registry,2024,Synthetic Ground Water Monitoring,2024,COMPLETE,SYNTHETIC_DEMO,-0.53,-57.73,-0.088,0,22.7,0.23,0.04,0.37,0.25,0.35,0.28,LOW
DEMO_REC_0085,Assam,Kamrup Metropolitan,Kamrup Metropolitan Central,Kamrup Metropolitan Station-1,91.7396,26.1302,2022,July,Monsoon,7.48,1539.6,1000.7,171.9,77.2,101.9,1.78,283.3,0.04,0.66,0.16,388.6,Synthetic Environmental Simulation,2022,225,Reported Diarrheal/Gastrointestinal Cases,Synthetic Community Health Registry,2022,Synthetic Ground Water Monitoring,2022,COMPLETE,SYNTHETIC_DEMO,1.52,164.96,0.005,1,64.3,1.0,0.21,0.88,0.65,0.35,0.63,HIGH
DEMO_REC_0086,Assam,Cachar,Cachar Central,Cachar Station-2,92.7605,24.8767,2023,July,Monsoon,7.45,993.9,646.0,225.8,20.1,132.1,0.98,122.4,0.33,0.38,0.09,584.4,Synthetic Environmental Simulation,2023,59,Reported Diarrheal/Gastrointestinal Cases,Synthetic Community Health Registry,2023,Synthetic Ground Water Monitoring,2023,COMPLETE,SYNTHETIC_DEMO,2.75,298.46,-0.018,0,37.0,0.26,0.02,1.0,0.25,0.35,0.54,MODERATE
DEMO_REC_0087,Arunachal Pradesh,Papum Pare,Papum Pare Central,Papum Pare Station-3,93.664,27.0644,2024,July,Monsoon,6.91,1376.9,895.0,139.5,30.8,148.2,1.77,188.6,0.14,0.04,0.84,336.5,Synthetic Environmental Simulation,2024,90,Reported Diarrheal/Gastrointestinal Cases,Synthetic Community Health Registry,2024,Synthetic Ground Water Monitoring,2024,COMPLETE,SYNTHETIC_DEMO,1.19,129.43,-0.106,0,36.3,0.4,0.08,0.8,0.25,0.35,0.21,MODERATE
DEMO_REC_0088,Kerala,Wayanad,Wayanad Central,Wayanad Station-4,76.1616,11.6467,2022,November,Post-Monsoon,7.27,1263.2,821.1,205.3,34.1,154.7,1.17,205.7,0.28,0.96,6.04,36.2,Synthetic Environmental Simulation,2022,103,Reported Diarrheal/Gastrointestinal Cases,Synthetic Community Health Registry,2022,Synthetic Ground Water Monitoring,2022,COMPLETE,SYNTHETIC_DEMO,-0.69,-75.32,-0.145,0,26.7,0.46,0.04,0.33,0.25,0.35,0.07,LOW
DEMO_REC_0089,Karnataka,Raichur,Raichur Central,Raichur Station-5,77.3745,16.2447,2023,November,Post-Monsoon,7.85,1358.7,883.2,228.2,16.5,156.6,1.44,322.7,0.48,1.43,5.11,47.4,Synthetic Environmental Simulation,2023,103,Reported Diarrheal/Gastrointestinal Cases,Synthetic Community Health Registry,2023,Synthetic Ground Water Monitoring,2023,COMPLETE,SYNTHETIC_DEMO,-0.62,-67.68,-0.114,0,27.8,0.46,0.05,0.34,0.25,0.35,0.19,LOW
DEMO_REC_0090,Maharashtra,Latur,Latur Central,Latur Station-1,76.5734,18.3916,2024,November,Post-Monsoon,6.79,1610.1,1046.6,290.6,70.8,158.9,1.12,257.3,0.27,0.46,3.09,44.3,Synthetic Environmental Simulation,2024,80,Reported Diarrheal/Gastrointestinal Cases,Synthetic Community Health Registry,2024,Synthetic Ground Water Monitoring,2024,COMPLETE,SYNTHETIC_DEMO,-0.64,-69.8,-0.017,0,29.8,0.36,0.17,0.34,0.25,0.35,0.55,LOW
DEMO_REC_0091,Tamil Nadu,Salem,Salem Central,Salem Station-2,78.134,11.6606,2022,May,Pre-Monsoon,7.22,1594.1,1036.2,179.0,13.8,71.4,1.17,156.6,0.23,2.34,4.34,56.9,Synthetic Environmental Simulation,2022,57,Reported Diarrheal/Gastrointestinal Cases,Synthetic Community Health Registry,2022,Synthetic Ground Water Monitoring,2022,COMPLETE,SYNTHETIC_DEMO,-0.56,-61.2,-0.119,0,29.4,0.25,0.07,0.36,0.65,0.35,0.17,LOW
DEMO_REC_0092,Tamil Nadu,Chennai,Chennai Central,Chennai Station-3,80.2403,13.0345,2023,May,Pre-Monsoon,7.54,1111.6,722.5,142.3,26.7,110.2,1.03,214.7,0.11,4.06,2.32,25.3,Synthetic Environmental Simulation,2023,30,Reported Diarrheal/Gastrointestinal Cases,Synthetic Community Health Registry,2023,Synthetic Ground Water Monitoring,2023,COMPLETE,SYNTHETIC_DEMO,-0.76,-82.75,-0.138,0,24.0,0.13,0.03,0.31,0.65,0.35,0.09,LOW
DEMO_REC_0093,Tamil Nadu,Coimbatore,Coimbatore Central,Coimbatore Station-4,76.9776,10.9758,2024,May,Pre-Monsoon,7.33,1176.8,764.9,245.7,21.5,131.5,0.58,309.6,0.1,3.94,0.61,42.1,Synthetic Environmental Simulation,2024,21,Reported Diarrheal/Gastrointestinal Cases,Synthetic Community Health Registry,2024,Synthetic Ground Water Monitoring,2024,COMPLETE,SYNTHETIC_DEMO,-0.66,-71.3,-0.158,0,17.3,0.09,0.04,0.34,0.25,0.35,0.02,LOW
DEMO_REC_0094,Tamil Nadu,Madurai,Madurai Central,Madurai Station-5,78.1072,9.9568,2022,July,Monsoon,7.52,849.4,552.1,192.4,21.1,198.8,1.19,323.4,0.06,1.12,7.09,424.5,Synthetic Environmental Simulation,2022,38,Reported Diarrheal/Gastrointestinal Cases,Synthetic Community Health Registry,2022,Synthetic Ground Water Monitoring,2022,COMPLETE,SYNTHETIC_DEMO,1.74,189.43,-0.06,0,32.3,0.17,0.01,0.94,0.25,0.35,0.39,MODERATE
DEMO_REC_0095,Tamil Nadu,Tiruchirappalli,Tiruchirappalli Central,Tiruchirappalli Station-1,78.6784,10.7758,2023,July,Monsoon,6.91,1513.2,983.6,242.4,15.8,128.4,0.98,221.3,0.27,0.46,4.01,288.1,Synthetic Environmental Simulation,2023,95,Reported Diarrheal/Gastrointestinal Cases,Synthetic Community Health Registry,2023,Synthetic Ground Water Monitoring,2023,COMPLETE,SYNTHETIC_DEMO,0.89,96.43,-0.098,0,35.1,0.42,0.06,0.72,0.25,0.35,0.24,MODERATE
DEMO_REC_0096,Andhra Pradesh,Visakhapatnam,Visakhapatnam Central,Visakhapatnam Station-2,83.1997,17.6546,2024,July,Monsoon,7.38,954.9,620.7,216.7,11.6,72.7,0.39,247.4,0.27,2.82,1.75,257.8,Synthetic Environmental Simulation,2024,53,Reported Diarrheal/Gastrointestinal Cases,Synthetic Community Health Registry,2024,Synthetic Ground Water Monitoring,2024,COMPLETE,SYNTHETIC_DEMO,0.7,75.77,-0.109,0,34.1,0.24,0.02,0.67,0.65,0.35,0.2,MODERATE
DEMO_REC_0097,Andhra Pradesh,Vijayawada,Vijayawada Central,Vijayawada Station-3,80.5996,16.5287,2022,November,Post-Monsoon,7.62,1018.1,661.8,232.3,3.8,93.8,1.27,345.1,0.27,1.28,1.37,68.2,Synthetic Environmental Simulation,2022,27,Reported Diarrheal/Gastrointestinal Cases,Synthetic Community Health Registry,2022,Synthetic Ground Water Monitoring,2022,COMPLETE,SYNTHETIC_DEMO,-0.49,-53.5,-0.095,0,19.6,0.12,0.02,0.38,0.25,0.35,0.26,LOW
DEMO_REC_0098,Andhra Pradesh,Guntur,Guntur Central,Guntur Station-4,80.3933,16.3086,2023,November,Post-Monsoon,6.58,982.4,638.6,196.5,33.0,149.2,1.1,192.1,0.33,12.85,3.25,20.3,Synthetic Environmental Simulation,2023,95,Reported Diarrheal/Gastrointestinal Cases,Synthetic Community Health Registry,2023,Synthetic Ground Water Monitoring,2023,COMPLETE,SYNTHETIC_DEMO,-0.79,-86.16,-0.096,0,31.6,0.42,0.02,0.3,0.65,0.35,0.25,MODERATE
DEMO_REC_0099,Andhra Pradesh,Anantapur,Anantapur Central,Anantapur Station-5,77.5952,14.7314,2024,November,Post-Monsoon,7.55,571.4,371.4,214.7,48.0,65.5,1.53,143.4,0.0,0.89,11.93,-1.7,Synthetic Environmental Simulation,2024,37,Reported Diarrheal/Gastrointestinal Cases,Synthetic Community Health Registry,2024,Synthetic Ground Water Monitoring,2024,COMPLETE,SYNTHETIC_DEMO,-0.93,-101.16,0.019,1,20.5,0.16,0.01,0.27,0.25,0.35,0.68,LOW
DEMO_REC_0100,Assam,Kamrup Metropolitan,Kamrup Metropolitan Central,Kamrup Metropolitan Station-1,91.7014,26.1344,2022,May,Pre-Monsoon,7.0,1624.6,1056.0,142.5,22.3,127.9,1.43,290.0,0.46,3.08,0.11,42.0,Synthetic Environmental Simulation,2022,111,Reported Diarrheal/Gastrointestinal Cases,Synthetic Community Health Registry,2022,Synthetic Ground Water Monitoring,2022,COMPLETE,SYNTHETIC_DEMO,-0.66,-71.36,-0.122,0,34.9,0.49,0.07,0.34,0.65,0.35,0.16,MODERATE
DEMO_REC_0101,Assam,Cachar,Cachar Central,Cachar Station-2,92.7631,24.806,2023,May,Pre-Monsoon,6.59,783.3,509.1,99.5,20.9,126.8,1.61,272.8,0.05,3.86,2.56,5.1,Synthetic Environmental Simulation,2023,26,Reported Diarrheal/Gastrointestinal Cases,Synthetic Community Health Registry,2023,Synthetic Ground Water Monitoring,2023,COMPLETE,SYNTHETIC_DEMO,-0.89,-96.52,-0.063,0,17.9,0.12,0.01,0.28,0.25,0.35,0.38,LOW
DEMO_REC_0102,Arunachal Pradesh,Papum Pare,Papum Pare Central,Papum Pare Station-3,93.5816,27.1431,2024,May,Pre-Monsoon,7.69,1046.5,680.2,193.4,44.1,131.3,1.49,242.0,0.15,0.48,3.56,40.3,Synthetic Environmental Simulation,2024,96,Reported Diarrheal/Gastrointestinal Cases,Synthetic Community Health Registry,2024,Synthetic Ground Water Monitoring,2024,COMPLETE,SYNTHETIC_DEMO,-0.67,-72.52,-0.095,0,26.5,0.43,0.02,0.33,0.25,0.35,0.26,LOW
DEMO_REC_0103,Kerala,Wayanad,Wayanad Central,Wayanad Station-4,76.1393,11.7311,2022,July,Monsoon,7.25,1448.3,941.4,169.1,2.4,101.9,1.73,349.9,0.52,2.74,0.39,405.6,Synthetic Environmental Simulation,2022,93,Reported Diarrheal/Gastrointestinal Cases,Synthetic Community Health Registry,2022,Synthetic Ground Water Monitoring,2022,COMPLETE,SYNTHETIC_DEMO,1.63,176.55,-0.063,0,39.6,0.41,0.08,0.91,0.25,0.35,0.38,MODERATE
DEMO_REC_0104,Karnataka,Raichur,Raichur Central,Raichur Station-5,77.3513,16.2539,2023,July,Monsoon,5.84,1175.3,763.9,35.6,28.5,130.3,0.46,189.3,0.29,2.63,0.49,374.0,Synthetic Environmental Simulation,2023,19,Reported Diarrheal/Gastrointestinal Cases,Synthetic Community Health Registry,2023,Synthetic Ground Water Monitoring,2023,COMPLETE,SYNTHETIC_DEMO,1.43,155.0,0.023,1,32.5,0.08,0.1,0.86,0.25,0.35,0.7,MODERATE
DEMO_REC_0105,Maharashtra,Latur,Latur Central,Latur Station-1,76.5564,18.4369,2024,July,Monsoon,7.26,1082.0,703.3,164.9,11.9,120.5,1.8,225.3,0.5,2.39,1.1,365.0,Synthetic Environmental Simulation,2024,117,Reported Diarrheal/Gastrointestinal Cases,Synthetic Community Health Registry,2024,Synthetic Ground Water Monitoring,2024,COMPLETE,SYNTHETIC_DEMO,1.37,148.86,-0.12,0,39.3,0.52,0.06,0.84,0.25,0.35,0.16,MODERATE
DEMO_REC_0106,Tamil Nadu,Salem,Salem Central,Salem Station-2,78.1752,11.6867,2022,November,Post-Monsoon,8.12,1800.1,1170.1,82.8,7.7,214.5,0.57,311.4,0.09,0.36,1.63,43.0,Synthetic Environmental Simulation,2022,116,Reported Diarrheal/Gastrointestinal Cases,Synthetic Community Health Registry,2022,Synthetic Ground Water Monitoring,2022,COMPLETE,SYNTHETIC_DEMO,-0.65,-70.68,0.01,1,38.4,0.52,0.09,0.34,0.65,0.35,0.65,MODERATE
DEMO_REC_0107,Tamil Nadu,Chennai,Chennai Central,Chennai Station-3,80.2967,13.0587,2023,November,Post-Monsoon,7.24,808.5,525.5,178.5,8.2,161.9,0.45,268.1,0.2,0.41,1.18,41.5,Synthetic Environmental Simulation,2023,119,Reported Diarrheal/Gastrointestinal Cases,Synthetic Community Health Registry,2023,Synthetic Ground Water Monitoring,2023,COMPLETE,SYNTHETIC_DEMO,-0.66,-71.7,-0.11,0,34.3,0.53,0.0,0.33,0.65,0.35,0.2,MODERATE
DEMO_REC_0108,Tamil Nadu,Coimbatore,Coimbatore Central,Coimbatore Station-4,76.9918,11.0282,2024,November,Post-Monsoon,7.88,1373.1,892.5,194.6,18.2,94.4,1.71,304.4,0.09,3.8,5.23,41.7,Synthetic Environmental Simulation,2024,48,Reported Diarrheal/Gastrointestinal Cases,Synthetic Community Health Registry,2024,Synthetic Ground Water Monitoring,2024,COMPLETE,SYNTHETIC_DEMO,-0.66,-71.57,-0.11,0,22.1,0.21,0.07,0.34,0.25,0.35,0.2,LOW
DEMO_REC_0109,Tamil Nadu,Madurai,Madurai Central,Madurai Station-5,78.1148,9.9138,2022,May,Pre-Monsoon,7.35,1110.1,721.6,173.5,40.1,118.9,0.37,299.4,0.01,3.43,3.23,42.5,Synthetic Environmental Simulation,2022,31,Reported Diarrheal/Gastrointestinal Cases,Synthetic Community Health Registry,2022,Synthetic Ground Water Monitoring,2022,COMPLETE,SYNTHETIC_DEMO,-0.65,-71.02,-0.133,0,18.7,0.14,0.03,0.34,0.25,0.35,0.11,LOW
DEMO_REC_0110,Tamil Nadu,Tiruchirappalli,Tiruchirappalli Central,Tiruchirappalli Station-1,78.7285,10.8362,2023,May,Pre-Monsoon,7.24,728.5,473.5,214.0,8.4,160.5,0.58,368.9,0.09,0.05,0.26,59.4,Synthetic Environmental Simulation,2023,106,Reported Diarrheal/Gastrointestinal Cases,Synthetic Community Health Registry,2023,Synthetic Ground Water Monitoring,2023,COMPLETE,SYNTHETIC_DEMO,-0.55,-59.5,-0.097,0,27.5,0.47,0.0,0.36,0.25,0.35,0.25,LOW
DEMO_REC_0111,Andhra Pradesh,Visakhapatnam,Visakhapatnam Central,Visakhapatnam Station-2,83.2467,17.7267,2024,May,Pre-Monsoon,6.86,891.8,579.7,177.4,38.9,117.4,0.47,200.0,0.2,6.32,2.21,23.5,Synthetic Environmental Simulation,2024,24,Reported Diarrheal/Gastrointestinal Cases,Synthetic Community Health Registry,2024,Synthetic Ground Water Monitoring,2024,COMPLETE,SYNTHETIC_DEMO,-0.77,-83.98,-0.103,0,23.5,0.11,0.01,0.31,0.65,0.35,0.23,LOW
DEMO_REC_0112,Andhra Pradesh,Vijayawada,Vijayawada Central,Vijayawada Station-3,80.6908,16.49,2022,July,Monsoon,7.35,991.8,644.7,282.8,6.0,81.4,1.71,243.7,0.07,5.45,3.11,290.2,Synthetic Environmental Simulation,2022,113,Reported Diarrheal/Gastrointestinal Cases,Synthetic Community Health Registry,2022,Synthetic Ground Water Monitoring,2022,COMPLETE,SYNTHETIC_DEMO,0.9,97.86,-0.108,0,36.4,0.5,0.04,0.73,0.25,0.35,0.21,MODERATE
DEMO_REC_0113,Andhra Pradesh,Guntur,Guntur Central,Guntur Station-4,80.4182,16.3238,2023,July,Monsoon,7.06,1392.3,905.0,214.4,74.4,74.7,0.38,297.6,0.12,3.5,0.94,475.7,Synthetic Environmental Simulation,2023,16,Reported Diarrheal/Gastrointestinal Cases,Synthetic Community Health Registry,2023,Synthetic Ground Water Monitoring,2023,COMPLETE,SYNTHETIC_DEMO,2.07,224.34,-0.002,0,42.1,0.07,0.16,1.0,0.65,0.35,0.61,MODERATE
DEMO_REC_0114,Andhra Pradesh,Anantapur,Anantapur Central,Anantapur Station-5,77.6232,14.6451,2024,July,Monsoon,7.32,1015.0,659.8,204.7,30.5,145.3,1.11,298.1,0.11,2.08,3.5,554.2,Synthetic Environmental Simulation,2024,53,Reported Diarrheal/Gastrointestinal Cases,Synthetic Community Health Registry,2024,Synthetic Ground Water Monitoring,2024,COMPLETE,SYNTHETIC_DEMO,2.56,277.87,-0.041,0,36.0,0.24,0.02,1.0,0.25,0.35,0.46,MODERATE
DEMO_REC_0115,Assam,Kamrup Metropolitan,Kamrup Metropolitan Central,Kamrup Metropolitan Station-1,91.7739,26.1522,2022,November,Post-Monsoon,6.72,1118.5,727.0,192.4,48.4,107.6,0.59,325.8,0.64,2.68,1.12,60.2,Synthetic Environmental Simulation,2022,105,Reported Diarrheal/Gastrointestinal Cases,Synthetic Community Health Registry,2022,Synthetic Ground Water Monitoring,2022,COMPLETE,SYNTHETIC_DEMO,-0.54,-58.95,-0.094,0,34.6,0.47,0.04,0.36,0.65,0.35,0.26,MODERATE
DEMO_REC_0116,Assam,Cachar,Cachar Central,Cachar Station-2,92.7644,24.8021,2023,November,Post-Monsoon,7.43,1297.3,843.2,140.8,52.1,142.7,1.74,171.3,0.05,0.91,6.28,22.9,Synthetic Environmental Simulation,2023,115,Reported Diarrheal/Gastrointestinal Cases,Synthetic Community Health Registry,2023,Synthetic Ground Water Monitoring,2023,COMPLETE,SYNTHETIC_DEMO,-0.78,-84.39,-0.092,0,29.9,0.51,0.1,0.31,0.25,0.35,0.27,LOW
DEMO_REC_0117,Arunachal Pradesh,Papum Pare,Papum Pare Central,Papum Pare Station-3,93.6085,27.0625,2024,November,Post-Monsoon,7.68,1416.7,920.9,162.1,13.7,105.4,0.9,191.4,0.62,1.78,3.86,40.6,Synthetic Environmental Simulation,2024,18,Reported Diarrheal/Gastrointestinal Cases,Synthetic Community Health Registry,2024,Synthetic Ground Water Monitoring,2024,COMPLETE,SYNTHETIC_DEMO,-0.67,-72.32,-0.126,0,18.0,0.08,0.06,0.33,0.25,0.35,0.14,LOW
DEMO_REC_0118,Kerala,Wayanad,Wayanad Central,Wayanad Station-4,76.1307,11.6407,2022,May,Pre-Monsoon,7.07,1762.1,1145.4,234.5,55.3,70.3,0.52,360.1,1.2,0.59,5.23,62.0,Synthetic Environmental Simulation,2022,33,Reported Diarrheal/Gastrointestinal Cases,Synthetic Community Health Registry,2022,Synthetic Ground Water Monitoring,2022,COMPLETE,SYNTHETIC_DEMO,-0.53,-57.73,-0.015,0,24.4,0.15,0.14,0.37,0.25,0.35,0.55,LOW
DEMO_REC_0119,Karnataka,Raichur,Raichur Central,Raichur Station-5,77.311,16.2016,2023,May,Pre-Monsoon,6.91,546.7,355.4,173.9,18.7,126.6,0.93,323.3,0.3,3.85,0.38,67.9,Synthetic Environmental Simulation,2023,89,Reported Diarrheal/Gastrointestinal Cases,Synthetic Community Health Registry,2023,Synthetic Ground Water Monitoring,2023,COMPLETE,SYNTHETIC_DEMO,-0.49,-53.7,-0.058,0,26.6,0.4,0.0,0.38,0.25,0.35,0.4,LOW
DEMO_REC_0120,Maharashtra,Latur,Latur Central,Latur Station-1,76.6054,18.4328,2024,May,Pre-Monsoon,7.08,1306.3,849.1,137.2,29.0,178.8,1.69,335.1,0.46,0.14,5.75,33.3,Synthetic Environmental Simulation,2024,78,Reported Diarrheal/Gastrointestinal Cases,Synthetic Community Health Registry,2024,Synthetic Ground Water Monitoring,2024,COMPLETE,SYNTHETIC_DEMO,-0.71,-77.3,-0.145,0,24.3,0.35,0.07,0.32,0.25,0.35,0.07,LOW
DEMO_REC_0121,Tamil Nadu,Salem,Salem Central,Salem Station-2,78.1763,11.6329,2022,July,Monsoon,6.68,790.5,513.8,190.3,35.3,106.8,1.04,404.6,0.44,0.43,2.83,458.9,Synthetic Environmental Simulation,2022,184,Reported Diarrheal/Gastrointestinal Cases,Synthetic Community Health Registry,2022,Synthetic Ground Water Monitoring,2022,COMPLETE,SYNTHETIC_DEMO,1.96,212.89,-0.025,0,56.1,0.82,0.0,0.99,0.65,0.35,0.52,HIGH
DEMO_REC_0122,Tamil Nadu,Chennai,Chennai Central,Chennai Station-3,80.313,13.0726,2023,July,Monsoon,7.07,1193.6,775.8,145.4,37.1,82.6,1.57,134.8,0.09,0.43,5.75,331.6,Synthetic Environmental Simulation,2023,71,Reported Diarrheal/Gastrointestinal Cases,Synthetic Community Health Registry,2023,Synthetic Ground Water Monitoring,2023,COMPLETE,SYNTHETIC_DEMO,1.16,126.09,-0.109,0,39.1,0.32,0.04,0.79,0.65,0.35,0.2,MODERATE
DEMO_REC_0123,Tamil Nadu,Coimbatore,Coimbatore Central,Coimbatore Station-4,76.9373,11.0014,2024,July,Monsoon,7.0,1140.9,741.6,197.6,21.8,179.1,0.49,260.6,0.53,3.87,2.94,403.4,Synthetic Environmental Simulation,2024,51,Reported Diarrheal/Gastrointestinal Cases,Synthetic Community Health Registry,2024,Synthetic Ground Water Monitoring,2024,COMPLETE,SYNTHETIC_DEMO,1.61,175.05,-0.11,0,32.8,0.23,0.03,0.9,0.25,0.35,0.2,MODERATE
DEMO_REC_0124,Tamil Nadu,Madurai,Madurai Central,Madurai Station-5,78.0955,9.9733,2022,November,Post-Monsoon,6.76,1398.5,909.0,300.7,5.6,63.5,0.47,367.4,0.05,0.64,0.87,49.0,Synthetic Environmental Simulation,2022,95,Reported Diarrheal/Gastrointestinal Cases,Synthetic Community Health Registry,2022,Synthetic Ground Water Monitoring,2022,COMPLETE,SYNTHETIC_DEMO,-0.61,-66.59,-0.122,0,26.9,0.42,0.05,0.35,0.25,0.35,0.16,LOW
DEMO_REC_0125,Tamil Nadu,Tiruchirappalli,Tiruchirappalli Central,Tiruchirappalli Station-1,78.6774,10.8386,2023,November,Post-Monsoon,7.66,1554.2,1010.2,227.0,76.1,111.7,0.51,366.3,0.33,0.61,0.31,42.5,Synthetic Environmental Simulation,2023,53,Reported Diarrheal/Gastrointestinal Cases,Synthetic Community Health Registry,2023,Synthetic Ground Water Monitoring,2023,COMPLETE,SYNTHETIC_DEMO,-0.65,-71.02,-0.01,0,27.3,0.24,0.18,0.34,0.25,0.35,0.57,LOW
DEMO_REC_0126,Andhra Pradesh,Visakhapatnam,Visakhapatnam Central,Visakhapatnam Station-2,83.1747,17.6913,2024,November,Post-Monsoon,7.65,1689.0,1097.9,147.7,20.9,92.0,0.55,367.1,0.22,0.57,6.31,29.6,Synthetic Environmental Simulation,2024,100,Reported Diarrheal/Gastrointestinal Cases,Synthetic Community Health Registry,2024,Synthetic Ground Water Monitoring,2024,COMPLETE,SYNTHETIC_DEMO,-0.73,-79.82,-0.073,0,34.4,0.44,0.08,0.32,0.65,0.35,0.34,MODERATE
DEMO_REC_0127,Andhra Pradesh,Vijayawada,Vijayawada Central,Vijayawada Station-3,80.6235,16.4724,2022,May,Pre-Monsoon,7.23,1423.6,925.3,259.4,26.2,110.6,0.72,227.7,0.15,4.0,1.4,0.9,Synthetic Environmental Simulation,2022,57,Reported Diarrheal/Gastrointestinal Cases,Synthetic Community Health Registry,2022,Synthetic Ground Water Monitoring,2022,COMPLETE,SYNTHETIC_DEMO,-0.91,-99.39,-0.129,0,21.1,0.25,0.06,0.27,0.25,0.35,0.13,LOW
DEMO_REC_0128,Andhra Pradesh,Guntur,Guntur Central,Guntur Station-4,80.4829,16.3343,2023,May,Pre-Monsoon,6.79,1239.6,805.7,198.1,5.0,167.9,1.25,246.5,0.74,1.9,0.52,70.6,Synthetic Environmental Simulation,2023,98,Reported Diarrheal/Gastrointestinal Cases,Synthetic Community Health Registry,2023,Synthetic Ground Water Monitoring,2023,COMPLETE,SYNTHETIC_DEMO,-0.48,-51.86,-0.123,0,33.5,0.44,0.04,0.38,0.65,0.35,0.15,MODERATE
DEMO_REC_0129,Andhra Pradesh,Anantapur,Anantapur Central,Anantapur Station-5,77.5672,14.6877,2024,May,Pre-Monsoon,6.57,1654.2,1075.2,189.1,91.0,167.5,1.53,220.4,0.11,4.01,10.3,27.8,Synthetic Environmental Simulation,2024,15,Reported Diarrheal/Gastrointestinal Cases,Synthetic Community Health Registry,2024,Synthetic Ground Water Monitoring,2024,COMPLETE,SYNTHETIC_DEMO,-0.75,-81.05,0.031,1,25.0,0.07,0.25,0.31,0.25,0.35,0.73,LOW
DEMO_REC_0130,Assam,Kamrup Metropolitan,Kamrup Metropolitan Central,Kamrup Metropolitan Station-1,91.7846,26.1363,2022,July,Monsoon,7.66,1602.1,1041.4,170.6,86.4,154.5,0.54,282.5,0.22,3.18,6.63,476.0,Synthetic Environmental Simulation,2022,129,Reported Diarrheal/Gastrointestinal Cases,Synthetic Community Health Registry,2022,Synthetic Ground Water Monitoring,2022,COMPLETE,SYNTHETIC_DEMO,2.07,224.55,0.055,1,57.2,0.57,0.22,1.0,0.65,0.35,0.82,HIGH
DEMO_REC_0131,Assam,Cachar,Cachar Central,Cachar Station-2,92.7626,24.8806,2023,July,Monsoon,7.39,1117.6,726.4,158.6,24.8,129.7,0.77,334.9,0.09,4.28,6.36,173.8,Synthetic Environmental Simulation,2023,42,Reported Diarrheal/Gastrointestinal Cases,Synthetic Community Health Registry,2023,Synthetic Ground Water Monitoring,2023,COMPLETE,SYNTHETIC_DEMO,0.17,18.5,-0.115,0,24.4,0.19,0.03,0.54,0.25,0.35,0.18,LOW
DEMO_REC_0132,Arunachal Pradesh,Papum Pare,Papum Pare Central,Papum Pare Station-3,93.5801,27.1326,2024,July,Monsoon,7.26,1002.2,651.4,260.8,14.3,108.7,1.28,166.1,0.55,1.59,11.6,431.9,Synthetic Environmental Simulation,2024,49,Reported Diarrheal/Gastrointestinal Cases,Synthetic Community Health Registry,2024,Synthetic Ground Water Monitoring,2024,COMPLETE,SYNTHETIC_DEMO,1.79,194.48,-0.103,0,33.3,0.22,0.02,0.95,0.25,0.35,0.23,MODERATE
DEMO_REC_0133,Kerala,Wayanad,Wayanad Central,Wayanad Station-4,76.1559,11.6385,2022,November,Post-Monsoon,7.07,963.6,626.3,129.7,28.2,150.4,0.62,251.6,0.13,0.18,4.32,74.2,Synthetic Environmental Simulation,2022,114,Reported Diarrheal/Gastrointestinal Cases,Synthetic Community Health Registry,2022,Synthetic Ground Water Monitoring,2022,COMPLETE,SYNTHETIC_DEMO,-0.45,-49.41,-0.14,0,28.5,0.51,0.02,0.39,0.25,0.35,0.09,LOW
DEMO_REC_0134,Karnataka,Raichur,Raichur Central,Raichur Station-5,77.3729,16.2447,2023,November,Post-Monsoon,6.99,1422.2,924.4,193.6,42.6,142.8,1.14,270.1,0.19,5.0,2.37,25.5,Synthetic Environmental Simulation,2023,49,Reported Diarrheal/Gastrointestinal Cases,Synthetic Community Health Registry,2023,Synthetic Ground Water Monitoring,2023,COMPLETE,SYNTHETIC_DEMO,-0.76,-82.61,-0.11,0,21.3,0.22,0.06,0.31,0.25,0.35,0.2,LOW
DEMO_REC_0135,Maharashtra,Latur,Latur Central,Latur Station-1,76.5906,18.4001,2024,November,Post-Monsoon,7.05,1194.3,776.3,176.6,14.4,133.6,1.76,227.8,0.52,3.0,5.49,45.8,Synthetic Environmental Simulation,2024,87,Reported Diarrheal/Gastrointestinal Cases,Synthetic Community Health Registry,2024,Synthetic Ground Water Monitoring,2024,COMPLETE,SYNTHETIC_DEMO,-0.63,-68.77,-0.164,0,25.3,0.39,0.06,0.34,0.25,0.35,0.0,LOW
DEMO_REC_0136,Tamil Nadu,Salem,Salem Central,Salem Station-2,78.1789,11.6448,2022,May,Pre-Monsoon,7.26,1430.8,930.0,198.4,14.6,184.3,0.44,138.6,0.27,0.88,1.07,39.1,Synthetic Environmental Simulation,2022,108,Reported Diarrheal/Gastrointestinal Cases,Synthetic Community Health Registry,2022,Synthetic Ground Water Monitoring,2022,COMPLETE,SYNTHETIC_DEMO,-0.68,-73.34,-0.149,0,33.6,0.48,0.06,0.33,0.65,0.35,0.05,MODERATE
DEMO_REC_0137,Tamil Nadu,Chennai,Chennai Central,Chennai Station-3,80.2271,13.0926,2023,May,Pre-Monsoon,6.72,754.4,490.4,185.7,46.0,63.1,1.48,242.8,0.26,2.69,0.87,43.7,Synthetic Environmental Simulation,2023,87,Reported Diarrheal/Gastrointestinal Cases,Synthetic Community Health Registry,2023,Synthetic Ground Water Monitoring,2023,COMPLETE,SYNTHETIC_DEMO,-0.65,-70.2,-0.069,0,31.5,0.39,0.0,0.34,0.65,0.35,0.35,MODERATE
DEMO_REC_0138,Tamil Nadu,Coimbatore,Coimbatore Central,Coimbatore Station-4,76.9727,11.0578,2024,May,Pre-Monsoon,6.59,1428.6,928.6,147.3,97.2,55.9,1.46,346.4,0.18,2.34,2.99,49.6,Synthetic Environmental Simulation,2024,34,Reported Diarrheal/Gastrointestinal Cases,Synthetic Community Health Registry,2024,Synthetic Ground Water Monitoring,2024,COMPLETE,SYNTHETIC_DEMO,-0.61,-66.18,0.019,1,27.6,0.15,0.25,0.35,0.25,0.35,0.68,LOW
DEMO_REC_0139,Tamil Nadu,Madurai,Madurai Central,Madurai Station-5,78.1338,9.9541,2022,July,Monsoon,6.88,1336.1,868.5,146.3,33.5,88.6,1.01,210.2,1.24,0.78,1.57,329.6,Synthetic Environmental Simulation,2022,41,Reported Diarrheal/Gastrointestinal Cases,Synthetic Community Health Registry,2022,Synthetic Ground Water Monitoring,2022,COMPLETE,SYNTHETIC_DEMO,1.15,124.73,-0.103,0,30.3,0.18,0.07,0.79,0.25,0.35,0.23,MODERATE
DEMO_REC_0140,Tamil Nadu,Tiruchirappalli,Tiruchirappalli Central,Tiruchirappalli Station-1,78.6824,10.7545,2023,July,Monsoon,7.01,707.8,460.1,135.3,18.7,96.6,1.07,256.8,0.49,2.12,2.16,252.3,Synthetic Environmental Simulation,2023,68,Reported Diarrheal/Gastrointestinal Cases,Synthetic Community Health Registry,2023,Synthetic Ground Water Monitoring,2023,COMPLETE,SYNTHETIC_DEMO,0.66,72.02,-0.067,0,29.9,0.3,0.0,0.67,0.25,0.35,0.36,LOW
DEMO_REC_0141,Andhra Pradesh,Visakhapatnam,Visakhapatnam Central,Visakhapatnam Station-2,83.2082,17.73,2024,July,Monsoon,7.29,936.8,608.9,140.2,15.5,119.4,1.35,360.7,1.48,0.35,0.96,196.0,Synthetic Environmental Simulation,2024,90,Reported Diarrheal/Gastrointestinal Cases,Synthetic Community Health Registry,2024,Synthetic Ground Water Monitoring,2024,COMPLETE,SYNTHETIC_DEMO,0.31,33.64,-0.114,0,36.9,0.4,0.05,0.58,0.65,0.35,0.18,MODERATE
DEMO_REC_0142,Andhra Pradesh,Vijayawada,Vijayawada Central,Vijayawada Station-3,80.6651,16.5444,2022,November,Post-Monsoon,6.46,1494.5,971.4,214.4,6.8,134.7,0.3,340.8,0.01,5.13,0.89,55.7,Synthetic Environmental Simulation,2022,82,Reported Diarrheal/Gastrointestinal Cases,Synthetic Community Health Registry,2022,Synthetic Ground Water Monitoring,2022,COMPLETE,SYNTHETIC_DEMO,-0.57,-62.02,-0.071,0,26.9,0.36,0.07,0.36,0.25,0.35,0.35,LOW
DEMO_REC_0143,Andhra Pradesh,Guntur,Guntur Central,Guntur Station-4,80.4321,16.2951,2023,November,Post-Monsoon,6.84,1092.6,710.2,155.5,54.0,112.1,1.71,231.2,0.33,2.84,1.35,43.0,Synthetic Environmental Simulation,2023,96,Reported Diarrheal/Gastrointestinal Cases,Synthetic Community Health Registry,2023,Synthetic Ground Water Monitoring,2023,COMPLETE,SYNTHETIC_DEMO,-0.65,-70.68,-0.082,0,34.2,0.43,0.08,0.34,0.65,0.35,0.3,MODERATE
DEMO_REC_0144,Andhra Pradesh,Anantapur,Anantapur Central,Anantapur Station-5,77.5622,14.6458,2024,November,Post-Monsoon,7.21,1094.6,711.5,190.5,15.5,179.0,1.54,303.8,0.18,0.22,1.53,83.0,Synthetic Environmental Simulation,2024,115,Reported Diarrheal/Gastrointestinal Cases,Synthetic Community Health Registry,2024,Synthetic Ground Water Monitoring,2024,COMPLETE,SYNTHETIC_DEMO,-0.4,-43.41,-0.144,0,29.2,0.51,0.03,0.4,0.25,0.35,0.07,LOW
DEMO_REC_0145,Assam,Kamrup Metropolitan,Kamrup Metropolitan Central,Kamrup Metropolitan Station-1,91.7421,26.1068,2022,May,Pre-Monsoon,7.71,896.8,582.9,201.4,39.1,184.4,0.71,224.1,0.11,3.89,1.77,55.6,Synthetic Environmental Simulation,2022,42,Reported Diarrheal/Gastrointestinal Cases,Synthetic Community Health Registry,2022,Synthetic Ground Water Monitoring,2022,COMPLETE,SYNTHETIC_DEMO,-0.57,-62.09,-0.095,0,26.6,0.19,0.01,0.36,0.65,0.35,0.26,LOW
DEMO_REC_0146,Assam,Cachar,Cachar Central,Cachar Station-2,92.8048,24.8412,2023,May,Pre-Monsoon,7.4,1172.6,762.2,116.7,15.1,121.5,1.27,268.4,0.22,1.19,0.02,53.6,Synthetic Environmental Simulation,2023,109,Reported Diarrheal/Gastrointestinal Cases,Synthetic Community Health Registry,2023,Synthetic Ground Water Monitoring,2023,COMPLETE,SYNTHETIC_DEMO,-0.58,-63.45,-0.153,0,27.5,0.48,0.03,0.35,0.25,0.35,0.04,LOW
DEMO_REC_0147,Arunachal Pradesh,Papum Pare,Papum Pare Central,Papum Pare Station-3,93.6296,27.1292,2024,May,Pre-Monsoon,7.69,1238.9,805.3,281.8,53.8,81.0,0.45,287.3,0.07,6.5,1.6,12.9,Synthetic Environmental Simulation,2024,29,Reported Diarrheal/Gastrointestinal Cases,Synthetic Community Health Registry,2024,Synthetic Ground Water Monitoring,2024,COMPLETE,SYNTHETIC_DEMO,-0.84,-91.2,-0.069,0,19.9,0.13,0.07,0.29,0.25,0.35,0.35,LOW
DEMO_REC_0148,Kerala,Wayanad,Wayanad Central,Wayanad Station-4,76.095,11.6842,2022,July,Monsoon,6.84,1055.2,685.9,48.8,41.6,77.3,1.79,215.3,0.28,0.41,0.09,328.5,Synthetic Environmental Simulation,2022,110,Reported Diarrheal/Gastrointestinal Cases,Synthetic Community Health Registry,2022,Synthetic Ground Water Monitoring,2022,COMPLETE,SYNTHETIC_DEMO,1.14,123.98,-0.093,0,37.8,0.49,0.05,0.79,0.25,0.35,0.26,MODERATE
DEMO_REC_0149,Karnataka,Raichur,Raichur Central,Raichur Station-5,77.3504,16.1916,2023,July,Monsoon,7.27,786.9,511.5,192.5,55.6,57.0,0.69,239.3,0.06,0.15,1.26,141.9,Synthetic Environmental Simulation,2023,106,Reported Diarrheal/Gastrointestinal Cases,Synthetic Community Health Registry,2023,Synthetic Ground Water Monitoring,2023,COMPLETE,SYNTHETIC_DEMO,-0.03,-3.25,-0.027,0,32.4,0.47,0.04,0.49,0.25,0.35,0.51,MODERATE
DEMO_REC_0150,Maharashtra,Latur,Latur Central,Latur Station-1,76.6104,18.4171,2024,July,Monsoon,7.5,1313.5,853.8,215.5,15.0,149.9,0.75,359.9,0.19,3.28,0.48,262.9,Synthetic Environmental Simulation,2024,19,Reported Diarrheal/Gastrointestinal Cases,Synthetic Community Health Registry,2024,Synthetic Ground Water Monitoring,2024,COMPLETE,SYNTHETIC_DEMO,0.73,79.25,-0.111,0,25.2,0.08,0.05,0.68,0.25,0.35,0.2,LOW
DEMO_REC_0151,Tamil Nadu,Salem,Salem Central,Salem Station-2,78.1503,11.6619,2022,November,Post-Monsoon,7.3,1363.7,886.4,184.9,42.0,107.3,1.49,301.0,0.1,5.24,8.65,42.5,Synthetic Environmental Simulation,2022,62,Reported Diarrheal/Gastrointestinal Cases,Synthetic Community Health Registry,2022,Synthetic Ground Water Monitoring,2022,COMPLETE,SYNTHETIC_DEMO,-0.65,-71.02,-0.13,0,28.8,0.28,0.05,0.34,0.65,0.35,0.12,LOW
DEMO_REC_0152,Tamil Nadu,Chennai,Chennai Central,Chennai Station-3,80.2962,13.0421,2023,November,Post-Monsoon,6.73,526.3,342.1,313.7,18.8,153.5,0.96,335.7,0.13,3.23,6.75,48.7,Synthetic Environmental Simulation,2023,105,Reported Diarrheal/Gastrointestinal Cases,Synthetic Community Health Registry,2023,Synthetic Ground Water Monitoring,2023,COMPLETE,SYNTHETIC_DEMO,-0.61,-66.8,-0.053,0,33.9,0.47,0.0,0.35,0.65,0.35,0.41,MODERATE
DEMO_REC_0153,Tamil Nadu,Coimbatore,Coimbatore Central,Coimbatore Station-4,76.9886,11.0076,2024,November,Post-Monsoon,7.37,1722.2,1119.4,169.8,44.0,140.8,1.24,59.5,0.78,0.05,1.94,67.5,Synthetic Environmental Simulation,2024,68,Reported Diarrheal/Gastrointestinal Cases,Synthetic Community Health Registry,2024,Synthetic Ground Water Monitoring,2024,COMPLETE,SYNTHETIC_DEMO,-0.5,-53.98,-0.06,0,26.3,0.3,0.08,0.38,0.25,0.35,0.39,LOW
DEMO_REC_0154,Tamil Nadu,Madurai,Madurai Central,Madurai Station-5,78.1331,9.9279,2022,May,Pre-Monsoon,7.58,1579.6,1026.7,190.6,28.6,180.4,1.49,370.7,0.02,0.01,8.3,16.2,Synthetic Environmental Simulation,2022,74,Reported Diarrheal/Gastrointestinal Cases,Synthetic Community Health Registry,2022,Synthetic Ground Water Monitoring,2022,COMPLETE,SYNTHETIC_DEMO,-0.82,-88.95,-0.106,0,24.2,0.33,0.07,0.3,0.25,0.35,0.21,LOW
DEMO_REC_0155,Tamil Nadu,Tiruchirappalli,Tiruchirappalli Central,Tiruchirappalli Station-1,78.7313,10.8064,2023,May,Pre-Monsoon,7.34,1574.6,1023.5,135.9,19.6,62.6,0.4,157.6,0.13,0.29,4.95,45.6,Synthetic Environmental Simulation,2023,30,Reported Diarrheal/Gastrointestinal Cases,Synthetic Community Health Registry,2023,Synthetic Ground Water Monitoring,2023,COMPLETE,SYNTHETIC_DEMO,-0.63,-68.91,-0.13,0,19.8,0.13,0.07,0.34,0.25,0.35,0.13,LOW
DEMO_REC_0156,Andhra Pradesh,Visakhapatnam,Visakhapatnam Central,Visakhapatnam Station-2,83.1798,17.705,2024,May,Pre-Monsoon,7.44,1034.3,672.3,202.4,31.4,93.6,1.3,312.0,0.15,0.87,0.5,38.2,Synthetic Environmental Simulation,2024,69,Reported Diarrheal/Gastrointestinal Cases,Synthetic Community Health Registry,2024,Synthetic Ground Water Monitoring,2024,COMPLETE,SYNTHETIC_DEMO,-0.68,-73.95,-0.141,0,28.5,0.31,0.02,0.33,0.65,0.35,0.09,LOW
DEMO_REC_0157,Andhra Pradesh,Vijayawada,Vijayawada Central,Vijayawada Station-3,80.6301,16.5468,2022,July,Monsoon,6.58,1153.6,749.8,181.2,21.2,167.6,0.48,181.8,0.66,1.75,1.79,482.0,Synthetic Environmental Simulation,2022,66,Reported Diarrheal/Gastrointestinal Cases,Synthetic Community Health Registry,2022,Synthetic Ground Water Monitoring,2022,COMPLETE,SYNTHETIC_DEMO,2.1,228.64,-0.041,0,37.7,0.29,0.03,1.0,0.25,0.35,0.46,MODERATE
DEMO_REC_0158,Andhra Pradesh,Guntur,Guntur Central,Guntur Station-4,80.4391,16.3204,2023,July,Monsoon,7.7,652.3,424.0,206.2,16.8,59.2,0.48,297.0,0.15,0.43,6.41,358.5,Synthetic Environmental Simulation,2023,112,Reported Diarrheal/Gastrointestinal Cases,Synthetic Community Health Registry,2023,Synthetic Ground Water Monitoring,2023,COMPLETE,SYNTHETIC_DEMO,1.33,144.43,-0.016,0,45.1,0.5,0.0,0.83,0.65,0.35,0.55,MODERATE
DEMO_REC_0159,Andhra Pradesh,Anantapur,Anantapur Central,Anantapur Station-5,77.5778,14.7041,2024,July,Monsoon,6.85,1125.2,731.4,149.2,30.0,151.0,1.17,295.7,0.19,1.04,8.46,304.7,Synthetic Environmental Simulation,2024,23,Reported Diarrheal/Gastrointestinal Cases,Synthetic Community Health Registry,2024,Synthetic Ground Water Monitoring,2024,COMPLETE,SYNTHETIC_DEMO,0.99,107.75,-0.111,0,26.5,0.1,0.03,0.75,0.25,0.35,0.2,LOW
DEMO_REC_0160,Assam,Kamrup Metropolitan,Kamrup Metropolitan Central,Kamrup Metropolitan Station-1,91.7175,26.1788,2022,November,Post-Monsoon,7.26,1291.9,839.7,168.7,23.2,146.5,1.75,299.9,0.2,1.23,3.0,33.3,Synthetic Environmental Simulation,2022,69,Reported Diarrheal/Gastrointestinal Cases,Synthetic Community Health Registry,2022,Synthetic Ground Water Monitoring,2022,COMPLETE,SYNTHETIC_DEMO,-0.71,-77.3,-0.155,0,29.3,0.31,0.07,0.32,0.65,0.35,0.03,LOW
DEMO_REC_0161,Assam,Cachar,Cachar Central,Cachar Station-2,92.7456,24.7837,2023,November,Post-Monsoon,7.59,1632.6,1061.2,189.9,21.4,127.1,1.27,258.6,0.01,1.12,9.43,-11.7,Synthetic Environmental Simulation,2023,61,Reported Diarrheal/Gastrointestinal Cases,Synthetic Community Health Registry,2023,Synthetic Ground Water Monitoring,2023,COMPLETE,SYNTHETIC_DEMO,-0.99,-107.98,-0.086,0,22.4,0.27,0.07,0.25,0.25,0.35,0.29,LOW
DEMO_REC_0162,Arunachal Pradesh,Papum Pare,Papum Pare Central,Papum Pare Station-3,93.6334,27.0611,2024,November,Post-Monsoon,7.21,1099.8,714.9,261.1,25.5,98.2,0.86,309.4,0.31,3.98,4.21,57.6,Synthetic Environmental Simulation,2024,48,Reported Diarrheal/Gastrointestinal Cases,Synthetic Community Health Registry,2024,Synthetic Ground Water Monitoring,2024,COMPLETE,SYNTHETIC_DEMO,-0.56,-60.73,-0.153,0,20.7,0.21,0.03,0.36,0.25,0.35,0.04,LOW
DEMO_REC_0163,Kerala,Wayanad,Wayanad Central,Wayanad Station-4,76.1751,11.6749,2022,May,Pre-Monsoon,7.35,994.4,646.4,278.2,15.1,155.1,1.47,318.8,0.24,0.26,3.49,50.8,Synthetic Environmental Simulation,2022,16,Reported Diarrheal/Gastrointestinal Cases,Synthetic Community Health Registry,2022,Synthetic Ground Water Monitoring,2022,COMPLETE,SYNTHETIC_DEMO,-0.6,-65.36,-0.145,0,16.9,0.07,0.02,0.35,0.25,0.35,0.07,LOW
DEMO_REC_0164,Karnataka,Raichur,Raichur Central,Raichur Station-5,77.3087,16.1595,2023,May,Pre-Monsoon,7.13,1123.7,730.4,300.6,0.6,147.5,0.31,320.4,0.22,2.83,1.12,44.2,Synthetic Environmental Simulation,2023,42,Reported Diarrheal/Gastrointestinal Cases,Synthetic Community Health Registry,2023,Synthetic Ground Water Monitoring,2023,COMPLETE,SYNTHETIC_DEMO,-0.64,-69.86,-0.11,0,20.5,0.19,0.03,0.34,0.25,0.35,0.2,LOW
DEMO_REC_0165,Maharashtra,Latur,Latur Central,Latur Station-1,76.5324,18.3855,2024,May,Pre-Monsoon,6.89,1247.5,810.9,112.3,4.5,53.9,0.81,225.6,0.4,0.63,3.08,80.4,Synthetic Environmental Simulation,2024,114,Reported Diarrheal/Gastrointestinal Cases,Synthetic Community Health Registry,2024,Synthetic Ground Water Monitoring,2024,COMPLETE,SYNTHETIC_DEMO,-0.42,-45.18,-0.112,0,29.8,0.51,0.04,0.4,0.25,0.35,0.19,LOW
DEMO_REC_0166,Tamil Nadu,Salem,Salem Central,Salem Station-2,78.1839,11.6691,2022,July,Monsoon,7.94,1382.0,898.3,102.4,102.7,147.6,0.61,303.4,0.28,1.6,0.18,513.5,Synthetic Environmental Simulation,2022,168,Reported Diarrheal/Gastrointestinal Cases,Synthetic Community Health Registry,2022,Synthetic Ground Water Monitoring,2022,COMPLETE,SYNTHETIC_DEMO,2.3,250.12,0.089,1,63.0,0.75,0.25,1.0,0.65,0.35,0.94,HIGH
DEMO_REC_0167,Tamil Nadu,Chennai,Chennai Central,Chennai Station-3,80.3165,13.0385,2023,July,Monsoon,7.21,1280.7,832.5,149.2,6.1,131.9,1.47,205.4,0.26,0.4,5.0,203.2,Synthetic Environmental Simulation,2023,42,Reported Diarrheal/Gastrointestinal Cases,Synthetic Community Health Registry,2023,Synthetic Ground Water Monitoring,2023,COMPLETE,SYNTHETIC_DEMO,0.35,38.55,-0.11,0,31.8,0.19,0.04,0.59,0.65,0.35,0.2,MODERATE
DEMO_REC_0168,Tamil Nadu,Coimbatore,Coimbatore Central,Coimbatore Station-4,76.9868,11.0311,2024,July,Monsoon,7.83,1147.0,745.6,144.7,27.2,122.2,1.33,313.7,0.21,0.65,0.14,337.9,Synthetic Environmental Simulation,2024,47,Reported Diarrheal/Gastrointestinal Cases,Synthetic Community Health Registry,2024,Synthetic Ground Water Monitoring,2024,COMPLETE,SYNTHETIC_DEMO,1.2,130.39,-0.072,0,31.0,0.21,0.03,0.8,0.25,0.35,0.34,MODERATE
DEMO_REC_0169,Tamil Nadu,Madurai,Madurai Central,Madurai Station-5,78.1228,9.971,2022,November,Post-Monsoon,7.2,630.8,410.0,191.2,12.9,113.7,1.12,383.0,0.17,0.11,0.54,16.5,Synthetic Environmental Simulation,2022,47,Reported Diarrheal/Gastrointestinal Cases,Synthetic Community Health Registry,2022,Synthetic Ground Water Monitoring,2022,COMPLETE,SYNTHETIC_DEMO,-0.82,-88.75,-0.08,0,19.9,0.21,0.0,0.3,0.25,0.35,0.31,LOW
DEMO_REC_0170,Tamil Nadu,Tiruchirappalli,Tiruchirappalli Central,Tiruchirappalli Station-1,78.7542,10.7542,2023,November,Post-Monsoon,7.09,368.5,239.5,194.3,30.8,91.3,1.05,321.0,0.22,0.62,1.84,42.7,Synthetic Environmental Simulation,2023,32,Reported Diarrheal/Gastrointestinal Cases,Synthetic Community Health Registry,2023,Synthetic Ground Water Monitoring,2023,COMPLETE,SYNTHETIC_DEMO,-0.65,-70.89,-0.017,0,20.3,0.14,0.0,0.34,0.25,0.35,0.55,LOW
DEMO_REC_0171,Andhra Pradesh,Visakhapatnam,Visakhapatnam Central,Visakhapatnam Station-2,83.1758,17.6962,2024,November,Post-Monsoon,7.27,1214.5,789.4,150.9,29.8,134.9,1.44,281.4,0.05,1.62,3.8,59.4,Synthetic Environmental Simulation,2024,53,Reported Diarrheal/Gastrointestinal Cases,Synthetic Community Health Registry,2024,Synthetic Ground Water Monitoring,2024,COMPLETE,SYNTHETIC_DEMO,-0.55,-59.5,-0.149,0,27.6,0.24,0.04,0.36,0.65,0.35,0.05,LOW
DEMO_REC_0172,Andhra Pradesh,Vijayawada,Vijayawada Central,Vijayawada Station-3,80.694,16.5343,2022,May,Pre-Monsoon,6.68,1396.8,907.9,203.2,27.2,139.1,0.87,382.5,0.01,4.13,0.59,49.7,Synthetic Environmental Simulation,2022,69,Reported Diarrheal/Gastrointestinal Cases,Synthetic Community Health Registry,2022,Synthetic Ground Water Monitoring,2022,COMPLETE,SYNTHETIC_DEMO,-0.61,-66.11,-0.12,0,24.1,0.31,0.05,0.35,0.25,0.35,0.16,LOW
DEMO_REC_0173,Andhra Pradesh,Guntur,Guntur Central,Guntur Station-4,80.396,16.3296,2023,May,Pre-Monsoon,7.03,1176.9,765.0,167.6,73.4,93.5,1.68,162.5,1.5,0.11,4.29,18.1,Synthetic Environmental Simulation,2023,108,Reported Diarrheal/Gastrointestinal Cases,Synthetic Community Health Registry,2023,Synthetic Ground Water Monitoring,2023,COMPLETE,SYNTHETIC_DEMO,-0.81,-87.66,-0.054,0,38.0,0.48,0.19,0.3,0.65,0.35,0.41,MODERATE
DEMO_REC_0174,Andhra Pradesh,Anantapur,Anantapur Central,Anantapur Station-5,77.6457,14.7237,2024,May,Pre-Monsoon,6.56,546.7,355.4,200.3,40.0,64.7,0.84,189.2,0.06,6.26,0.32,59.6,Synthetic Environmental Simulation,2024,24,Reported Diarrheal/Gastrointestinal Cases,Synthetic Community Health Registry,2024,Synthetic Ground Water Monitoring,2024,COMPLETE,SYNTHETIC_DEMO,-0.55,-59.36,-0.014,0,20.0,0.11,0.0,0.36,0.25,0.35,0.56,LOW
DEMO_REC_0175,Assam,Kamrup Metropolitan,Kamrup Metropolitan Central,Kamrup Metropolitan Station-1,91.7614,26.1785,2022,July,Monsoon,7.38,897.3,583.2,106.9,49.9,52.3,0.79,406.7,0.55,0.39,1.69,627.8,Synthetic Environmental Simulation,2022,147,Reported Diarrheal/Gastrointestinal Cases,Synthetic Community Health Registry,2022,Synthetic Ground Water Monitoring,2022,COMPLETE,SYNTHETIC_DEMO,3.02,328.05,0.021,1,53.8,0.65,0.03,1.0,0.65,0.35,0.69,HIGH
DEMO_REC_0176,Assam,Cachar,Cachar Central,Cachar Station-2,92.7787,24.8309,2023,July,Monsoon,6.99,1343.2,873.1,224.3,5.7,105.3,0.61,280.8,0.16,4.16,5.42,383.9,Synthetic Environmental Simulation,2023,75,Reported Diarrheal/Gastrointestinal Cases,Synthetic Community Health Registry,2023,Synthetic Ground Water Monitoring,2023,COMPLETE,SYNTHETIC_DEMO,1.49,161.75,-0.097,0,35.5,0.33,0.05,0.87,0.25,0.35,0.25,MODERATE
DEMO_REC_0177,Arunachal Pradesh,Papum Pare,Papum Pare Central,Papum Pare Station-3,93.6474,27.1227,2024,July,Monsoon,7.62,1031.9,670.7,242.4,0.3,132.9,0.89,266.5,0.24,1.9,2.68,304.4,Synthetic Environmental Simulation,2024,71,Reported Diarrheal/Gastrointestinal Cases,Synthetic Community Health Registry,2024,Synthetic Ground Water Monitoring,2024,COMPLETE,SYNTHETIC_DEMO,0.99,107.55,-0.06,0,32.6,0.32,0.02,0.75,0.25,0.35,0.39,MODERATE
DEMO_REC_0178,Kerala,Wayanad,Wayanad Central,Wayanad Station-4,76.1046,11.7327,2022,November,Post-Monsoon,6.98,819.5,532.7,240.9,7.5,148.7,1.57,150.6,0.12,3.12,5.09,31.4,Synthetic Environmental Simulation,2022,92,Reported Diarrheal/Gastrointestinal Cases,Synthetic Community Health Registry,2022,Synthetic Ground Water Monitoring,2022,COMPLETE,SYNTHETIC_DEMO,-0.72,-78.59,-0.112,0,25.1,0.41,0.01,0.32,0.25,0.35,0.19,LOW
DEMO_REC_0179,Karnataka,Raichur,Raichur Central,Raichur Station-5,77.33,16.1701,2023,November,Post-Monsoon,7.48,937.1,609.1,187.1,6.8,172.4,0.33,242.2,0.09,1.82,0.94,38.5,Synthetic Environmental Simulation,2023,31,Reported Diarrheal/Gastrointestinal Cases,Synthetic Community Health Registry,2023,Synthetic Ground Water Monitoring,2023,COMPLETE,SYNTHETIC_DEMO,-0.68,-73.75,-0.125,0,18.4,0.14,0.01,0.33,0.25,0.35,0.14,LOW
DEMO_REC_0180,Maharashtra,Latur,Latur Central,Latur Station-1,76.5401,18.419,2024,November,Post-Monsoon,8.12,1539.6,1000.7,279.8,35.2,228.8,0.85,361.1,0.19,6.35,3.56,64.9,Synthetic Environmental Simulation,2024,53,Reported Diarrheal/Gastrointestinal Cases,Synthetic Community Health Registry,2024,Synthetic Ground Water Monitoring,2024,COMPLETE,SYNTHETIC_DEMO,-0.51,-55.75,-0.037,0,24.6,0.24,0.07,0.37,0.25,0.35,0.47,LOW
DEMO_REC_0181,Tamil Nadu,Salem,Salem Central,Salem Station-2,78.1305,11.6993,2022,May,Pre-Monsoon,7.05,1039.1,675.4,202.7,8.7,145.8,0.95,365.6,0.24,0.93,1.98,-3.7,Synthetic Environmental Simulation,2022,82,Reported Diarrheal/Gastrointestinal Cases,Synthetic Community Health Registry,2022,Synthetic Ground Water Monitoring,2022,COMPLETE,SYNTHETIC_DEMO,-0.94,-102.52,-0.115,0,29.1,0.36,0.02,0.26,0.65,0.35,0.18,LOW
DEMO_REC_0182,Tamil Nadu,Chennai,Chennai Central,Chennai Station-3,80.2232,13.0711,2023,May,Pre-Monsoon,7.26,668.7,434.7,189.7,15.0,166.2,1.75,280.5,0.38,4.96,0.59,31.8,Synthetic Environmental Simulation,2023,78,Reported Diarrheal/Gastrointestinal Cases,Synthetic Community Health Registry,2023,Synthetic Ground Water Monitoring,2023,COMPLETE,SYNTHETIC_DEMO,-0.72,-78.32,-0.091,0,30.3,0.35,0.02,0.32,0.65,0.35,0.27,MODERATE
DEMO_REC_0183,Tamil Nadu,Coimbatore,Coimbatore Central,Coimbatore Station-4,77.001,11.0382,2024,May,Pre-Monsoon,7.37,1094.0,711.1,230.6,30.4,153.9,1.05,237.9,0.02,0.94,8.21,18.1,Synthetic Environmental Simulation,2024,86,Reported Diarrheal/Gastrointestinal Cases,Synthetic Community Health Registry,2024,Synthetic Ground Water Monitoring,2024,COMPLETE,SYNTHETIC_DEMO,-0.81,-87.66,-0.143,0,23.9,0.38,0.03,0.3,0.25,0.35,0.08,LOW
DEMO_REC_0184,Tamil Nadu,Madurai,Madurai Central,Madurai Station-5,78.1247,9.8804,2022,July,Monsoon,7.47,849.1,551.9,103.9,7.3,158.9,1.4,228.6,0.46,0.84,1.7,306.4,Synthetic Environmental Simulation,2022,33,Reported Diarrheal/Gastrointestinal Cases,Synthetic Community Health Registry,2022,Synthetic Ground Water Monitoring,2022,COMPLETE,SYNTHETIC_DEMO,1.0,108.91,-0.077,0,27.7,0.15,0.01,0.75,0.25,0.35,0.32,LOW
DEMO_REC_0185,Tamil Nadu,Tiruchirappalli,Tiruchirappalli Central,Tiruchirappalli Station-1,78.6619,10.8083,2023,July,Monsoon,7.0,762.5,495.6,197.0,12.5,136.6,1.79,380.2,0.12,7.09,7.39,317.5,Synthetic Environmental Simulation,2023,88,Reported Diarrheal/Gastrointestinal Cases,Synthetic Community Health Registry,2023,Synthetic Ground Water Monitoring,2023,COMPLETE,SYNTHETIC_DEMO,1.07,116.48,-0.071,0,34.9,0.39,0.03,0.77,0.25,0.35,0.35,MODERATE
DEMO_REC_0186,Andhra Pradesh,Visakhapatnam,Visakhapatnam Central,Visakhapatnam Station-2,83.2656,17.6547,2024,July,Monsoon,7.09,1119.4,727.6,147.9,8.8,179.6,0.82,167.8,0.07,1.65,0.94,261.5,Synthetic Environmental Simulation,2024,38,Reported Diarrheal/Gastrointestinal Cases,Synthetic Community Health Registry,2024,Synthetic Ground Water Monitoring,2024,COMPLETE,SYNTHETIC_DEMO,0.72,78.3,-0.122,0,32.6,0.17,0.03,0.68,0.65,0.35,0.16,MODERATE
DEMO_REC_0187,Andhra Pradesh,Vijayawada,Vijayawada Central,Vijayawada Station-3,80.6949,16.5219,2022,November,Post-Monsoon,6.91,1261.9,820.2,166.4,12.7,172.5,0.7,373.6,0.0,8.38,0.87,68.8,Synthetic Environmental Simulation,2022,62,Reported Diarrheal/Gastrointestinal Cases,Synthetic Community Health Registry,2022,Synthetic Ground Water Monitoring,2022,COMPLETE,SYNTHETIC_DEMO,-0.49,-53.09,-0.149,0,23.0,0.28,0.04,0.38,0.25,0.35,0.05,LOW
DEMO_REC_0188,Andhra Pradesh,Guntur,Guntur Central,Guntur Station-4,80.4391,16.3151,2023,November,Post-Monsoon,7.61,1954.4,1270.4,209.9,8.4,165.5,0.86,290.7,0.15,6.88,2.34,35.0,Synthetic Environmental Simulation,2023,97,Reported Diarrheal/Gastrointestinal Cases,Synthetic Community Health Registry,2023,Synthetic Ground Water Monitoring,2023,COMPLETE,SYNTHETIC_DEMO,-0.7,-76.14,0.023,1,36.6,0.43,0.1,0.32,0.65,0.35,0.7,MODERATE
DEMO_REC_0189,Andhra Pradesh,Anantapur,Anantapur Central,Anantapur Station-5,77.5905,14.7277,2024,November,Post-Monsoon,7.05,1347.2,875.7,173.0,9.4,115.4,0.69,342.0,0.17,3.21,0.03,80.0,Synthetic Environmental Simulation,2024,55,Reported Diarrheal/Gastrointestinal Cases,Synthetic Community Health Registry,2024,Synthetic Ground Water Monitoring,2024,COMPLETE,SYNTHETIC_DEMO,-0.42,-45.45,-0.146,0,22.9,0.24,0.05,0.4,0.25,0.35,0.07,LOW
DEMO_REC_0190,Assam,Kamrup Metropolitan,Kamrup Metropolitan Central,Kamrup Metropolitan Station-1,91.7576,26.1187,2022,May,Pre-Monsoon,7.75,1325.7,861.7,140.8,30.2,95.8,0.71,407.9,0.28,2.79,0.25,39.0,Synthetic Environmental Simulation,2022,62,Reported Diarrheal/Gastrointestinal Cases,Synthetic Community Health Registry,2022,Synthetic Ground Water Monitoring,2022,COMPLETE,SYNTHETIC_DEMO,-0.68,-73.41,-0.125,0,28.7,0.28,0.05,0.33,0.65,0.35,0.14,LOW
DEMO_REC_0191,Assam,Cachar,Cachar Central,Cachar Station-2,92.8174,24.8166,2023,May,Pre-Monsoon,7.15,357.4,232.3,145.4,37.8,61.3,1.78,286.9,0.1,3.68,1.67,57.0,Synthetic Environmental Simulation,2023,53,Reported Diarrheal/Gastrointestinal Cases,Synthetic Community Health Registry,2023,Synthetic Ground Water Monitoring,2023,COMPLETE,SYNTHETIC_DEMO,-0.56,-61.14,-0.0,0,24.1,0.24,0.03,0.36,0.25,0.35,0.61,LOW
DEMO_REC_0192,Arunachal Pradesh,Papum Pare,Papum Pare Central,Papum Pare Station-3,93.6068,27.0769,2024,May,Pre-Monsoon,6.97,1306.3,849.1,287.1,33.4,93.7,0.67,234.6,0.18,2.62,8.26,79.4,Synthetic Environmental Simulation,2024,106,Reported Diarrheal/Gastrointestinal Cases,Synthetic Community Health Registry,2024,Synthetic Ground Water Monitoring,2024,COMPLETE,SYNTHETIC_DEMO,-0.42,-45.86,-0.125,0,28.8,0.47,0.05,0.39,0.25,0.35,0.14,LOW
DEMO_REC_0193,Kerala,Wayanad,Wayanad Central,Wayanad Station-4,76.132,11.6773,2022,July,Monsoon,7.39,1670.0,1085.5,114.3,26.8,103.4,0.62,277.7,0.1,3.12,0.03,386.4,Synthetic Environmental Simulation,2022,99,Reported Diarrheal/Gastrointestinal Cases,Synthetic Community Health Registry,2022,Synthetic Ground Water Monitoring,2022,COMPLETE,SYNTHETIC_DEMO,1.5,163.46,-0.052,0,39.8,0.44,0.08,0.88,0.25,0.35,0.42,MODERATE
DEMO_REC_0194,Karnataka,Raichur,Raichur Central,Raichur Station-5,77.3033,16.1736,2023,July,Monsoon,7.14,1389.9,903.4,208.5,7.8,153.9,0.47,204.4,0.09,1.81,2.3,219.5,Synthetic Environmental Simulation,2023,35,Reported Diarrheal/Gastrointestinal Cases,Synthetic Community Health Registry,2023,Synthetic Ground Water Monitoring,2023,COMPLETE,SYNTHETIC_DEMO,0.46,49.66,-0.111,0,25.8,0.16,0.05,0.61,0.25,0.35,0.2,LOW
DEMO_REC_0195,Maharashtra,Latur,Latur Central,Latur Station-1,76.5181,18.4331,2024,July,Monsoon,7.24,1244.0,808.6,151.7,31.1,71.5,0.71,388.7,0.08,0.96,7.02,347.7,Synthetic Environmental Simulation,2024,19,Reported Diarrheal/Gastrointestinal Cases,Synthetic Community Health Registry,2024,Synthetic Ground Water Monitoring,2024,COMPLETE,SYNTHETIC_DEMO,1.26,137.07,-0.116,0,27.6,0.08,0.04,0.82,0.25,0.35,0.18,LOW
DEMO_REC_0196,Tamil Nadu,Salem,Salem Central,Salem Station-2,78.1798,11.682,2022,November,Post-Monsoon,6.34,1347.0,875.6,124.8,31.0,132.6,1.31,321.7,0.08,0.31,0.54,26.6,Synthetic Environmental Simulation,2022,118,Reported Diarrheal/Gastrointestinal Cases,Synthetic Community Health Registry,2022,Synthetic Ground Water Monitoring,2022,COMPLETE,SYNTHETIC_DEMO,-0.75,-81.86,-0.061,0,36.2,0.52,0.07,0.31,0.65,0.35,0.39,MODERATE
DEMO_REC_0197,Tamil Nadu,Chennai,Chennai Central,Chennai Station-3,80.2739,13.119,2023,November,Post-Monsoon,6.93,1537.1,999.1,207.5,2.0,140.0,0.48,306.2,0.3,2.18,0.38,31.6,Synthetic Environmental Simulation,2023,53,Reported Diarrheal/Gastrointestinal Cases,Synthetic Community Health Registry,2023,Synthetic Ground Water Monitoring,2023,COMPLETE,SYNTHETIC_DEMO,-0.72,-78.45,-0.088,0,28.6,0.24,0.07,0.32,0.65,0.35,0.28,LOW
DEMO_REC_0198,Tamil Nadu,Coimbatore,Coimbatore Central,Coimbatore Station-4,76.9449,10.9726,2024,November,Post-Monsoon,6.79,942.1,612.4,231.1,11.0,193.1,0.92,380.6,0.36,3.03,0.57,-1.6,Synthetic Environmental Simulation,2024,64,Reported Diarrheal/Gastrointestinal Cases,Synthetic Community Health Registry,2024,Synthetic Ground Water Monitoring,2024,COMPLETE,SYNTHETIC_DEMO,-0.93,-101.09,-0.099,0,21.3,0.28,0.01,0.27,0.25,0.35,0.24,LOW
DEMO_REC_0199,Tamil Nadu,Madurai,Madurai Central,Madurai Station-5,78.1245,9.908,2022,May,Pre-Monsoon,7.06,1219.8,792.9,195.1,22.1,116.4,1.77,334.3,0.22,0.3,4.34,66.8,Synthetic Environmental Simulation,2022,117,Reported Diarrheal/Gastrointestinal Cases,Synthetic Community Health Registry,2022,Synthetic Ground Water Monitoring,2022,COMPLETE,SYNTHETIC_DEMO,-0.5,-54.45,-0.154,0,29.6,0.52,0.07,0.37,0.25,0.35,0.04,LOW
DEMO_REC_0200,Tamil Nadu,Tiruchirappalli,Tiruchirappalli Central,Tiruchirappalli Station-1,78.6565,10.7824,2023,May,Pre-Monsoon,7.49,2117.3,1376.2,125.2,7.2,149.3,0.31,301.0,0.54,4.31,5.56,80.2,Synthetic Environmental Simulation,2023,65,Reported Diarrheal/Gastrointestinal Cases,Synthetic Community Health Registry,2023,Synthetic Ground Water Monitoring,2023,COMPLETE,SYNTHETIC_DEMO,-0.42,-45.32,0.073,1,29.7,0.29,0.12,0.4,0.25,0.35,0.88,LOW
DEMO_REC_0201,Andhra Pradesh,Visakhapatnam,Visakhapatnam Central,Visakhapatnam Station-2,83.2217,17.6654,2024,May,Pre-Monsoon,7.73,1215.4,790.0,53.5,14.2,181.5,0.32,199.5,0.1,0.58,0.13,18.2,Synthetic Environmental Simulation,2024,118,Reported Diarrheal/Gastrointestinal Cases,Synthetic Community Health Registry,2024,Synthetic Ground Water Monitoring,2024,COMPLETE,SYNTHETIC_DEMO,-0.81,-87.59,-0.118,0,34.1,0.52,0.04,0.3,0.65,0.35,0.17,MODERATE
DEMO_REC_0202,Andhra Pradesh,Vijayawada,Vijayawada Central,Vijayawada Station-3,80.6047,16.553,2022,July,Monsoon,7.17,987.7,642.0,165.3,23.5,167.1,1.8,139.3,0.07,1.08,1.4,375.8,Synthetic Environmental Simulation,2022,73,Reported Diarrheal/Gastrointestinal Cases,Synthetic Community Health Registry,2022,Synthetic Ground Water Monitoring,2022,COMPLETE,SYNTHETIC_DEMO,1.44,156.23,-0.117,0,34.7,0.32,0.05,0.86,0.25,0.35,0.18,MODERATE
DEMO_REC_0203,Andhra Pradesh,Guntur,Guntur Central,Guntur Station-4,80.4239,16.3274,2023,July,Monsoon,7.02,1154.5,750.4,169.8,30.4,131.1,0.86,302.9,0.3,0.25,0.33,329.4,Synthetic Environmental Simulation,2023,87,Reported Diarrheal/Gastrointestinal Cases,Synthetic Community Health Registry,2023,Synthetic Ground Water Monitoring,2023,COMPLETE,SYNTHETIC_DEMO,1.15,124.59,-0.128,0,40.2,0.39,0.03,0.79,0.65,0.35,0.13,MODERATE
DEMO_REC_0204,Andhra Pradesh,Anantapur,Anantapur Central,Anantapur Station-5,77.6288,14.6903,2024,July,Monsoon,6.97,1462.9,950.9,200.5,31.3,89.9,1.23,226.0,0.07,5.53,4.16,367.6,Synthetic Environmental Simulation,2024,31,Reported Diarrheal/Gastrointestinal Cases,Synthetic Community Health Registry,2024,Synthetic Ground Water Monitoring,2024,COMPLETE,SYNTHETIC_DEMO,1.39,150.64,-0.103,0,30.3,0.14,0.06,0.85,0.25,0.35,0.23,MODERATE
DEMO_REC_0205,Assam,Kamrup Metropolitan,Kamrup Metropolitan Central,Kamrup Metropolitan Station-1,91.7467,26.1203,2022,November,Post-Monsoon,7.79,1074.7,698.6,238.1,22.2,93.8,1.37,152.5,0.15,2.22,0.62,65.7,Synthetic Environmental Simulation,2022,108,Reported Diarrheal/Gastrointestinal Cases,Synthetic Community Health Registry,2022,Synthetic Ground Water Monitoring,2022,COMPLETE,SYNTHETIC_DEMO,-0.51,-55.2,-0.114,0,34.3,0.48,0.03,0.37,0.65,0.35,0.19,MODERATE
DEMO_REC_0206,Assam,Cachar,Cachar Central,Cachar Station-2,92.7796,24.8741,2023,November,Post-Monsoon,7.31,882.3,573.5,235.4,54.0,140.9,0.71,198.1,0.84,2.53,1.18,62.8,Synthetic Environmental Simulation,2023,59,Reported Diarrheal/Gastrointestinal Cases,Synthetic Community Health Registry,2023,Synthetic Ground Water Monitoring,2023,COMPLETE,SYNTHETIC_DEMO,-0.53,-57.18,-0.073,0,23.9,0.26,0.04,0.37,0.25,0.35,0.34,LOW
DEMO_REC_0207,Arunachal Pradesh,Papum Pare,Papum Pare Central,Papum Pare Station-3,93.6163,27.1326,2024,November,Post-Monsoon,7.56,749.8,487.4,206.4,31.1,145.9,0.53,341.2,0.07,1.56,0.92,63.7,Synthetic Environmental Simulation,2024,93,Reported Diarrheal/Gastrointestinal Cases,Synthetic Community Health Registry,2024,Synthetic Ground Water Monitoring,2024,COMPLETE,SYNTHETIC_DEMO,-0.52,-56.57,-0.086,0,26.4,0.41,0.0,0.37,0.25,0.35,0.29,LOW
DEMO_REC_0208,Kerala,Wayanad,Wayanad Central,Wayanad Station-4,76.0859,11.6911,2022,May,Pre-Monsoon,7.12,767.6,498.9,163.5,44.0,145.6,1.65,244.8,0.26,0.17,0.3,57.9,Synthetic Environmental Simulation,2022,34,Reported Diarrheal/Gastrointestinal Cases,Synthetic Community Health Registry,2022,Synthetic Ground Water Monitoring,2022,COMPLETE,SYNTHETIC_DEMO,-0.56,-60.52,-0.092,0,20.0,0.15,0.01,0.36,0.25,0.35,0.27,LOW
DEMO_REC_0209,Karnataka,Raichur,Raichur Central,Raichur Station-5,77.3897,16.2479,2023,May,Pre-Monsoon,7.44,1564.6,1017.0,170.5,19.8,82.3,1.74,193.0,0.67,4.73,1.56,24.4,Synthetic Environmental Simulation,2023,69,Reported Diarrheal/Gastrointestinal Cases,Synthetic Community Health Registry,2023,Synthetic Ground Water Monitoring,2023,COMPLETE,SYNTHETIC_DEMO,-0.77,-83.36,-0.121,0,24.2,0.31,0.09,0.31,0.25,0.35,0.16,LOW
DEMO_REC_0210,Maharashtra,Latur,Latur Central,Latur Station-1,76.5724,18.4425,2024,May,Pre-Monsoon,7.65,1904.3,1237.8,261.7,40.4,181.4,1.79,253.6,0.37,1.23,0.78,76.3,Synthetic Environmental Simulation,2024,97,Reported Diarrheal/Gastrointestinal Cases,Synthetic Community Health Registry,2024,Synthetic Ground Water Monitoring,2024,COMPLETE,SYNTHETIC_DEMO,-0.44,-47.98,0.012,1,32.3,0.43,0.13,0.39,0.25,0.35,0.66,MODERATE
DEMO_REC_0211,Tamil Nadu,Salem,Salem Central,Salem Station-2,78.1339,11.7011,2022,July,Monsoon,7.76,672.5,437.1,291.0,48.1,159.9,0.99,278.6,0.84,1.75,8.94,460.6,Synthetic Environmental Simulation,2022,178,Reported Diarrheal/Gastrointestinal Cases,Synthetic Community Health Registry,2022,Synthetic Ground Water Monitoring,2022,COMPLETE,SYNTHETIC_DEMO,1.97,214.05,0.038,1,56.9,0.79,0.01,0.99,0.65,0.35,0.75,HIGH
DEMO_REC_0212,Tamil Nadu,Chennai,Chennai Central,Chennai Station-3,80.3149,13.07,2023,July,Monsoon,7.62,1200.5,780.3,230.6,6.0,167.0,0.71,310.3,0.27,0.49,3.66,228.0,Synthetic Environmental Simulation,2023,100,Reported Diarrheal/Gastrointestinal Cases,Synthetic Community Health Registry,2023,Synthetic Ground Water Monitoring,2023,COMPLETE,SYNTHETIC_DEMO,0.51,55.46,-0.09,0,39.2,0.44,0.04,0.63,0.65,0.35,0.27,MODERATE
DEMO_REC_0213,Tamil Nadu,Coimbatore,Coimbatore Central,Coimbatore Station-4,76.9511,11.0248,2024,July,Monsoon,7.13,756.2,491.5,156.8,66.4,135.4,1.62,290.1,0.26,4.49,3.09,335.4,Synthetic Environmental Simulation,2024,54,Reported Diarrheal/Gastrointestinal Cases,Synthetic Community Health Registry,2024,Synthetic Ground Water Monitoring,2024,COMPLETE,SYNTHETIC_DEMO,1.18,128.68,-0.002,0,34.4,0.24,0.09,0.8,0.25,0.35,0.6,MODERATE
DEMO_REC_0214,Tamil Nadu,Madurai,Madurai Central,Madurai Station-5,78.1401,9.9346,2022,November,Post-Monsoon,7.08,1272.3,827.0,221.7,33.8,177.5,1.05,371.0,0.65,0.33,0.67,34.9,Synthetic Environmental Simulation,2022,51,Reported Diarrheal/Gastrointestinal Cases,Synthetic Community Health Registry,2022,Synthetic Ground Water Monitoring,2022,COMPLETE,SYNTHETIC_DEMO,-0.7,-76.2,-0.138,0,21.0,0.23,0.04,0.32,0.25,0.35,0.1,LOW
DEMO_REC_0215,Tamil Nadu,Tiruchirappalli,Tiruchirappalli Central,Tiruchirappalli Station-1,78.717,10.8302,2023,November,Post-Monsoon,7.19,1359.2,883.5,170.2,13.0,132.0,1.71,303.1,0.03,1.22,0.22,31.8,Synthetic Environmental Simulation,2023,34,Reported Diarrheal/Gastrointestinal Cases,Synthetic Community Health Registry,2023,Synthetic Ground Water Monitoring,2023,COMPLETE,SYNTHETIC_DEMO,-0.72,-78.32,-0.146,0,19.6,0.15,0.07,0.32,0.25,0.35,0.07,LOW
DEMO_REC_0216,Andhra Pradesh,Visakhapatnam,Visakhapatnam Central,Visakhapatnam Station-2,83.2627,17.6423,2024,November,Post-Monsoon,6.92,1160.9,754.6,159.4,10.3,103.1,1.25,246.3,0.13,0.9,11.11,66.8,Synthetic Environmental Simulation,2024,40,Reported Diarrheal/Gastrointestinal Cases,Synthetic Community Health Registry,2024,Synthetic Ground Water Monitoring,2024,COMPLETE,SYNTHETIC_DEMO,-0.5,-54.45,-0.148,0,26.3,0.18,0.03,0.37,0.65,0.35,0.06,LOW
DEMO_REC_0217,Andhra Pradesh,Vijayawada,Vijayawada Central,Vijayawada Station-3,80.6127,16.5371,2022,May,Pre-Monsoon,7.55,1066.9,693.5,172.5,2.6,107.4,1.17,302.6,0.21,0.39,2.93,43.1,Synthetic Environmental Simulation,2022,31,Reported Diarrheal/Gastrointestinal Cases,Synthetic Community Health Registry,2022,Synthetic Ground Water Monitoring,2022,COMPLETE,SYNTHETIC_DEMO,-0.65,-70.61,-0.098,0,19.3,0.14,0.03,0.34,0.25,0.35,0.25,LOW
DEMO_REC_0218,Andhra Pradesh,Guntur,Guntur Central,Guntur Station-4,80.4849,16.3009,2023,May,Pre-Monsoon,6.49,1741.0,1131.7,122.7,10.5,102.3,0.82,296.4,0.33,0.56,0.14,45.4,Synthetic Environmental Simulation,2023,53,Reported Diarrheal/Gastrointestinal Cases,Synthetic Community Health Registry,2023,Synthetic Ground Water Monitoring,2023,COMPLETE,SYNTHETIC_DEMO,-0.64,-69.05,-0.037,0,30.5,0.24,0.09,0.34,0.65,0.35,0.47,MODERATE
DEMO_REC_0219,Andhra Pradesh,Anantapur,Anantapur Central,Anantapur Station-5,77.6271,14.6882,2024,May,Pre-Monsoon,6.18,1895.5,1232.1,277.8,33.9,91.9,1.5,304.8,0.04,3.0,1.61,63.5,Synthetic Environmental Simulation,2024,95,Reported Diarrheal/Gastrointestinal Cases,Synthetic Community Health Registry,2024,Synthetic Ground Water Monitoring,2024,COMPLETE,SYNTHETIC_DEMO,-0.52,-56.7,0.064,1,32.7,0.42,0.13,0.37,0.25,0.35,0.85,MODERATE
DEMO_REC_0220,Assam,Kamrup Metropolitan,Kamrup Metropolitan Central,Kamrup Metropolitan Station-1,91.7372,26.1763,2022,July,Monsoon,7.21,1233.0,801.5,199.7,95.5,117.1,1.7,214.1,0.04,4.82,0.54,586.6,Synthetic Environmental Simulation,2022,191,Reported Diarrheal/Gastrointestinal Cases,Synthetic Community Health Registry,2022,Synthetic Ground Water Monitoring,2022,COMPLETE,SYNTHETIC_DEMO,2.76,299.96,0.045,1,64.5,0.85,0.24,1.0,0.65,0.35,0.78,HIGH
DEMO_REC_0221,Assam,Cachar,Cachar Central,Cachar Station-2,92.7472,24.8052,2023,July,Monsoon,6.98,1491.7,969.6,191.0,7.3,101.4,0.43,369.6,0.24,4.66,4.77,366.8,Synthetic Environmental Simulation,2023,55,Reported Diarrheal/Gastrointestinal Cases,Synthetic Community Health Registry,2023,Synthetic Ground Water Monitoring,2023,COMPLETE,SYNTHETIC_DEMO,1.38,150.09,-0.096,0,33.1,0.24,0.06,0.85,0.25,0.35,0.25,MODERATE
DEMO_REC_0222,Arunachal Pradesh,Papum Pare,Papum Pare Central,Papum Pare Station-3,93.622,27.0753,2024,July,Monsoon,6.81,2085.3,1355.4,247.5,31.3,178.2,0.38,181.1,0.09,2.02,0.67,265.3,Synthetic Environmental Simulation,2024,38,Reported Diarrheal/Gastrointestinal Cases,Synthetic Community Health Registry,2024,Synthetic Ground Water Monitoring,2024,COMPLETE,SYNTHETIC_DEMO,0.74,80.89,0.064,1,32.3,0.17,0.11,0.69,0.25,0.35,0.85,MODERATE
DEMO_REC_0223,Kerala,Wayanad,Wayanad Central,Wayanad Station-4,76.1741,11.684,2022,November,Post-Monsoon,6.94,943.5,613.3,224.5,18.9,98.8,1.03,314.3,0.17,2.27,23.17,34.5,Synthetic Environmental Simulation,2022,108,Reported Diarrheal/Gastrointestinal Cases,Synthetic Community Health Registry,2022,Synthetic Ground Water Monitoring,2022,COMPLETE,SYNTHETIC_DEMO,-0.7,-76.48,-0.143,0,26.5,0.48,0.02,0.32,0.25,0.35,0.08,LOW
DEMO_REC_0224,Karnataka,Raichur,Raichur Central,Raichur Station-5,77.3637,16.2052,2023,November,Post-Monsoon,7.76,773.7,502.9,256.7,31.9,113.8,0.49,173.1,0.58,6.59,16.88,61.3,Synthetic Environmental Simulation,2023,58,Reported Diarrheal/Gastrointestinal Cases,Synthetic Community Health Registry,2023,Synthetic Ground Water Monitoring,2023,COMPLETE,SYNTHETIC_DEMO,-0.54,-58.2,-0.076,0,22.7,0.26,0.0,0.37,0.25,0.35,0.33,LOW
DEMO_REC_0225,Maharashtra,Latur,Latur Central,Latur Station-1,76.5553,18.3613,2024,November,Post-Monsoon,6.97,1315.3,854.9,217.5,4.5,162.7,0.89,243.5,0.42,0.34,4.45,60.1,Synthetic Environmental Simulation,2024,99,Reported Diarrheal/Gastrointestinal Cases,Synthetic Community Health Registry,2024,Synthetic Ground Water Monitoring,2024,COMPLETE,SYNTHETIC_DEMO,-0.54,-59.02,-0.12,0,27.5,0.44,0.05,0.36,0.25,0.35,0.16,LOW
DEMO_REC_0226,Tamil Nadu,Salem,Salem Central,Salem Station-2,78.1887,11.6978,2022,May,Pre-Monsoon,6.75,697.9,453.6,138.3,7.7,115.1,0.72,154.5,0.12,0.87,0.13,31.9,Synthetic Environmental Simulation,2022,117,Reported Diarrheal/Gastrointestinal Cases,Synthetic Community Health Registry,2022,Synthetic Ground Water Monitoring,2022,COMPLETE,SYNTHETIC_DEMO,-0.72,-78.25,-0.067,0,34.5,0.52,0.0,0.32,0.65,0.35,0.36,MODERATE
DEMO_REC_0227,Tamil Nadu,Chennai,Chennai Central,Chennai Station-3,80.2818,13.0592,2023,May,Pre-Monsoon,6.73,1601.4,1040.9,206.7,25.6,150.7,1.79,390.5,0.11,1.04,0.25,12.2,Synthetic Environmental Simulation,2023,96,Reported Diarrheal/Gastrointestinal Cases,Synthetic Community Health Registry,2023,Synthetic Ground Water Monitoring,2023,COMPLETE,SYNTHETIC_DEMO,-0.84,-91.68,-0.095,0,33.5,0.43,0.1,0.29,0.65,0.35,0.26,MODERATE
DEMO_REC_0228,Tamil Nadu,Coimbatore,Coimbatore Central,Coimbatore Station-4,76.9599,11.066,2024,May,Pre-Monsoon,7.04,714.1,464.2,219.9,16.8,85.5,0.71,231.7,0.73,0.52,0.02,5.1,Synthetic Environmental Simulation,2024,87,Reported Diarrheal/Gastrointestinal Cases,Synthetic Community Health Registry,2024,Synthetic Ground Water Monitoring,2024,COMPLETE,SYNTHETIC_DEMO,-0.89,-96.52,-0.091,0,23.8,0.39,0.0,0.28,0.25,0.35,0.27,LOW
DEMO_REC_0229,Tamil Nadu,Madurai,Madurai Central,Madurai Station-5,78.1452,9.9503,2022,July,Monsoon,7.55,1258.3,817.9,215.0,30.1,86.8,0.9,411.1,0.65,5.65,7.2,422.2,Synthetic Environmental Simulation,2022,15,Reported Diarrheal/Gastrointestinal Cases,Synthetic Community Health Registry,2022,Synthetic Ground Water Monitoring,2022,COMPLETE,SYNTHETIC_DEMO,1.73,187.87,-0.073,0,30.3,0.07,0.04,0.93,0.25,0.35,0.34,MODERATE
DEMO_REC_0230,Tamil Nadu,Tiruchirappalli,Tiruchirappalli Central,Tiruchirappalli Station-1,78.7277,10.7845,2023,July,Monsoon,6.76,1250.9,813.1,159.2,31.2,134.4,1.03,306.1,0.9,0.37,3.97,254.1,Synthetic Environmental Simulation,2023,39,Reported Diarrheal/Gastrointestinal Cases,Synthetic Community Health Registry,2023,Synthetic Ground Water Monitoring,2023,COMPLETE,SYNTHETIC_DEMO,0.67,73.25,-0.111,0,27.0,0.17,0.04,0.67,0.25,0.35,0.2,LOW
DEMO_REC_0231,Andhra Pradesh,Visakhapatnam,Visakhapatnam Central,Visakhapatnam Station-2,83.1802,17.6532,2024,July,Monsoon,7.56,1237.0,804.1,137.7,46.7,186.8,1.65,340.7,0.15,0.99,0.03,362.0,Synthetic Environmental Simulation,2024,19,Reported Diarrheal/Gastrointestinal Cases,Synthetic Community Health Registry,2024,Synthetic Ground Water Monitoring,2024,COMPLETE,SYNTHETIC_DEMO,1.35,146.82,-0.07,0,35.4,0.08,0.06,0.84,0.65,0.35,0.35,MODERATE
DEMO_REC_0232,Andhra Pradesh,Vijayawada,Vijayawada Central,Vijayawada Station-3,80.6056,16.4661,2022,November,Post-Monsoon,7.4,944.0,613.6,196.1,16.4,112.2,1.48,346.5,0.6,0.63,6.19,75.3,Synthetic Environmental Simulation,2022,91,Reported Diarrheal/Gastrointestinal Cases,Synthetic Community Health Registry,2022,Synthetic Ground Water Monitoring,2022,COMPLETE,SYNTHETIC_DEMO,-0.45,-48.66,-0.136,0,26.0,0.4,0.02,0.39,0.25,0.35,0.1,LOW
DEMO_REC_0233,Andhra Pradesh,Guntur,Guntur Central,Guntur Station-4,80.4161,16.3135,2023,November,Post-Monsoon,7.17,1357.7,882.5,172.7,14.0,105.5,0.64,421.6,0.29,0.73,2.59,66.7,Synthetic Environmental Simulation,2023,95,Reported Diarrheal/Gastrointestinal Cases,Synthetic Community Health Registry,2023,Synthetic Ground Water Monitoring,2023,COMPLETE,SYNTHETIC_DEMO,-0.5,-54.52,-0.146,0,32.9,0.42,0.05,0.37,0.65,0.35,0.07,MODERATE
DEMO_REC_0234,Andhra Pradesh,Anantapur,Anantapur Central,Anantapur Station-5,77.6402,14.6395,2024,November,Post-Monsoon,7.01,1029.1,668.9,120.8,27.2,126.9,1.55,332.3,0.25,0.5,0.45,40.2,Synthetic Environmental Simulation,2024,29,Reported Diarrheal/Gastrointestinal Cases,Synthetic Community Health Registry,2024,Synthetic Ground Water Monitoring,2024,COMPLETE,SYNTHETIC_DEMO,-0.67,-72.59,-0.152,0,18.0,0.13,0.03,0.33,0.25,0.35,0.04,LOW
DEMO_REC_0235,Assam,Kamrup Metropolitan,Kamrup Metropolitan Central,Kamrup Metropolitan Station-1,91.7247,26.1769,2022,May,Pre-Monsoon,6.45,1064.0,691.6,202.5,23.1,119.1,0.91,241.5,0.05,2.67,10.64,79.5,Synthetic Environmental Simulation,2022,27,Reported Diarrheal/Gastrointestinal Cases,Synthetic Community Health Registry,2022,Synthetic Ground Water Monitoring,2022,COMPLETE,SYNTHETIC_DEMO,-0.42,-45.8,-0.093,0,26.2,0.12,0.03,0.39,0.65,0.35,0.27,LOW
DEMO_REC_0236,Assam,Cachar,Cachar Central,Cachar Station-2,92.7528,24.8057,2023,May,Pre-Monsoon,7.4,1742.6,1132.7,231.6,21.1,167.1,0.65,310.7,0.01,0.96,1.73,48.4,Synthetic Environmental Simulation,2023,85,Reported Diarrheal/Gastrointestinal Cases,Synthetic Community Health Registry,2023,Synthetic Ground Water Monitoring,2023,COMPLETE,SYNTHETIC_DEMO,-0.62,-67.0,-0.078,0,27.3,0.38,0.08,0.35,0.25,0.35,0.32,LOW
DEMO_REC_0237,Arunachal Pradesh,Papum Pare,Papum Pare Central,Papum Pare Station-3,93.5806,27.0755,2024,May,Pre-Monsoon,6.77,574.6,373.5,244.3,43.8,77.9,0.54,250.3,0.53,0.11,1.63,14.7,Synthetic Environmental Simulation,2024,38,Reported Diarrheal/Gastrointestinal Cases,Synthetic Community Health Registry,2024,Synthetic Ground Water Monitoring,2024,COMPLETE,SYNTHETIC_DEMO,-0.83,-89.98,-0.024,0,19.9,0.17,0.0,0.29,0.25,0.35,0.52,LOW
DEMO_REC_0238,Kerala,Wayanad,Wayanad Central,Wayanad Station-4,76.1082,11.7323,2022,July,Monsoon,7.33,1512.9,983.4,67.2,13.2,96.8,0.77,242.4,0.11,0.11,4.56,296.3,Synthetic Environmental Simulation,2022,53,Reported Diarrheal/Gastrointestinal Cases,Synthetic Community Health Registry,2022,Synthetic Ground Water Monitoring,2022,COMPLETE,SYNTHETIC_DEMO,0.94,102.02,-0.096,0,30.7,0.24,0.06,0.73,0.25,0.35,0.25,MODERATE
DEMO_REC_0239,Karnataka,Raichur,Raichur Central,Raichur Station-5,77.3787,16.2307,2023,July,Monsoon,7.29,1113.0,723.5,187.0,45.0,145.6,0.68,264.0,0.56,1.65,2.17,380.6,Synthetic Environmental Simulation,2023,77,Reported Diarrheal/Gastrointestinal Cases,Synthetic Community Health Registry,2023,Synthetic Ground Water Monitoring,2023,COMPLETE,SYNTHETIC_DEMO,1.47,159.5,-0.087,0,35.3,0.34,0.03,0.87,0.25,0.35,0.29,MODERATE
DEMO_REC_0240,Maharashtra,Latur,Latur Central,Latur Station-1,76.511,18.386,2024,July,Monsoon,6.49,1727.7,1123.0,232.1,11.1,140.4,1.72,381.0,0.09,11.6,0.08,277.3,Synthetic Environmental Simulation,2024,74,Reported Diarrheal/Gastrointestinal Cases,Synthetic Community Health Registry,2024,Synthetic Ground Water Monitoring,2024,COMPLETE,SYNTHETIC_DEMO,0.82,89.07,-0.009,0,35.1,0.33,0.11,0.7,0.25,0.35,0.58,MODERATE
DEMO_REC_0241,Tamil Nadu,Salem,Salem Central,Salem Station-2,78.142,11.6334,2022,November,Post-Monsoon,6.49,981.4,637.9,227.5,17.1,126.5,0.96,200.9,0.48,3.22,3.52,66.7,Synthetic Environmental Simulation,2022,39,Reported Diarrheal/Gastrointestinal Cases,Synthetic Community Health Registry,2022,Synthetic Ground Water Monitoring,2022,COMPLETE,SYNTHETIC_DEMO,-0.5,-54.52,-0.097,0,26.8,0.17,0.02,0.37,0.65,0.35,0.25,LOW
DEMO_REC_0242,Tamil Nadu,Chennai,Chennai Central,Chennai Station-3,80.2809,13.0989,2023,November,Post-Monsoon,6.97,1030.8,670.0,161.3,11.9,102.2,1.6,269.5,0.02,0.1,2.56,59.8,Synthetic Environmental Simulation,2023,32,Reported Diarrheal/Gastrointestinal Cases,Synthetic Community Health Registry,2023,Synthetic Ground Water Monitoring,2023,COMPLETE,SYNTHETIC_DEMO,-0.55,-59.23,-0.145,0,25.2,0.14,0.03,0.36,0.65,0.35,0.07,LOW
DEMO_REC_0243,Tamil Nadu,Coimbatore,Coimbatore Central,Coimbatore Station-4,76.9789,11.0526,2024,November,Post-Monsoon,6.76,915.8,595.3,250.6,8.4,205.0,1.43,377.5,0.04,1.8,0.65,41.3,Synthetic Environmental Simulation,2024,57,Reported Diarrheal/Gastrointestinal Cases,Synthetic Community Health Registry,2024,Synthetic Ground Water Monitoring,2024,COMPLETE,SYNTHETIC_DEMO,-0.66,-71.84,-0.121,0,21.4,0.25,0.01,0.33,0.25,0.35,0.16,LOW
DEMO_REC_0244,Tamil Nadu,Madurai,Madurai Central,Madurai Station-5,78.0922,9.9558,2022,May,Pre-Monsoon,6.87,1422.5,924.6,174.5,12.6,88.6,0.81,330.8,0.02,1.7,1.75,29.5,Synthetic Environmental Simulation,2022,81,Reported Diarrheal/Gastrointestinal Cases,Synthetic Community Health Registry,2022,Synthetic Ground Water Monitoring,2022,COMPLETE,SYNTHETIC_DEMO,-0.74,-79.89,-0.136,0,24.5,0.36,0.06,0.32,0.25,0.35,0.1,LOW
DEMO_REC_0245,Tamil Nadu,Tiruchirappalli,Tiruchirappalli Central,Tiruchirappalli Station-1,78.7241,10.7889,2023,May,Pre-Monsoon,6.62,1294.9,841.7,132.1,11.3,179.0,0.82,305.6,0.16,0.34,0.56,51.3,Synthetic Environmental Simulation,2023,33,Reported Diarrheal/Gastrointestinal Cases,Synthetic Community Health Registry,2023,Synthetic Ground Water Monitoring,2023,COMPLETE,SYNTHETIC_DEMO,-0.6,-65.02,-0.118,0,19.9,0.15,0.05,0.35,0.25,0.35,0.17,LOW
DEMO_REC_0246,Andhra Pradesh,Visakhapatnam,Visakhapatnam Central,Visakhapatnam Station-2,83.1878,17.7065,2024,May,Pre-Monsoon,7.68,739.0,480.4,164.4,34.6,141.4,0.64,170.0,0.33,4.37,3.35,35.0,Synthetic Environmental Simulation,2024,18,Reported Diarrheal/Gastrointestinal Cases,Synthetic Community Health Registry,2024,Synthetic Ground Water Monitoring,2024,COMPLETE,SYNTHETIC_DEMO,-0.7,-76.14,-0.07,0,23.5,0.08,0.0,0.32,0.65,0.35,0.35,LOW
DEMO_REC_0247,Andhra Pradesh,Vijayawada,Vijayawada Central,Vijayawada Station-3,80.6025,16.4668,2022,July,Monsoon,7.39,1928.4,1253.5,32.3,24.1,103.8,1.44,202.4,0.21,2.54,12.63,287.0,Synthetic Environmental Simulation,2022,24,Reported Diarrheal/Gastrointestinal Cases,Synthetic Community Health Registry,2022,Synthetic Ground Water Monitoring,2022,COMPLETE,SYNTHETIC_DEMO,0.88,95.68,0.013,1,30.1,0.11,0.1,0.72,0.25,0.35,0.66,MODERATE
DEMO_REC_0248,Andhra Pradesh,Guntur,Guntur Central,Guntur Station-4,80.4195,16.2994,2023,July,Monsoon,7.8,1600.6,1040.4,189.3,23.4,134.9,1.53,390.2,0.0,4.26,0.12,346.6,Synthetic Environmental Simulation,2023,111,Reported Diarrheal/Gastrointestinal Cases,Synthetic Community Health Registry,2023,Synthetic Ground Water Monitoring,2023,COMPLETE,SYNTHETIC_DEMO,1.25,136.32,-0.034,0,46.1,0.49,0.08,0.81,0.65,0.35,0.48,MODERATE
DEMO_REC_0249,Andhra Pradesh,Anantapur,Anantapur Central,Anantapur Station-5,77.5701,14.6811,2024,July,Monsoon,7.67,1423.1,925.0,245.5,28.0,115.2,0.44,258.6,1.0,0.36,0.49,381.5,Synthetic Environmental Simulation,2024,111,Reported Diarrheal/Gastrointestinal Cases,Synthetic Community Health Registry,2024,Synthetic Ground Water Monitoring,2024,COMPLETE,SYNTHETIC_DEMO,1.47,160.11,-0.068,0,40.1,0.49,0.06,0.87,0.25,0.35,0.36,MODERATE
DEMO_REC_0250,Assam,Kamrup Metropolitan,Kamrup Metropolitan Central,Kamrup Metropolitan Station-1,91.7609,26.157,2022,November,Post-Monsoon,7.18,1299.3,844.5,165.7,8.3,46.0,1.69,248.7,0.0,0.21,0.9,4.5,Synthetic Environmental Simulation,2022,34,Reported Diarrheal/Gastrointestinal Cases,Synthetic Community Health Registry,2022,Synthetic Ground Water Monitoring,2022,COMPLETE,SYNTHETIC_DEMO,-0.89,-96.93,-0.132,0,24.8,0.15,0.06,0.28,0.65,0.35,0.12,LOW
DEMO_REC_0251,Assam,Cachar,Cachar Central,Cachar Station-2,92.8066,24.8316,2023,November,Post-Monsoon,7.68,1522.3,989.5,173.6,80.7,164.0,1.19,248.6,0.05,0.06,1.35,69.3,Synthetic Environmental Simulation,2023,102,Reported Diarrheal/Gastrointestinal Cases,Synthetic Community Health Registry,2023,Synthetic Ground Water Monitoring,2023,COMPLETE,SYNTHETIC_DEMO,-0.49,-52.75,-0.003,0,34.0,0.45,0.2,0.38,0.25,0.35,0.6,MODERATE
DEMO_REC_0252,Arunachal Pradesh,Papum Pare,Papum Pare Central,Papum Pare Station-3,93.6617,27.0841,2024,November,Post-Monsoon,7.27,826.3,537.1,191.4,16.0,55.0,1.35,288.3,0.34,2.85,8.75,48.0,Synthetic Environmental Simulation,2024,81,Reported Diarrheal/Gastrointestinal Cases,Synthetic Community Health Registry,2024,Synthetic Ground Water Monitoring,2024,COMPLETE,SYNTHETIC_DEMO,-0.62,-67.27,-0.127,0,24.0,0.36,0.0,0.35,0.25,0.35,0.14,LOW
DEMO_REC_0253,Kerala,Wayanad,Wayanad Central,Wayanad Station-4,76.1576,11.6608,2022,May,Pre-Monsoon,6.88,1068.6,694.6,176.4,12.5,117.1,0.78,40.9,0.67,2.59,1.02,57.7,Synthetic Environmental Simulation,2022,45,Reported Diarrheal/Gastrointestinal Cases,Synthetic Community Health Registry,2022,Synthetic Ground Water Monitoring,2022,COMPLETE,SYNTHETIC_DEMO,-0.56,-60.66,-0.148,0,20.4,0.2,0.03,0.36,0.25,0.35,0.06,LOW
DEMO_REC_0254,Karnataka,Raichur,Raichur Central,Raichur Station-5,77.3517,16.1899,2023,May,Pre-Monsoon,7.07,1666.3,1083.1,153.0,23.7,72.9,1.02,220.3,0.02,5.55,1.87,41.3,Synthetic Environmental Simulation,2023,72,Reported Diarrheal/Gastrointestinal Cases,Synthetic Community Health Registry,2023,Synthetic Ground Water Monitoring,2023,COMPLETE,SYNTHETIC_DEMO,-0.66,-71.84,-0.107,0,24.9,0.32,0.08,0.33,0.25,0.35,0.21,LOW
DEMO_REC_0255,Maharashtra,Latur,Latur Central,Latur Station-1,76.5422,18.4064,2024,May,Pre-Monsoon,7.66,1187.8,772.1,219.3,58.3,149.5,0.48,370.5,0.26,0.74,4.89,47.4,Synthetic Environmental Simulation,2024,27,Reported Diarrheal/Gastrointestinal Cases,Synthetic Community Health Registry,2024,Synthetic Ground Water Monitoring,2024,COMPLETE,SYNTHETIC_DEMO,-0.62,-67.68,-0.074,0,20.9,0.12,0.08,0.34,0.25,0.35,0.33,LOW
DEMO_REC_0256,Tamil Nadu,Salem,Salem Central,Salem Station-2,78.1245,11.6169,2022,July,Monsoon,7.13,1930.1,1254.6,165.2,43.0,111.6,1.75,276.0,0.26,1.95,0.27,411.6,Synthetic Environmental Simulation,2022,207,Reported Diarrheal/Gastrointestinal Cases,Synthetic Community Health Registry,2022,Synthetic Ground Water Monitoring,2022,COMPLETE,SYNTHETIC_DEMO,1.66,180.64,0.036,1,61.4,0.92,0.13,0.92,0.65,0.35,0.74,HIGH
DEMO_REC_0257,Tamil Nadu,Chennai,Chennai Central,Chennai Station-3,80.3182,13.1159,2023,July,Monsoon,6.9,1184.3,769.8,171.8,18.9,58.5,0.9,293.4,0.27,2.65,0.5,323.5,Synthetic Environmental Simulation,2023,66,Reported Diarrheal/Gastrointestinal Cases,Synthetic Community Health Registry,2023,Synthetic Ground Water Monitoring,2023,COMPLETE,SYNTHETIC_DEMO,1.11,120.57,-0.121,0,37.8,0.29,0.04,0.78,0.65,0.35,0.16,MODERATE
DEMO_REC_0258,Tamil Nadu,Coimbatore,Coimbatore Central,Coimbatore Station-4,76.9423,11.0398,2024,July,Monsoon,7.36,1018.3,661.9,205.1,75.7,182.9,0.84,251.9,0.44,3.03,1.21,306.0,Synthetic Environmental Simulation,2024,18,Reported Diarrheal/Gastrointestinal Cases,Synthetic Community Health Registry,2024,Synthetic Ground Water Monitoring,2024,COMPLETE,SYNTHETIC_DEMO,1.0,108.64,-0.023,0,30.2,0.08,0.13,0.75,0.25,0.35,0.52,MODERATE
DEMO_REC_0259,Tamil Nadu,Madurai,Madurai Central,Madurai Station-5,78.1454,9.9148,2022,November,Post-Monsoon,6.3,787.5,511.9,131.1,23.6,99.2,0.81,267.6,0.21,0.44,3.22,21.9,Synthetic Environmental Simulation,2022,93,Reported Diarrheal/Gastrointestinal Cases,Synthetic Community Health Registry,2022,Synthetic Ground Water Monitoring,2022,COMPLETE,SYNTHETIC_DEMO,-0.78,-85.07,-0.025,0,26.8,0.41,0.02,0.3,0.25,0.35,0.52,LOW
DEMO_REC_0260,Tamil Nadu,Tiruchirappalli,Tiruchirappalli Central,Tiruchirappalli Station-1,78.7533,10.7857,2023,November,Post-Monsoon,6.53,916.2,595.5,66.3,77.8,78.2,1.4,257.7,0.06,0.76,2.23,37.8,Synthetic Environmental Simulation,2023,64,Reported Diarrheal/Gastrointestinal Cases,Synthetic Community Health Registry,2023,Synthetic Ground Water Monitoring,2023,COMPLETE,SYNTHETIC_DEMO,-0.68,-74.23,0.004,1,27.4,0.28,0.13,0.33,0.25,0.35,0.63,LOW
DEMO_REC_0261,Andhra Pradesh,Visakhapatnam,Visakhapatnam Central,Visakhapatnam Station-2,83.2023,17.6769,2024,November,Post-Monsoon,7.09,862.4,560.6,143.6,28.9,122.8,1.19,228.9,0.62,2.15,1.27,48.7,Synthetic Environmental Simulation,2024,57,Reported Diarrheal/Gastrointestinal Cases,Synthetic Community Health Registry,2024,Synthetic Ground Water Monitoring,2024,COMPLETE,SYNTHETIC_DEMO,-0.61,-66.8,-0.131,0,27.3,0.25,0.01,0.35,0.65,0.35,0.12,LOW
DEMO_REC_0262,Andhra Pradesh,Vijayawada,Vijayawada Central,Vijayawada Station-3,80.6888,16.5128,2022,May,Pre-Monsoon,7.76,648.1,421.3,168.9,10.0,79.8,1.19,317.9,0.53,0.21,1.94,74.8,Synthetic Environmental Simulation,2022,26,Reported Diarrheal/Gastrointestinal Cases,Synthetic Community Health Registry,2022,Synthetic Ground Water Monitoring,2022,COMPLETE,SYNTHETIC_DEMO,-0.45,-49.0,-0.041,0,20.2,0.12,0.0,0.39,0.25,0.35,0.46,LOW
DEMO_REC_0263,Andhra Pradesh,Guntur,Guntur Central,Guntur Station-4,80.4648,16.3396,2023,May,Pre-Monsoon,7.28,1165.4,757.5,53.4,27.5,126.5,1.02,315.4,0.5,7.52,0.07,33.2,Synthetic Environmental Simulation,2023,76,Reported Diarrheal/Gastrointestinal Cases,Synthetic Community Health Registry,2023,Synthetic Ground Water Monitoring,2023,COMPLETE,SYNTHETIC_DEMO,-0.71,-77.36,-0.161,0,29.0,0.34,0.03,0.32,0.65,0.35,0.01,LOW
DEMO_REC_0264,Andhra Pradesh,Anantapur,Anantapur Central,Anantapur Station-5,77.6116,14.6671,2024,May,Pre-Monsoon,7.54,1122.8,729.8,198.2,16.2,127.9,1.55,260.2,0.07,0.77,2.1,17.7,Synthetic Environmental Simulation,2024,102,Reported Diarrheal/Gastrointestinal Cases,Synthetic Community Health Registry,2024,Synthetic Ground Water Monitoring,2024,COMPLETE,SYNTHETIC_DEMO,-0.81,-87.93,-0.137,0,25.9,0.45,0.04,0.3,0.25,0.35,0.1,LOW
DEMO_REC_0265,Assam,Kamrup Metropolitan,Kamrup Metropolitan Central,Kamrup Metropolitan Station-1,91.7688,26.15,2022,July,Monsoon,7.7,1400.8,910.5,112.8,96.1,137.7,1.24,183.4,0.02,2.32,4.33,526.3,Synthetic Environmental Simulation,2022,220,Reported Diarrheal/Gastrointestinal Cases,Synthetic Community Health Registry,2022,Synthetic Ground Water Monitoring,2022,COMPLETE,SYNTHETIC_DEMO,2.38,258.84,0.066,1,68.0,0.98,0.24,1.0,0.65,0.35,0.86,HIGH
DEMO_REC_0266,Assam,Cachar,Cachar Central,Cachar Station-2,92.7832,24.867,2023,July,Monsoon,7.77,695.0,451.8,220.7,9.4,156.1,1.73,255.0,0.65,0.79,0.65,299.2,Synthetic Environmental Simulation,2023,81,Reported Diarrheal/Gastrointestinal Cases,Synthetic Community Health Registry,2023,Synthetic Ground Water Monitoring,2023,COMPLETE,SYNTHETIC_DEMO,0.96,104.0,-0.016,0,34.4,0.36,0.02,0.74,0.25,0.35,0.55,MODERATE
DEMO_REC_0267,Arunachal Pradesh,Papum Pare,Papum Pare Central,Papum Pare Station-3,93.6274,27.0571,2024,July,Monsoon,7.2,1554.7,1010.6,188.8,22.9,73.2,1.27,243.4,0.02,0.47,0.41,393.9,Synthetic Environmental Simulation,2024,40,Reported Diarrheal/Gastrointestinal Cases,Synthetic Community Health Registry,2024,Synthetic Ground Water Monitoring,2024,COMPLETE,SYNTHETIC_DEMO,1.55,168.57,-0.087,0,32.6,0.18,0.07,0.89,0.25,0.35,0.29,MODERATE
DEMO_REC_0268,Kerala,Wayanad,Wayanad Central,Wayanad Station-4,76.1501,11.7111,2022,November,Post-Monsoon,7.64,1522.6,989.7,154.9,16.2,160.2,0.92,225.4,0.32,2.17,0.07,46.0,Synthetic Environmental Simulation,2022,38,Reported Diarrheal/Gastrointestinal Cases,Synthetic Community Health Registry,2022,Synthetic Ground Water Monitoring,2022,COMPLETE,SYNTHETIC_DEMO,-0.63,-68.64,-0.12,0,20.8,0.17,0.07,0.34,0.25,0.35,0.16,LOW
DEMO_REC_0269,Karnataka,Raichur,Raichur Central,Raichur Station-5,77.3356,16.1891,2023,November,Post-Monsoon,7.4,1085.5,705.6,211.0,16.9,156.4,1.12,341.2,0.02,0.82,1.29,44.0,Synthetic Environmental Simulation,2023,89,Reported Diarrheal/Gastrointestinal Cases,Synthetic Community Health Registry,2023,Synthetic Ground Water Monitoring,2023,COMPLETE,SYNTHETIC_DEMO,-0.64,-70.0,-0.152,0,24.8,0.4,0.03,0.34,0.25,0.35,0.04,LOW
DEMO_REC_0270,Maharashtra,Latur,Latur Central,Latur Station-1,76.5429,18.4432,2024,November,Post-Monsoon,7.24,1216.0,790.4,267.9,18.8,143.7,0.33,388.3,0.06,4.16,0.96,29.6,Synthetic Environmental Simulation,2024,42,Reported Diarrheal/Gastrointestinal Cases,Synthetic Community Health Registry,2024,Synthetic Ground Water Monitoring,2024,COMPLETE,SYNTHETIC_DEMO,-0.73,-79.82,-0.156,0,19.3,0.19,0.04,0.32,0.25,0.35,0.03,LOW
DEMO_REC_0271,Tamil Nadu,Salem,Salem Central,Salem Station-2,78.1826,11.6947,2022,May,Pre-Monsoon,7.76,1255.9,816.3,244.0,14.8,42.4,0.9,291.8,0.04,2.81,1.51,45.1,Synthetic Environmental Simulation,2022,60,Reported Diarrheal/Gastrointestinal Cases,Synthetic Community Health Registry,2022,Synthetic Ground Water Monitoring,2022,COMPLETE,SYNTHETIC_DEMO,-0.64,-69.25,-0.125,0,28.5,0.27,0.04,0.34,0.65,0.35,0.14,LOW
DEMO_REC_0272,Tamil Nadu,Chennai,Chennai Central,Chennai Station-3,80.2937,13.0338,2023,May,Pre-Monsoon,6.51,1859.1,1208.4,129.9,16.4,157.6,1.35,211.2,0.27,6.98,1.29,59.9,Synthetic Environmental Simulation,2023,117,Reported Diarrheal/Gastrointestinal Cases,Synthetic Community Health Registry,2023,Synthetic Ground Water Monitoring,2023,COMPLETE,SYNTHETIC_DEMO,-0.54,-59.16,-0.006,0,38.8,0.52,0.09,0.36,0.65,0.35,0.59,MODERATE
DEMO_REC_0273,Tamil Nadu,Coimbatore,Coimbatore Central,Coimbatore Station-4,76.9628,11.0221,2024,May,Pre-Monsoon,6.71,1437.6,934.4,240.2,9.9,98.2,1.15,346.0,0.25,3.98,3.98,23.5,Synthetic Environmental Simulation,2024,59,Reported Diarrheal/Gastrointestinal Cases,Synthetic Community Health Registry,2024,Synthetic Ground Water Monitoring,2024,COMPLETE,SYNTHETIC_DEMO,-0.77,-83.98,-0.12,0,22.2,0.26,0.06,0.31,0.25,0.35,0.16,LOW
DEMO_REC_0274,Tamil Nadu,Madurai,Madurai Central,Madurai Station-5,78.0831,9.924,2022,July,Monsoon,6.99,651.2,423.3,305.6,25.9,119.9,0.73,262.9,0.4,0.06,2.64,239.8,Synthetic Environmental Simulation,2022,32,Reported Diarrheal/Gastrointestinal Cases,Synthetic Community Health Registry,2022,Synthetic Ground Water Monitoring,2022,COMPLETE,SYNTHETIC_DEMO,0.58,63.5,-0.057,0,25.7,0.14,0.0,0.65,0.25,0.35,0.4,LOW
DEMO_REC_0275,Tamil Nadu,Tiruchirappalli,Tiruchirappalli Central,Tiruchirappalli Station-1,78.6909,10.8119,2023,July,Monsoon,7.18,1073.0,697.5,177.8,12.6,57.4,0.48,151.9,0.3,4.13,2.84,393.6,Synthetic Environmental Simulation,2023,68,Reported Diarrheal/Gastrointestinal Cases,Synthetic Community Health Registry,2023,Synthetic Ground Water Monitoring,2023,COMPLETE,SYNTHETIC_DEMO,1.55,168.36,-0.115,0,34.1,0.3,0.03,0.89,0.25,0.35,0.18,MODERATE
DEMO_REC_0276,Andhra Pradesh,Visakhapatnam,Visakhapatnam Central,Visakhapatnam Station-2,83.2257,17.7281,2024,July,Monsoon,6.97,923.5,600.3,142.5,11.7,194.4,0.94,379.9,0.29,0.21,0.28,326.4,Synthetic Environmental Simulation,2024,32,Reported Diarrheal/Gastrointestinal Cases,Synthetic Community Health Registry,2024,Synthetic Ground Water Monitoring,2024,COMPLETE,SYNTHETIC_DEMO,1.13,122.55,-0.098,0,34.0,0.14,0.01,0.78,0.65,0.35,0.25,MODERATE
DEMO_REC_0277,Andhra Pradesh,Vijayawada,Vijayawada Central,Vijayawada Station-3,80.638,16.4845,2022,November,Post-Monsoon,6.68,1667.9,1084.1,295.2,44.5,68.2,1.29,316.0,1.74,3.18,1.02,49.0,Synthetic Environmental Simulation,2022,22,Reported Diarrheal/Gastrointestinal Cases,Synthetic Community Health Registry,2022,Synthetic Ground Water Monitoring,2022,COMPLETE,SYNTHETIC_DEMO,-0.61,-66.59,-0.047,0,22.0,0.1,0.13,0.35,0.25,0.35,0.44,LOW
DEMO_REC_0278,Andhra Pradesh,Guntur,Guntur Central,Guntur Station-4,80.4185,16.3205,2023,November,Post-Monsoon,6.47,829.5,539.2,186.8,70.2,162.4,0.43,316.0,0.15,1.17,6.52,41.6,Synthetic Environmental Simulation,2023,34,Reported Diarrheal/Gastrointestinal Cases,Synthetic Community Health Registry,2023,Synthetic Ground Water Monitoring,2023,COMPLETE,SYNTHETIC_DEMO,-0.66,-71.64,0.002,1,29.3,0.15,0.1,0.34,0.65,0.35,0.62,LOW
DEMO_REC_0279,Andhra Pradesh,Anantapur,Anantapur Central,Anantapur Station-5,77.5637,14.6713,2024,November,Post-Monsoon,7.13,1618.2,1051.8,181.1,37.3,68.9,0.77,422.3,0.41,0.66,1.56,26.0,Synthetic Environmental Simulation,2024,97,Reported Diarrheal/Gastrointestinal Cases,Synthetic Community Health Registry,2024,Synthetic Ground Water Monitoring,2024,COMPLETE,SYNTHETIC_DEMO,-0.76,-82.27,-0.092,0,27.4,0.43,0.07,0.31,0.25,0.35,0.27,LOW
DEMO_REC_0280,Assam,Kamrup Metropolitan,Kamrup Metropolitan Central,Kamrup Metropolitan Station-1,91.7784,26.1468,2022,May,Pre-Monsoon,7.39,1356.1,881.5,232.6,11.8,134.1,1.26,211.7,0.01,3.88,7.01,61.0,Synthetic Environmental Simulation,2022,96,Reported Diarrheal/Gastrointestinal Cases,Synthetic Community Health Registry,2022,Synthetic Ground Water Monitoring,2022,COMPLETE,SYNTHETIC_DEMO,-0.54,-58.41,-0.143,0,32.9,0.43,0.05,0.37,0.65,0.35,0.08,MODERATE
DEMO_REC_0281,Assam,Cachar,Cachar Central,Cachar Station-2,92.8098,24.815,2023,May,Pre-Monsoon,6.96,1067.9,694.1,200.4,33.3,139.3,0.52,304.9,0.34,1.01,2.08,47.8,Synthetic Environmental Simulation,2023,38,Reported Diarrheal/Gastrointestinal Cases,Synthetic Community Health Registry,2023,Synthetic Ground Water Monitoring,2023,COMPLETE,SYNTHETIC_DEMO,-0.62,-67.41,-0.139,0,19.5,0.17,0.03,0.34,0.25,0.35,0.09,LOW
DEMO_REC_0282,Arunachal Pradesh,Papum Pare,Papum Pare Central,Papum Pare Station-3,93.5944,27.0731,2024,May,Pre-Monsoon,7.04,1139.0,740.4,174.5,9.7,106.3,1.47,331.9,0.49,10.77,2.73,49.6,Synthetic Environmental Simulation,2024,49,Reported Diarrheal/Gastrointestinal Cases,Synthetic Community Health Registry,2024,Synthetic Ground Water Monitoring,2024,COMPLETE,SYNTHETIC_DEMO,-0.61,-66.18,-0.159,0,20.5,0.22,0.03,0.35,0.25,0.35,0.02,LOW
DEMO_REC_0283,Kerala,Wayanad,Wayanad Central,Wayanad Station-4,76.0989,11.7227,2022,July,Monsoon,6.94,1225.6,796.6,162.5,17.8,156.7,0.55,293.4,0.06,3.19,2.15,430.6,Synthetic Environmental Simulation,2022,95,Reported Diarrheal/Gastrointestinal Cases,Synthetic Community Health Registry,2022,Synthetic Ground Water Monitoring,2022,COMPLETE,SYNTHETIC_DEMO,1.78,193.59,-0.1,0,38.9,0.42,0.04,0.95,0.25,0.35,0.24,MODERATE
DEMO_REC_0284,Karnataka,Raichur,Raichur Central,Raichur Station-5,77.3792,16.2037,2023,July,Monsoon,7.41,1493.8,971.0,232.9,45.4,132.6,0.47,325.6,0.16,5.44,0.15,326.5,Synthetic Environmental Simulation,2023,50,Reported Diarrheal/Gastrointestinal Cases,Synthetic Community Health Registry,2023,Synthetic Ground Water Monitoring,2023,COMPLETE,SYNTHETIC_DEMO,1.13,122.61,-0.069,0,31.8,0.22,0.06,0.78,0.25,0.35,0.35,MODERATE
DEMO_REC_0285,Maharashtra,Latur,Latur Central,Latur Station-1,76.5799,18.3821,2024,July,Monsoon,7.27,1535.6,998.1,183.0,25.8,132.2,1.79,273.4,0.02,0.74,2.25,331.8,Synthetic Environmental Simulation,2024,107,Reported Diarrheal/Gastrointestinal Cases,Synthetic Community Health Registry,2024,Synthetic Ground Water Monitoring,2024,COMPLETE,SYNTHETIC_DEMO,1.16,126.23,-0.093,0,38.7,0.48,0.1,0.79,0.25,0.35,0.26,MODERATE
DEMO_REC_0286,Tamil Nadu,Salem,Salem Central,Salem Station-2,78.1401,11.6664,2022,November,Post-Monsoon,7.21,1566.7,1018.4,181.2,7.0,113.6,1.29,272.0,0.27,1.34,1.65,32.6,Synthetic Environmental Simulation,2022,30,Reported Diarrheal/Gastrointestinal Cases,Synthetic Community Health Registry,2022,Synthetic Ground Water Monitoring,2022,COMPLETE,SYNTHETIC_DEMO,-0.72,-77.77,-0.112,0,25.7,0.13,0.07,0.32,0.65,0.35,0.19,LOW
DEMO_REC_0287,Tamil Nadu,Chennai,Chennai Central,Chennai Station-3,80.2881,13.118,2023,November,Post-Monsoon,7.43,1053.0,684.5,190.1,11.2,139.0,1.42,344.4,0.09,0.0,1.42,35.6,Synthetic Environmental Simulation,2023,51,Reported Diarrheal/Gastrointestinal Cases,Synthetic Community Health Registry,2023,Synthetic Ground Water Monitoring,2023,COMPLETE,SYNTHETIC_DEMO,-0.7,-75.73,-0.144,0,26.4,0.23,0.02,0.33,0.65,0.35,0.08,LOW
DEMO_REC_0288,Tamil Nadu,Coimbatore,Coimbatore Central,Coimbatore Station-4,76.9477,10.9872,2024,November,Post-Monsoon,6.91,1382.4,898.6,188.4,25.4,121.2,0.82,201.9,0.14,2.43,3.81,42.9,Synthetic Environmental Simulation,2024,32,Reported Diarrheal/Gastrointestinal Cases,Synthetic Community Health Registry,2024,Synthetic Ground Water Monitoring,2024,COMPLETE,SYNTHETIC_DEMO,-0.65,-70.75,-0.147,0,19.2,0.14,0.05,0.34,0.25,0.35,0.06,LOW
DEMO_REC_0289,Tamil Nadu,Madurai,Madurai Central,Madurai Station-5,78.1437,9.9204,2022,May,Pre-Monsoon,7.02,1536.2,998.5,215.2,30.2,159.2,0.35,238.9,0.5,0.97,2.48,45.8,Synthetic Environmental Simulation,2022,84,Reported Diarrheal/Gastrointestinal Cases,Synthetic Community Health Registry,2022,Synthetic Ground Water Monitoring,2022,COMPLETE,SYNTHETIC_DEMO,-0.63,-68.77,-0.128,0,25.7,0.37,0.07,0.34,0.25,0.35,0.13,LOW
DEMO_REC_0290,Tamil Nadu,Tiruchirappalli,Tiruchirappalli Central,Tiruchirappalli Station-1,78.7085,10.7654,2023,May,Pre-Monsoon,7.32,1003.1,652.0,154.1,5.1,155.1,0.3,242.7,0.11,0.69,0.8,9.6,Synthetic Environmental Simulation,2023,113,Reported Diarrheal/Gastrointestinal Cases,Synthetic Community Health Registry,2023,Synthetic Ground Water Monitoring,2023,COMPLETE,SYNTHETIC_DEMO,-0.86,-93.45,-0.108,0,27.0,0.5,0.02,0.28,0.25,0.35,0.21,LOW
DEMO_REC_0291,Andhra Pradesh,Visakhapatnam,Visakhapatnam Central,Visakhapatnam Station-2,83.2124,17.6731,2024,May,Pre-Monsoon,7.39,1292.4,840.1,243.4,59.3,85.8,1.79,364.4,0.56,6.19,3.8,21.0,Synthetic Environmental Simulation,2024,33,Reported Diarrheal/Gastrointestinal Cases,Synthetic Community Health Registry,2024,Synthetic Ground Water Monitoring,2024,COMPLETE,SYNTHETIC_DEMO,-0.79,-85.68,-0.071,0,27.9,0.15,0.13,0.3,0.65,0.35,0.35,LOW
DEMO_REC_0292,Andhra Pradesh,Vijayawada,Vijayawada Central,Vijayawada Station-3,80.6001,16.4888,2022,July,Monsoon,7.16,748.2,486.3,201.0,11.7,68.1,0.47,273.4,0.54,1.75,0.04,327.8,Synthetic Environmental Simulation,2022,48,Reported Diarrheal/Gastrointestinal Cases,Synthetic Community Health Registry,2022,Synthetic Ground Water Monitoring,2022,COMPLETE,SYNTHETIC_DEMO,1.14,123.5,-0.068,0,30.0,0.21,0.0,0.78,0.25,0.35,0.36,LOW
DEMO_REC_0293,Andhra Pradesh,Guntur,Guntur Central,Guntur Station-4,80.4258,16.2944,2023,July,Monsoon,8.2,774.0,503.1,154.4,22.6,88.6,1.06,329.1,0.31,0.42,2.38,393.0,Synthetic Environmental Simulation,2023,84,Reported Diarrheal/Gastrointestinal Cases,Synthetic Community Health Registry,2023,Synthetic Ground Water Monitoring,2023,COMPLETE,SYNTHETIC_DEMO,1.55,167.96,0.007,1,43.5,0.37,0.0,0.89,0.65,0.35,0.64,MODERATE
DEMO_REC_0294,Andhra Pradesh,Anantapur,Anantapur Central,Anantapur Station-5,77.5727,14.7112,2024,July,Monsoon,6.93,911.5,592.5,202.5,35.1,121.2,1.54,421.2,0.21,2.42,1.95,461.3,Synthetic Environmental Simulation,2024,81,Reported Diarrheal/Gastrointestinal Cases,Synthetic Community Health Registry,2024,Synthetic Ground Water Monitoring,2024,COMPLETE,SYNTHETIC_DEMO,1.97,214.52,-0.058,0,38.5,0.36,0.02,0.99,0.25,0.35,0.4,MODERATE
DEMO_REC_0295,Assam,Kamrup Metropolitan,Kamrup Metropolitan Central,Kamrup Metropolitan Station-1,91.7008,26.1137,2022,November,Post-Monsoon,7.15,1297.6,843.4,169.9,36.5,101.5,0.77,174.9,0.05,2.27,5.05,71.4,Synthetic Environmental Simulation,2022,74,Reported Diarrheal/Gastrointestinal Cases,Synthetic Community Health Registry,2022,Synthetic Ground Water Monitoring,2022,COMPLETE,SYNTHETIC_DEMO,-0.47,-51.32,-0.127,0,30.9,0.33,0.05,0.38,0.65,0.35,0.14,MODERATE
DEMO_REC_0296,Assam,Cachar,Cachar Central,Cachar Station-2,92.7486,24.7965,2023,November,Post-Monsoon,6.89,841.3,546.8,263.7,44.5,158.2,0.61,245.3,0.19,4.04,0.6,70.9,Synthetic Environmental Simulation,2023,36,Reported Diarrheal/Gastrointestinal Cases,Synthetic Community Health Registry,2023,Synthetic Ground Water Monitoring,2023,COMPLETE,SYNTHETIC_DEMO,-0.48,-51.66,-0.095,0,20.3,0.16,0.01,0.38,0.25,0.35,0.26,LOW
DEMO_REC_0297,Arunachal Pradesh,Papum Pare,Papum Pare Central,Papum Pare Station-3,93.6276,27.0572,2024,November,Post-Monsoon,6.76,1357.8,882.6,108.6,33.1,127.8,1.12,322.4,0.15,0.7,5.02,36.3,Synthetic Environmental Simulation,2024,82,Reported Diarrheal/Gastrointestinal Cases,Synthetic Community Health Registry,2024,Synthetic Ground Water Monitoring,2024,COMPLETE,SYNTHETIC_DEMO,-0.69,-75.25,-0.124,0,24.9,0.36,0.05,0.33,0.25,0.35,0.15,LOW
DEMO_REC_0298,Kerala,Wayanad,Wayanad Central,Wayanad Station-4,76.0982,11.728,2022,May,Pre-Monsoon,7.33,1778.8,1156.2,229.8,22.2,103.5,1.67,247.8,0.12,1.16,4.28,52.6,Synthetic Environmental Simulation,2022,34,Reported Diarrheal/Gastrointestinal Cases,Synthetic Community Health Registry,2022,Synthetic Ground Water Monitoring,2022,COMPLETE,SYNTHETIC_DEMO,-0.59,-64.14,-0.071,0,22.4,0.15,0.1,0.35,0.25,0.35,0.34,LOW
DEMO_REC_0299,Karnataka,Raichur,Raichur Central,Raichur Station-5,77.3542,16.2159,2023,May,Pre-Monsoon,7.15,1149.5,747.2,200.4,15.1,109.1,0.43,426.5,0.09,2.45,5.31,42.4,Synthetic Environmental Simulation,2023,17,Reported Diarrheal/Gastrointestinal Cases,Synthetic Community Health Registry,2023,Synthetic Ground Water Monitoring,2023,COMPLETE,SYNTHETIC_DEMO,-0.65,-71.09,-0.159,0,16.8,0.08,0.03,0.34,0.25,0.35,0.02,LOW
DEMO_REC_0300,Maharashtra,Latur,Latur Central,Latur Station-1,76.6014,18.394,2024,May,Pre-Monsoon,7.81,1339.3,870.5,233.3,12.7,106.2,1.49,355.1,0.85,2.44,4.06,53.6,Synthetic Environmental Simulation,2024,76,Reported Diarrheal/Gastrointestinal Cases,Synthetic Community Health Registry,2024,Synthetic Ground Water Monitoring,2024,COMPLETE,SYNTHETIC_DEMO,-0.58,-63.45,-0.108,0,25.1,0.34,0.05,0.35,0.25,0.35,0.21,LOW
DEMO_REC_0301,Tamil Nadu,Salem,Salem Central,Salem Station-2,78.098,11.6589,2022,July,Monsoon,7.35,1144.4,743.9,292.9,46.9,96.3,1.02,194.4,0.04,2.27,1.99,559.1,Synthetic Environmental Simulation,2022,169,Reported Diarrheal/Gastrointestinal Cases,Synthetic Community Health Registry,2022,Synthetic Ground Water Monitoring,2022,COMPLETE,SYNTHETIC_DEMO,2.59,281.21,-0.027,0,55.6,0.75,0.04,1.0,0.65,0.35,0.51,HIGH
DEMO_REC_0302,Tamil Nadu,Chennai,Chennai Central,Chennai Station-3,80.2313,13.0707,2023,July,Monsoon,6.25,1449.0,941.9,202.7,45.7,121.5,1.23,321.2,0.34,2.75,2.15,263.4,Synthetic Environmental Simulation,2023,87,Reported Diarrheal/Gastrointestinal Cases,Synthetic Community Health Registry,2023,Synthetic Ground Water Monitoring,2023,COMPLETE,SYNTHETIC_DEMO,0.73,79.59,-0.005,0,41.7,0.39,0.09,0.68,0.65,0.35,0.59,MODERATE
DEMO_REC_0303,Tamil Nadu,Coimbatore,Coimbatore Central,Coimbatore Station-4,76.9392,11.0026,2024,July,Monsoon,7.16,847.6,550.9,275.4,15.5,117.5,1.58,150.7,0.83,1.81,2.06,253.5,Synthetic Environmental Simulation,2024,114,Reported Diarrheal/Gastrointestinal Cases,Synthetic Community Health Registry,2024,Synthetic Ground Water Monitoring,2024,COMPLETE,SYNTHETIC_DEMO,0.67,72.84,-0.103,0,34.8,0.51,0.01,0.67,0.25,0.35,0.23,MODERATE
DEMO_REC_0304,Tamil Nadu,Madurai,Madurai Central,Madurai Station-5,78.1026,9.8871,2022,November,Post-Monsoon,7.35,1630.6,1059.9,60.5,12.1,149.9,0.43,252.3,0.45,4.7,0.6,20.8,Synthetic Environmental Simulation,2022,37,Reported Diarrheal/Gastrointestinal Cases,Synthetic Community Health Registry,2022,Synthetic Ground Water Monitoring,2022,COMPLETE,SYNTHETIC_DEMO,-0.79,-85.82,-0.11,0,20.3,0.16,0.07,0.3,0.25,0.35,0.2,LOW
DEMO_REC_0305,Tamil Nadu,Tiruchirappalli,Tiruchirappalli Central,Tiruchirappalli Station-1,78.6666,10.8194,2023,November,Post-Monsoon,7.1,1048.8,681.7,214.1,10.7,137.6,1.36,290.1,0.11,0.77,3.57,49.8,Synthetic Environmental Simulation,2023,52,Reported Diarrheal/Gastrointestinal Cases,Synthetic Community Health Registry,2023,Synthetic Ground Water Monitoring,2023,COMPLETE,SYNTHETIC_DEMO,-0.61,-66.05,-0.148,0,20.9,0.23,0.02,0.35,0.25,0.35,0.06,LOW
DEMO_REC_0306,Andhra Pradesh,Visakhapatnam,Visakhapatnam Central,Visakhapatnam Station-2,83.1944,17.6896,2024,November,Post-Monsoon,7.05,953.3,619.6,242.6,88.5,106.1,1.23,197.3,1.05,3.25,7.68,55.1,Synthetic Environmental Simulation,2024,22,Reported Diarrheal/Gastrointestinal Cases,Synthetic Community Health Registry,2024,Synthetic Ground Water Monitoring,2024,COMPLETE,SYNTHETIC_DEMO,-0.57,-62.43,-0.016,0,30.0,0.1,0.18,0.36,0.65,0.35,0.55,LOW
DEMO_REC_0307,Andhra Pradesh,Vijayawada,Vijayawada Central,Vijayawada Station-3,80.6467,16.489,2022,May,Pre-Monsoon,7.78,644.9,419.2,220.8,11.4,140.8,0.69,238.4,0.21,4.84,4.16,71.6,Synthetic Environmental Simulation,2022,100,Reported Diarrheal/Gastrointestinal Cases,Synthetic Community Health Registry,2022,Synthetic Ground Water Monitoring,2022,COMPLETE,SYNTHETIC_DEMO,-0.47,-51.18,-0.042,0,28.3,0.44,0.0,0.38,0.25,0.35,0.45,LOW
DEMO_REC_0308,Andhra Pradesh,Guntur,Guntur Central,Guntur Station-4,80.4212,16.3125,2023,May,Pre-Monsoon,6.37,1210.0,786.5,262.2,15.4,132.6,1.03,459.3,0.08,1.65,1.68,52.5,Synthetic Environmental Simulation,2023,70,Reported Diarrheal/Gastrointestinal Cases,Synthetic Community Health Registry,2023,Synthetic Ground Water Monitoring,2023,COMPLETE,SYNTHETIC_DEMO,-0.59,-64.2,-0.093,0,30.7,0.31,0.05,0.35,0.65,0.35,0.26,MODERATE
DEMO_REC_0309,Andhra Pradesh,Anantapur,Anantapur Central,Anantapur Station-5,77.5963,14.7069,2024,May,Pre-Monsoon,7.49,1012.6,658.2,177.9,22.7,104.5,0.94,379.1,0.14,3.17,2.38,40.5,Synthetic Environmental Simulation,2024,98,Reported Diarrheal/Gastrointestinal Cases,Synthetic Community Health Registry,2024,Synthetic Ground Water Monitoring,2024,COMPLETE,SYNTHETIC_DEMO,-0.67,-72.39,-0.139,0,25.8,0.44,0.02,0.33,0.25,0.35,0.09,LOW
DEMO_REC_0310,Assam,Kamrup Metropolitan,Kamrup Metropolitan Central,Kamrup Metropolitan Station-1,91.744,26.1394,2022,July,Monsoon,6.86,551.9,358.7,166.2,69.8,91.4,0.45,399.9,0.1,2.49,1.82,572.2,Synthetic Environmental Simulation,2022,143,Reported Diarrheal/Gastrointestinal Cases,Synthetic Community Health Registry,2022,Synthetic Ground Water Monitoring,2022,COMPLETE,SYNTHETIC_DEMO,2.67,290.14,0.104,1,56.4,0.64,0.09,1.0,0.65,0.35,1.0,HIGH
DEMO_REC_0311,Assam,Cachar,Cachar Central,Cachar Station-2,92.7554,24.8034,2023,July,Monsoon,6.82,1130.5,734.8,116.5,23.0,113.6,0.63,247.3,0.22,0.27,4.18,341.6,Synthetic Environmental Simulation,2023,96,Reported Diarrheal/Gastrointestinal Cases,Synthetic Community Health Registry,2023,Synthetic Ground Water Monitoring,2023,COMPLETE,SYNTHETIC_DEMO,1.22,132.91,-0.113,0,35.8,0.43,0.03,0.81,0.25,0.35,0.19,MODERATE
DEMO_REC_0312,Arunachal Pradesh,Papum Pare,Papum Pare Central,Papum Pare Station-3,93.6303,27.0877,2024,July,Monsoon,7.36,1282.4,833.6,129.0,12.7,127.2,1.17,242.4,0.64,2.62,6.89,448.4,Synthetic Environmental Simulation,2024,91,Reported Diarrheal/Gastrointestinal Cases,Synthetic Community Health Registry,2024,Synthetic Ground Water Monitoring,2024,COMPLETE,SYNTHETIC_DEMO,1.89,205.73,-0.081,0,39.5,0.4,0.04,0.97,0.25,0.35,0.31,MODERATE
DEMO_REC_0313,Kerala,Wayanad,Wayanad Central,Wayanad Station-4,76.1136,11.6626,2022,November,Post-Monsoon,7.17,1624.1,1055.7,263.9,8.5,83.5,0.86,308.5,0.07,2.98,8.66,44.7,Synthetic Environmental Simulation,2022,105,Reported Diarrheal/Gastrointestinal Cases,Synthetic Community Health Registry,2022,Synthetic Ground Water Monitoring,2022,COMPLETE,SYNTHETIC_DEMO,-0.64,-69.52,-0.112,0,28.5,0.47,0.07,0.34,0.25,0.35,0.19,LOW
DEMO_REC_0314,Karnataka,Raichur,Raichur Central,Raichur Station-5,77.3169,16.2423,2023,November,Post-Monsoon,7.25,1152.1,748.9,199.9,26.7,135.3,0.78,88.3,0.3,2.43,0.39,47.8,Synthetic Environmental Simulation,2023,112,Reported Diarrheal/Gastrointestinal Cases,Synthetic Community Health Registry,2023,Synthetic Ground Water Monitoring,2023,COMPLETE,SYNTHETIC_DEMO,-0.62,-67.41,-0.159,0,27.5,0.5,0.03,0.34,0.25,0.35,0.02,LOW
DEMO_REC_0315,Maharashtra,Latur,Latur Central,Latur Station-1,76.5855,18.4523,2024,November,Post-Monsoon,7.27,1346.1,875.0,171.3,30.0,163.2,1.45,202.6,0.8,0.57,4.8,42.4,Synthetic Environmental Simulation,2024,97,Reported Diarrheal/Gastrointestinal Cases,Synthetic Community Health Registry,2024,Synthetic Ground Water Monitoring,2024,COMPLETE,SYNTHETIC_DEMO,-0.65,-71.09,-0.15,0,26.3,0.43,0.05,0.34,0.25,0.35,0.05,LOW
DEMO_REC_0316,Tamil Nadu,Salem,Salem Central,Salem Station-2,78.1163,11.6385,2022,May,Pre-Monsoon,7.23,1153.6,749.8,212.6,14.8,73.8,1.26,314.2,0.23,2.65,0.96,58.3,Synthetic Environmental Simulation,2022,92,Reported Diarrheal/Gastrointestinal Cases,Synthetic Community Health Registry,2022,Synthetic Ground Water Monitoring,2022,COMPLETE,SYNTHETIC_DEMO,-0.55,-60.25,-0.156,0,31.7,0.41,0.03,0.36,0.65,0.35,0.03,MODERATE
DEMO_REC_0317,Tamil Nadu,Chennai,Chennai Central,Chennai Station-3,80.2815,13.0721,2023,May,Pre-Monsoon,7.85,1069.6,695.2,85.5,16.5,79.5,0.39,153.9,0.26,5.39,0.49,78.7,Synthetic Environmental Simulation,2023,36,Reported Diarrheal/Gastrointestinal Cases,Synthetic Community Health Registry,2023,Synthetic Ground Water Monitoring,2023,COMPLETE,SYNTHETIC_DEMO,-0.43,-46.34,-0.097,0,27.0,0.16,0.03,0.39,0.65,0.35,0.25,LOW
DEMO_REC_0318,Tamil Nadu,Coimbatore,Coimbatore Central,Coimbatore Station-4,76.934,10.9745,2024,May,Pre-Monsoon,7.6,662.7,430.8,194.5,29.5,107.4,1.06,218.3,0.22,4.86,1.89,66.8,Synthetic Environmental Simulation,2024,104,Reported Diarrheal/Gastrointestinal Cases,Synthetic Community Health Registry,2024,Synthetic Ground Water Monitoring,2024,COMPLETE,SYNTHETIC_DEMO,-0.5,-54.45,-0.066,0,28.1,0.46,0.0,0.37,0.25,0.35,0.36,LOW
DEMO_REC_0319,Tamil Nadu,Madurai,Madurai Central,Madurai Station-5,78.1496,9.9334,2022,July,Monsoon,7.15,1586.7,1031.4,141.7,13.0,118.8,1.12,354.3,0.07,4.38,2.45,300.5,Synthetic Environmental Simulation,2022,93,Reported Diarrheal/Gastrointestinal Cases,Synthetic Community Health Registry,2022,Synthetic Ground Water Monitoring,2022,COMPLETE,SYNTHETIC_DEMO,0.97,104.89,-0.087,0,35.6,0.41,0.07,0.74,0.25,0.35,0.29,MODERATE
DEMO_REC_0320,Tamil Nadu,Tiruchirappalli,Tiruchirappalli Central,Tiruchirappalli Station-1,78.6858,10.8228,2023,July,Monsoon,7.23,307.7,200.0,229.8,27.7,121.9,1.37,181.5,1.09,0.56,0.03,302.3,Synthetic Environmental Simulation,2023,80,Reported Diarrheal/Gastrointestinal Cases,Synthetic Community Health Registry,2023,Synthetic Ground Water Monitoring,2023,COMPLETE,SYNTHETIC_DEMO,0.98,106.11,0.029,1,34.8,0.36,0.01,0.74,0.25,0.35,0.72,MODERATE
DEMO_REC_0321,Andhra Pradesh,Visakhapatnam,Visakhapatnam Central,Visakhapatnam Station-2,83.2673,17.6711,2024,July,Monsoon,6.93,734.8,477.6,270.7,19.1,108.0,1.78,207.1,0.06,0.1,0.07,408.4,Synthetic Environmental Simulation,2024,83,Reported Diarrheal/Gastrointestinal Cases,Synthetic Community Health Registry,2024,Synthetic Ground Water Monitoring,2024,COMPLETE,SYNTHETIC_DEMO,1.64,178.46,-0.057,0,43.4,0.37,0.03,0.91,0.65,0.35,0.4,MODERATE
DEMO_REC_0322,Andhra Pradesh,Vijayawada,Vijayawada Central,Vijayawada Station-3,80.6169,16.4581,2022,November,Post-Monsoon,7.47,1153.6,749.8,161.5,3.0,128.8,1.15,213.0,0.47,10.8,0.87,62.9,Synthetic Environmental Simulation,2022,85,Reported Diarrheal/Gastrointestinal Cases,Synthetic Community Health Registry,2022,Synthetic Ground Water Monitoring,2022,COMPLETE,SYNTHETIC_DEMO,-0.53,-57.11,-0.102,0,26.1,0.38,0.03,0.37,0.25,0.35,0.23,LOW
DEMO_REC_0323,Andhra Pradesh,Guntur,Guntur Central,Guntur Station-4,80.448,16.2903,2023,November,Post-Monsoon,7.21,147.3,95.7,97.7,30.2,141.2,0.72,288.3,0.03,0.42,1.74,32.5,Synthetic Environmental Simulation,2023,116,Reported Diarrheal/Gastrointestinal Cases,Synthetic Community Health Registry,2023,Synthetic Ground Water Monitoring,2023,COMPLETE,SYNTHETIC_DEMO,-0.72,-77.84,0.041,1,36.4,0.52,0.0,0.32,0.65,0.35,0.76,MODERATE
DEMO_REC_0324,Andhra Pradesh,Anantapur,Anantapur Central,Anantapur Station-5,77.558,14.6383,2024,November,Post-Monsoon,7.93,1116.7,725.9,147.6,4.8,138.3,1.71,372.3,0.34,2.11,2.83,45.6,Synthetic Environmental Simulation,2024,76,Reported Diarrheal/Gastrointestinal Cases,Synthetic Community Health Registry,2024,Synthetic Ground Water Monitoring,2024,COMPLETE,SYNTHETIC_DEMO,-0.63,-68.91,-0.064,0,25.7,0.34,0.05,0.34,0.25,0.35,0.37,LOW
DEMO_REC_0325,Assam,Kamrup Metropolitan,Kamrup Metropolitan Central,Kamrup Metropolitan Station-1,91.7595,26.1638,2022,May,Pre-Monsoon,7.03,1895.9,1232.3,179.7,80.2,161.2,1.2,298.3,0.36,1.81,13.9,14.6,Synthetic Environmental Simulation,2022,26,Reported Diarrheal/Gastrointestinal Cases,Synthetic Community Health Registry,2022,Synthetic Ground Water Monitoring,2022,COMPLETE,SYNTHETIC_DEMO,-0.83,-90.05,0.062,1,31.9,0.12,0.23,0.29,0.65,0.35,0.84,MODERATE
DEMO_REC_0326,Assam,Cachar,Cachar Central,Cachar Station-2,92.8141,24.7966,2023,May,Pre-Monsoon,7.27,465.0,302.2,234.9,12.1,140.6,0.65,224.9,0.05,0.51,0.6,69.3,Synthetic Environmental Simulation,2023,46,Reported Diarrheal/Gastrointestinal Cases,Synthetic Community Health Registry,2023,Synthetic Ground Water Monitoring,2023,COMPLETE,SYNTHETIC_DEMO,-0.49,-52.75,-0.029,0,22.4,0.2,0.0,0.38,0.25,0.35,0.5,LOW
DEMO_REC_0327,Arunachal Pradesh,Papum Pare,Papum Pare Central,Papum Pare Station-3,93.6563,27.1071,2024,May,Pre-Monsoon,7.22,1273.3,827.6,261.6,7.4,141.8,0.86,273.1,0.15,5.04,0.84,27.2,Synthetic Environmental Simulation,2024,65,Reported Diarrheal/Gastrointestinal Cases,Synthetic Community Health Registry,2024,Synthetic Ground Water Monitoring,2024,COMPLETE,SYNTHETIC_DEMO,-0.75,-81.45,-0.139,0,22.3,0.29,0.04,0.31,0.25,0.35,0.09,LOW
DEMO_REC_0328,Kerala,Wayanad,Wayanad Central,Wayanad Station-4,76.1068,11.7312,2022,July,Monsoon,7.5,1097.9,713.6,204.7,19.1,188.3,0.71,300.3,0.4,0.13,0.15,178.4,Synthetic Environmental Simulation,2022,71,Reported Diarrheal/Gastrointestinal Cases,Synthetic Community Health Registry,2022,Synthetic Ground Water Monitoring,2022,COMPLETE,SYNTHETIC_DEMO,0.2,21.64,-0.115,0,27.7,0.32,0.03,0.55,0.25,0.35,0.18,LOW
DEMO_REC_0329,Karnataka,Raichur,Raichur Central,Raichur Station-5,77.3912,16.1624,2023,July,Monsoon,6.71,1229.8,799.4,290.5,56.3,132.3,1.48,253.4,0.21,0.02,2.03,413.6,Synthetic Environmental Simulation,2023,59,Reported Diarrheal/Gastrointestinal Cases,Synthetic Community Health Registry,2023,Synthetic Ground Water Monitoring,2023,COMPLETE,SYNTHETIC_DEMO,1.68,182.0,-0.045,0,36.4,0.26,0.08,0.92,0.25,0.35,0.44,MODERATE
DEMO_REC_0330,Maharashtra,Latur,Latur Central,Latur Station-1,76.5315,18.4328,2024,July,Monsoon,7.14,1621.8,1054.2,162.9,13.9,162.2,1.12,165.5,0.04,0.86,0.82,281.9,Synthetic Environmental Simulation,2024,88,Reported Diarrheal/Gastrointestinal Cases,Synthetic Community Health Registry,2024,Synthetic Ground Water Monitoring,2024,COMPLETE,SYNTHETIC_DEMO,0.85,92.21,-0.085,0,34.6,0.39,0.07,0.71,0.25,0.35,0.29,MODERATE
DEMO_REC_0331,Tamil Nadu,Salem,Salem Central,Salem Station-2,78.1469,11.615,2022,November,Post-Monsoon,6.65,1121.5,729.0,234.2,40.4,85.6,0.84,244.2,0.03,3.43,0.04,12.3,Synthetic Environmental Simulation,2022,20,Reported Diarrheal/Gastrointestinal Cases,Synthetic Community Health Registry,2022,Synthetic Ground Water Monitoring,2022,COMPLETE,SYNTHETIC_DEMO,-0.84,-91.61,-0.097,0,23.3,0.09,0.03,0.29,0.65,0.35,0.25,LOW
DEMO_REC_0332,Tamil Nadu,Chennai,Chennai Central,Chennai Station-3,80.252,13.1014,2023,November,Post-Monsoon,7.26,1082.2,703.4,174.6,19.7,156.6,0.76,337.0,0.5,0.87,1.77,63.6,Synthetic Environmental Simulation,2023,53,Reported Diarrheal/Gastrointestinal Cases,Synthetic Community Health Registry,2023,Synthetic Ground Water Monitoring,2023,COMPLETE,SYNTHETIC_DEMO,-0.52,-56.64,-0.15,0,27.5,0.24,0.03,0.37,0.65,0.35,0.05,LOW
DEMO_REC_0333,Tamil Nadu,Coimbatore,Coimbatore Central,Coimbatore Station-4,76.9162,10.9721,2024,November,Post-Monsoon,7.64,1599.1,1039.4,114.5,89.1,51.2,1.15,414.3,0.06,1.98,3.76,47.9,Synthetic Environmental Simulation,2024,81,Reported Diarrheal/Gastrointestinal Cases,Synthetic Community Health Registry,2024,Synthetic Ground Water Monitoring,2024,COMPLETE,SYNTHETIC_DEMO,-0.62,-67.34,0.017,1,32.3,0.36,0.23,0.35,0.25,0.35,0.67,MODERATE
DEMO_REC_0334,Tamil Nadu,Madurai,Madurai Central,Madurai Station-5,78.0931,9.8803,2022,May,Pre-Monsoon,6.41,1171.0,761.1,112.8,20.3,111.3,0.5,154.5,0.79,5.06,3.69,49.5,Synthetic Environmental Simulation,2022,16,Reported Diarrheal/Gastrointestinal Cases,Synthetic Community Health Registry,2022,Synthetic Ground Water Monitoring,2022,COMPLETE,SYNTHETIC_DEMO,-0.61,-66.25,-0.102,0,18.2,0.07,0.04,0.35,0.25,0.35,0.23,LOW
DEMO_REC_0335,Tamil Nadu,Tiruchirappalli,Tiruchirappalli Central,Tiruchirappalli Station-1,78.7175,10.8305,2023,May,Pre-Monsoon,7.07,1013.9,659.0,141.0,18.9,150.8,1.51,333.7,0.03,5.03,2.07,34.0,Synthetic Environmental Simulation,2023,78,Reported Diarrheal/Gastrointestinal Cases,Synthetic Community Health Registry,2023,Synthetic Ground Water Monitoring,2023,COMPLETE,SYNTHETIC_DEMO,-0.71,-76.82,-0.151,0,23.2,0.35,0.02,0.32,0.25,0.35,0.05,LOW
DEMO_REC_0336,Andhra Pradesh,Visakhapatnam,Visakhapatnam Central,Visakhapatnam Station-2,83.1818,17.6913,2024,May,Pre-Monsoon,7.6,1426.1,927.0,282.1,1.2,151.1,1.54,307.1,0.3,0.2,0.36,36.9,Synthetic Environmental Simulation,2024,52,Reported Diarrheal/Gastrointestinal Cases,Synthetic Community Health Registry,2024,Synthetic Ground Water Monitoring,2024,COMPLETE,SYNTHETIC_DEMO,-0.69,-74.84,-0.085,0,28.6,0.23,0.06,0.33,0.65,0.35,0.29,LOW
DEMO_REC_0337,Andhra Pradesh,Vijayawada,Vijayawada Central,Vijayawada Station-3,80.6801,16.4949,2022,July,Monsoon,6.95,1183.5,769.3,215.8,28.4,124.2,1.59,262.1,0.19,3.89,2.77,208.3,Synthetic Environmental Simulation,2022,25,Reported Diarrheal/Gastrointestinal Cases,Synthetic Community Health Registry,2022,Synthetic Ground Water Monitoring,2022,COMPLETE,SYNTHETIC_DEMO,0.39,42.02,-0.124,0,23.8,0.11,0.04,0.6,0.25,0.35,0.15,LOW
DEMO_REC_0338,Andhra Pradesh,Guntur,Guntur Central,Guntur Station-4,80.4562,16.2592,2023,July,Monsoon,7.51,1379.0,896.4,246.1,48.5,115.6,0.36,343.5,0.13,4.38,3.63,259.8,Synthetic Environmental Simulation,2023,16,Reported Diarrheal/Gastrointestinal Cases,Synthetic Community Health Registry,2023,Synthetic Ground Water Monitoring,2023,COMPLETE,SYNTHETIC_DEMO,0.71,77.14,-0.08,0,31.8,0.07,0.07,0.68,0.65,0.35,0.31,MODERATE
DEMO_REC_0339,Andhra Pradesh,Anantapur,Anantapur Central,Anantapur Station-5,77.629,14.6783,2024,July,Monsoon,7.18,1436.2,933.5,231.9,17.6,138.6,1.42,200.0,0.02,1.05,3.3,419.2,Synthetic Environmental Simulation,2024,30,Reported Diarrheal/Gastrointestinal Cases,Synthetic Community Health Registry,2024,Synthetic Ground Water Monitoring,2024,COMPLETE,SYNTHETIC_DEMO,1.71,185.82,-0.101,0,31.8,0.13,0.06,0.93,0.25,0.35,0.23,MODERATE
DEMO_REC_0340,Assam,Kamrup Metropolitan,Kamrup Metropolitan Central,Kamrup Metropolitan Station-1,91.746,26.0985,2022,November,Post-Monsoon,6.49,419.3,272.5,151.9,23.7,103.7,1.56,166.5,0.63,0.7,2.4,40.7,Synthetic Environmental Simulation,2022,107,Reported Diarrheal/Gastrointestinal Cases,Synthetic Community Health Registry,2022,Synthetic Ground Water Monitoring,2022,COMPLETE,SYNTHETIC_DEMO,-0.67,-72.25,0.003,1,35.1,0.48,0.01,0.33,0.65,0.35,0.62,MODERATE
DEMO_REC_0341,Assam,Cachar,Cachar Central,Cachar Station-2,92.738,24.8379,2023,November,Post-Monsoon,7.67,1368.3,889.4,155.4,53.3,103.0,0.39,366.2,0.01,0.13,2.55,50.9,Synthetic Environmental Simulation,2023,28,Reported Diarrheal/Gastrointestinal Cases,Synthetic Community Health Registry,2023,Synthetic Ground Water Monitoring,2023,COMPLETE,SYNTHETIC_DEMO,-0.6,-65.3,-0.079,0,21.0,0.12,0.08,0.35,0.25,0.35,0.32,LOW
DEMO_REC_0342,Arunachal Pradesh,Papum Pare,Papum Pare Central,Papum Pare Station-3,93.6241,27.1498,2024,November,Post-Monsoon,7.18,1371.8,891.7,155.0,33.1,143.5,1.33,304.0,0.1,2.96,1.1,57.6,Synthetic Environmental Simulation,2024,101,Reported Diarrheal/Gastrointestinal Cases,Synthetic Community Health Registry,2024,Synthetic Ground Water Monitoring,2024,COMPLETE,SYNTHETIC_DEMO,-0.56,-60.73,-0.131,0,27.6,0.45,0.05,0.36,0.25,0.35,0.12,LOW
DEMO_REC_0343,Kerala,Wayanad,Wayanad Central,Wayanad Station-4,76.1004,11.6982,2022,May,Pre-Monsoon,7.74,1853.5,1204.8,222.3,46.1,138.0,0.38,327.8,0.1,2.56,1.13,54.0,Synthetic Environmental Simulation,2022,15,Reported Diarrheal/Gastrointestinal Cases,Synthetic Community Health Registry,2022,Synthetic Ground Water Monitoring,2022,COMPLETE,SYNTHETIC_DEMO,-0.58,-63.18,0.004,1,21.6,0.07,0.1,0.35,0.25,0.35,0.63,LOW
DEMO_REC_0344,Karnataka,Raichur,Raichur Central,Raichur Station-5,77.3917,16.1609,2023,May,Pre-Monsoon,7.45,978.3,635.9,214.1,11.0,119.2,0.32,232.5,0.76,9.33,0.75,58.3,Synthetic Environmental Simulation,2023,68,Reported Diarrheal/Gastrointestinal Cases,Synthetic Community Health Registry,2023,Synthetic Ground Water Monitoring,2023,COMPLETE,SYNTHETIC_DEMO,-0.55,-60.25,-0.137,0,23.0,0.3,0.02,0.36,0.25,0.35,0.1,LOW
DEMO_REC_0345,Maharashtra,Latur,Latur Central,Latur Station-1,76.5678,18.4483,2024,May,Pre-Monsoon,6.89,1558.9,1013.3,96.7,13.7,109.8,1.62,316.7,0.08,1.97,3.46,19.7,Synthetic Environmental Simulation,2024,46,Reported Diarrheal/Gastrointestinal Cases,Synthetic Community Health Registry,2024,Synthetic Ground Water Monitoring,2024,COMPLETE,SYNTHETIC_DEMO,-0.8,-86.57,-0.116,0,21.3,0.2,0.08,0.3,0.25,0.35,0.18,LOW
DEMO_REC_0346,Tamil Nadu,Salem,Salem Central,Salem Station-2,78.1262,11.682,2022,July,Monsoon,6.96,872.5,567.1,134.4,52.4,80.0,0.45,320.6,0.05,6.43,5.17,621.2,Synthetic Environmental Simulation,2022,146,Reported Diarrheal/Gastrointestinal Cases,Synthetic Community Health Registry,2022,Synthetic Ground Water Monitoring,2022,COMPLETE,SYNTHETIC_DEMO,2.98,323.55,0.029,1,54.0,0.65,0.04,1.0,0.65,0.35,0.72,HIGH
DEMO_REC_0347,Tamil Nadu,Chennai,Chennai Central,Chennai Station-3,80.2425,13.0556,2023,July,Monsoon,6.7,1348.0,876.2,87.5,0.5,89.2,0.58,278.9,0.35,0.64,0.42,300.7,Synthetic Environmental Simulation,2023,65,Reported Diarrheal/Gastrointestinal Cases,Synthetic Community Health Registry,2023,Synthetic Ground Water Monitoring,2023,COMPLETE,SYNTHETIC_DEMO,0.97,105.02,-0.061,0,38.5,0.29,0.05,0.74,0.65,0.35,0.39,MODERATE
DEMO_REC_0348,Tamil Nadu,Coimbatore,Coimbatore Central,Coimbatore Station-4,76.9165,11.0467,2024,July,Monsoon,7.25,1230.4,799.8,111.7,54.1,56.3,1.44,235.2,0.83,7.07,0.58,353.3,Synthetic Environmental Simulation,2024,47,Reported Diarrheal/Gastrointestinal Cases,Synthetic Community Health Registry,2024,Synthetic Ground Water Monitoring,2024,COMPLETE,SYNTHETIC_DEMO,1.3,140.89,-0.077,0,32.4,0.21,0.07,0.82,0.25,0.35,0.32,MODERATE
DEMO_REC_0349,Tamil Nadu,Madurai,Madurai Central,Madurai Station-5,78.1574,9.9226,2022,November,Post-Monsoon,7.43,1043.2,678.1,212.4,8.1,156.6,0.75,212.2,0.69,6.85,11.71,43.1,Synthetic Environmental Simulation,2022,76,Reported Diarrheal/Gastrointestinal Cases,Synthetic Community Health Registry,2022,Synthetic Ground Water Monitoring,2022,COMPLETE,SYNTHETIC_DEMO,-0.65,-70.61,-0.139,0,23.5,0.34,0.02,0.34,0.25,0.35,0.09,LOW
DEMO_REC_0350,Tamil Nadu,Tiruchirappalli,Tiruchirappalli Central,Tiruchirappalli Station-1,78.6593,10.7579,2023,November,Post-Monsoon,7.53,1255.3,815.9,138.3,60.6,123.4,1.25,268.7,1.34,1.06,0.19,48.2,Synthetic Environmental Simulation,2023,90,Reported Diarrheal/Gastrointestinal Cases,Synthetic Community Health Registry,2023,Synthetic Ground Water Monitoring,2023,COMPLETE,SYNTHETIC_DEMO,-0.62,-67.14,-0.074,0,28.9,0.4,0.12,0.35,0.25,0.35,0.34,LOW
DEMO_REC_0351,Andhra Pradesh,Visakhapatnam,Visakhapatnam Central,Visakhapatnam Station-2,83.1889,17.715,2024,November,Post-Monsoon,7.89,1056.6,686.8,203.7,16.5,27.5,1.36,310.3,0.39,3.86,0.84,26.8,Synthetic Environmental Simulation,2024,91,Reported Diarrheal/Gastrointestinal Cases,Synthetic Community Health Registry,2024,Synthetic Ground Water Monitoring,2024,COMPLETE,SYNTHETIC_DEMO,-0.75,-81.73,-0.102,0,31.4,0.4,0.02,0.31,0.65,0.35,0.23,MODERATE
DEMO_REC_0352,Andhra Pradesh,Vijayawada,Vijayawada Central,Vijayawada Station-3,80.6426,16.5405,2022,May,Pre-Monsoon,7.61,1521.6,989.0,126.0,13.7,113.1,1.1,234.2,1.67,1.61,5.08,72.5,Synthetic Environmental Simulation,2022,72,Reported Diarrheal/Gastrointestinal Cases,Synthetic Community Health Registry,2022,Synthetic Ground Water Monitoring,2022,COMPLETE,SYNTHETIC_DEMO,-0.47,-50.57,-0.117,0,26.5,0.32,0.11,0.38,0.25,0.35,0.17,LOW
DEMO_REC_0353,Andhra Pradesh,Guntur,Guntur Central,Guntur Station-4,80.4679,16.3458,2023,May,Pre-Monsoon,7.07,857.9,557.6,199.1,36.0,83.6,0.34,179.6,0.18,1.06,0.57,62.3,Synthetic Environmental Simulation,2023,44,Reported Diarrheal/Gastrointestinal Cases,Synthetic Community Health Registry,2023,Synthetic Ground Water Monitoring,2023,COMPLETE,SYNTHETIC_DEMO,-0.53,-57.52,-0.115,0,26.6,0.2,0.01,0.37,0.65,0.35,0.18,LOW
DEMO_REC_0354,Andhra Pradesh,Anantapur,Anantapur Central,Anantapur Station-5,77.5669,14.6825,2024,May,Pre-Monsoon,7.09,1562.8,1015.8,200.8,12.5,122.0,0.98,256.8,0.22,0.02,1.65,35.9,Synthetic Environmental Simulation,2024,97,Reported Diarrheal/Gastrointestinal Cases,Synthetic Community Health Registry,2024,Synthetic Ground Water Monitoring,2024,COMPLETE,SYNTHETIC_DEMO,-0.7,-75.52,-0.125,0,27.0,0.43,0.07,0.33,0.25,0.35,0.15,LOW
DEMO_REC_0355,Assam,Kamrup Metropolitan,Kamrup Metropolitan Central,Kamrup Metropolitan Station-1,91.7844,26.1214,2022,July,Monsoon,7.89,795.7,517.2,143.0,49.2,116.4,1.17,392.9,0.01,1.95,0.16,555.4,Synthetic Environmental Simulation,2022,142,Reported Diarrheal/Gastrointestinal Cases,Synthetic Community Health Registry,2022,Synthetic Ground Water Monitoring,2022,COMPLETE,SYNTHETIC_DEMO,2.57,278.68,0.048,1,53.4,0.63,0.02,1.0,0.65,0.35,0.79,HIGH
DEMO_REC_0356,Assam,Cachar,Cachar Central,Cachar Station-2,92.7916,24.8037,2023,July,Monsoon,6.39,208.7,135.7,186.4,35.4,181.2,1.18,250.7,0.2,0.53,1.87,345.4,Synthetic Environmental Simulation,2023,36,Reported Diarrheal/Gastrointestinal Cases,Synthetic Community Health Registry,2023,Synthetic Ground Water Monitoring,2023,COMPLETE,SYNTHETIC_DEMO,1.25,135.5,0.096,1,32.6,0.16,0.01,0.81,0.25,0.35,0.97,MODERATE
DEMO_REC_0357,Arunachal Pradesh,Papum Pare,Papum Pare Central,Papum Pare Station-3,93.6187,27.0963,2024,July,Monsoon,7.13,1263.9,821.5,121.5,30.4,114.9,1.69,181.0,0.11,0.13,1.9,304.6,Synthetic Environmental Simulation,2024,39,Reported Diarrheal/Gastrointestinal Cases,Synthetic Community Health Registry,2024,Synthetic Ground Water Monitoring,2024,COMPLETE,SYNTHETIC_DEMO,0.99,107.68,-0.118,0,28.9,0.17,0.06,0.75,0.25,0.35,0.17,LOW
DEMO_REC_0358,Kerala,Wayanad,Wayanad Central,Wayanad Station-4,76.153,11.7281,2022,November,Post-Monsoon,7.42,282.2,183.4,227.9,6.3,136.8,0.67,200.9,0.38,3.75,3.36,62.2,Synthetic Environmental Simulation,2022,91,Reported Diarrheal/Gastrointestinal Cases,Synthetic Community Health Registry,2022,Synthetic Ground Water Monitoring,2022,COMPLETE,SYNTHETIC_DEMO,-0.53,-57.59,0.028,1,28.3,0.4,0.0,0.37,0.25,0.35,0.72,LOW
DEMO_REC_0359,Karnataka,Raichur,Raichur Central,Raichur Station-5,77.2988,16.2085,2023,November,Post-Monsoon,7.3,716.7,465.9,199.9,13.7,155.6,0.36,220.0,0.36,0.89,0.94,39.6,Synthetic Environmental Simulation,2023,80,Reported Diarrheal/Gastrointestinal Cases,Synthetic Community Health Registry,2023,Synthetic Ground Water Monitoring,2023,COMPLETE,SYNTHETIC_DEMO,-0.67,-73.0,-0.103,0,23.9,0.36,0.0,0.33,0.25,0.35,0.23,LOW
DEMO_REC_0360,Maharashtra,Latur,Latur Central,Latur Station-1,76.5929,18.4268,2024,November,Post-Monsoon,7.12,1130.6,734.9,243.6,29.0,67.6,0.85,352.0,0.44,4.16,1.53,42.5,Synthetic Environmental Simulation,2024,58,Reported Diarrheal/Gastrointestinal Cases,Synthetic Community Health Registry,2024,Synthetic Ground Water Monitoring,2024,COMPLETE,SYNTHETIC_DEMO,-0.65,-71.02,-0.156,0,21.4,0.26,0.03,0.34,0.25,0.35,0.03,LOW
DEMO_REC_0361,Tamil Nadu,Salem,Salem Central,Salem Station-2,78.1858,11.6627,2022,May,Pre-Monsoon,7.44,987.1,641.6,156.8,30.7,146.9,1.73,459.1,0.31,0.04,9.68,68.7,Synthetic Environmental Simulation,2022,45,Reported Diarrheal/Gastrointestinal Cases,Synthetic Community Health Registry,2022,Synthetic Ground Water Monitoring,2022,COMPLETE,SYNTHETIC_DEMO,-0.49,-53.16,-0.135,0,27.4,0.2,0.04,0.38,0.65,0.35,0.11,LOW
DEMO_REC_0362,Tamil Nadu,Chennai,Chennai Central,Chennai Station-3,80.2465,13.083,2023,May,Pre-Monsoon,7.25,1006.0,653.9,173.4,26.5,150.0,1.3,323.1,0.04,3.63,0.71,64.7,Synthetic Environmental Simulation,2023,15,Reported Diarrheal/Gastrointestinal Cases,Synthetic Community Health Registry,2023,Synthetic Ground Water Monitoring,2023,COMPLETE,SYNTHETIC_DEMO,-0.51,-55.89,-0.144,0,23.2,0.07,0.02,0.37,0.65,0.35,0.08,LOW
DEMO_REC_0363,Tamil Nadu,Coimbatore,Coimbatore Central,Coimbatore Station-4,76.993,10.984,2024,May,Pre-Monsoon,6.98,820.6,533.4,140.5,26.1,121.2,1.24,337.6,0.51,9.65,2.09,32.5,Synthetic Environmental Simulation,2024,102,Reported Diarrheal/Gastrointestinal Cases,Synthetic Community Health Registry,2024,Synthetic Ground Water Monitoring,2024,COMPLETE,SYNTHETIC_DEMO,-0.72,-77.84,-0.126,0,25.8,0.45,0.0,0.32,0.25,0.35,0.14,LOW
DEMO_REC_0364,Tamil Nadu,Madurai,Madurai Central,Madurai Station-5,78.1564,9.9487,2022,July,Monsoon,8.02,1288.9,837.8,218.5,12.2,124.0,0.42,293.6,0.18,0.27,0.05,359.3,Synthetic Environmental Simulation,2022,110,Reported Diarrheal/Gastrointestinal Cases,Synthetic Community Health Registry,2022,Synthetic Ground Water Monitoring,2022,COMPLETE,SYNTHETIC_DEMO,1.33,144.98,-0.042,0,39.5,0.49,0.05,0.83,0.25,0.35,0.45,MODERATE
DEMO_REC_0365,Tamil Nadu,Tiruchirappalli,Tiruchirappalli Central,Tiruchirappalli Station-1,78.6781,10.8194,2023,July,Monsoon,7.24,755.5,491.1,193.1,32.3,155.8,0.49,191.3,0.36,3.56,0.34,297.3,Synthetic Environmental Simulation,2023,63,Reported Diarrheal/Gastrointestinal Cases,Synthetic Community Health Registry,2023,Synthetic Ground Water Monitoring,2023,COMPLETE,SYNTHETIC_DEMO,0.95,102.71,-0.073,0,30.7,0.28,0.0,0.74,0.25,0.35,0.34,MODERATE
DEMO_REC_0366,Andhra Pradesh,Visakhapatnam,Visakhapatnam Central,Visakhapatnam Station-2,83.1877,17.6447,2024,July,Monsoon,6.31,1057.6,687.4,70.8,27.9,99.2,1.51,363.1,0.12,0.14,2.42,381.2,Synthetic Environmental Simulation,2024,68,Reported Diarrheal/Gastrointestinal Cases,Synthetic Community Health Registry,2024,Synthetic Ground Water Monitoring,2024,COMPLETE,SYNTHETIC_DEMO,1.47,159.91,-0.035,0,41.7,0.3,0.04,0.87,0.65,0.35,0.48,MODERATE
DEMO_REC_0367,Andhra Pradesh,Vijayawada,Vijayawada Central,Vijayawada Station-3,80.6218,16.5135,2022,November,Post-Monsoon,7.26,1176.6,764.8,166.7,52.1,106.0,1.72,213.7,0.19,0.92,0.11,34.6,Synthetic Environmental Simulation,2022,30,Reported Diarrheal/Gastrointestinal Cases,Synthetic Community Health Registry,2022,Synthetic Ground Water Monitoring,2022,COMPLETE,SYNTHETIC_DEMO,-0.7,-76.41,-0.106,0,20.2,0.13,0.08,0.32,0.25,0.35,0.22,LOW
DEMO_REC_0368,Andhra Pradesh,Guntur,Guntur Central,Guntur Station-4,80.4155,16.3444,2023,November,Post-Monsoon,7.11,1027.7,668.0,240.3,6.6,119.6,0.71,178.2,0.39,0.2,3.27,43.7,Synthetic Environmental Simulation,2023,117,Reported Diarrheal/Gastrointestinal Cases,Synthetic Community Health Registry,2023,Synthetic Ground Water Monitoring,2023,COMPLETE,SYNTHETIC_DEMO,-0.65,-70.2,-0.143,0,34.0,0.52,0.02,0.34,0.65,0.35,0.08,MODERATE
DEMO_REC_0369,Andhra Pradesh,Anantapur,Anantapur Central,Anantapur Station-5,77.607,14.6658,2024,November,Post-Monsoon,6.56,1430.8,930.0,162.2,10.0,134.5,1.61,379.0,0.12,5.91,0.41,27.5,Synthetic Environmental Simulation,2024,31,Reported Diarrheal/Gastrointestinal Cases,Synthetic Community Health Registry,2024,Synthetic Ground Water Monitoring,2024,COMPLETE,SYNTHETIC_DEMO,-0.75,-81.25,-0.093,0,20.0,0.14,0.07,0.31,0.25,0.35,0.26,LOW
DEMO_REC_0370,Assam,Kamrup Metropolitan,Kamrup Metropolitan Central,Kamrup Metropolitan Station-1,91.7096,26.1464,2022,May,Pre-Monsoon,7.83,1395.3,906.9,178.0,18.4,119.5,0.98,344.8,0.01,3.26,2.25,40.6,Synthetic Environmental Simulation,2022,77,Reported Diarrheal/Gastrointestinal Cases,Synthetic Community Health Registry,2022,Synthetic Ground Water Monitoring,2022,COMPLETE,SYNTHETIC_DEMO,-0.67,-72.32,-0.111,0,30.8,0.34,0.05,0.33,0.65,0.35,0.2,MODERATE
DEMO_REC_0371,Assam,Cachar,Cachar Central,Cachar Station-2,92.8154,24.867,2023,May,Pre-Monsoon,7.13,1731.5,1125.5,267.3,32.6,152.2,0.6,265.0,0.11,2.42,3.05,50.0,Synthetic Environmental Simulation,2023,100,Reported Diarrheal/Gastrointestinal Cases,Synthetic Community Health Registry,2023,Synthetic Ground Water Monitoring,2023,COMPLETE,SYNTHETIC_DEMO,-0.61,-65.91,-0.076,0,29.0,0.44,0.08,0.35,0.25,0.35,0.33,LOW
DEMO_REC_0372,Arunachal Pradesh,Papum Pare,Papum Pare Central,Papum Pare Station-3,93.6337,27.1433,2024,May,Pre-Monsoon,7.14,1691.2,1099.3,165.7,9.9,100.3,1.07,316.0,0.2,2.45,8.77,68.6,Synthetic Environmental Simulation,2024,67,Reported Diarrheal/Gastrointestinal Cases,Synthetic Community Health Registry,2024,Synthetic Ground Water Monitoring,2024,COMPLETE,SYNTHETIC_DEMO,-0.49,-53.23,-0.08,0,25.8,0.3,0.08,0.38,0.25,0.35,0.31,LOW
DEMO_REC_0373,Kerala,Wayanad,Wayanad Central,Wayanad Station-4,76.1325,11.7079,2022,July,Monsoon,8.14,838.7,545.2,220.8,31.3,119.6,0.32,321.2,0.02,1.49,0.69,349.2,Synthetic Environmental Simulation,2022,49,Reported Diarrheal/Gastrointestinal Cases,Synthetic Community Health Registry,2022,Synthetic Ground Water Monitoring,2022,COMPLETE,SYNTHETIC_DEMO,1.27,138.09,-0.0,0,32.3,0.22,0.01,0.82,0.25,0.35,0.61,MODERATE
DEMO_REC_0374,Karnataka,Raichur,Raichur Central,Raichur Station-5,77.3105,16.1632,2023,July,Monsoon,7.26,1017.3,661.2,248.0,115.6,104.1,0.78,243.0,0.27,0.59,0.37,372.6,Synthetic Environmental Simulation,2023,102,Reported Diarrheal/Gastrointestinal Cases,Synthetic Community Health Registry,2023,Synthetic Ground Water Monitoring,2023,COMPLETE,SYNTHETIC_DEMO,1.42,154.05,0.035,1,44.9,0.45,0.22,0.85,0.25,0.35,0.74,MODERATE
DEMO_REC_0375,Maharashtra,Latur,Latur Central,Latur Station-1,76.525,18.3724,2024,July,Monsoon,7.45,1547.8,1006.1,188.6,49.7,133.7,0.53,327.4,0.07,0.19,3.64,277.3,Synthetic Environmental Simulation,2024,37,Reported Diarrheal/Gastrointestinal Cases,Synthetic Community Health Registry,2024,Synthetic Ground Water Monitoring,2024,COMPLETE,SYNTHETIC_DEMO,0.82,89.07,-0.056,0,29.6,0.16,0.08,0.7,0.25,0.35,0.4,LOW
DEMO_REC_0376,Tamil Nadu,Salem,Salem Central,Salem Station-2,78.1482,11.7037,2022,November,Post-Monsoon,7.55,930.7,605.0,219.7,19.5,143.0,1.63,358.4,0.35,0.7,8.05,39.0,Synthetic Environmental Simulation,2022,86,Reported Diarrheal/Gastrointestinal Cases,Synthetic Community Health Registry,2022,Synthetic Ground Water Monitoring,2022,COMPLETE,SYNTHETIC_DEMO,-0.68,-73.41,-0.131,0,30.7,0.38,0.03,0.33,0.65,0.35,0.12,MODERATE
DEMO_REC_0377,Tamil Nadu,Chennai,Chennai Central,Chennai Station-3,80.258,13.0694,2023,November,Post-Monsoon,7.0,1333.3,866.6,155.2,13.9,79.6,0.46,212.8,1.28,3.79,1.48,51.1,Synthetic Environmental Simulation,2023,21,Reported Diarrheal/Gastrointestinal Cases,Synthetic Community Health Registry,2023,Synthetic Ground Water Monitoring,2023,COMPLETE,SYNTHETIC_DEMO,-0.6,-65.16,-0.155,0,24.4,0.09,0.07,0.35,0.65,0.35,0.03,LOW
DEMO_REC_0378,Tamil Nadu,Coimbatore,Coimbatore Central,Coimbatore Station-4,76.9062,11.0161,2024,November,Post-Monsoon,6.23,1208.5,785.5,88.2,8.1,80.9,0.63,328.8,0.39,1.73,1.61,36.6,Synthetic Environmental Simulation,2024,39,Reported Diarrheal/Gastrointestinal Cases,Synthetic Community Health Registry,2024,Synthetic Ground Water Monitoring,2024,COMPLETE,SYNTHETIC_DEMO,-0.69,-75.05,-0.055,0,21.8,0.17,0.07,0.33,0.25,0.35,0.4,LOW
DEMO_REC_0379,Tamil Nadu,Madurai,Madurai Central,Madurai Station-5,78.0784,9.9472,2022,May,Pre-Monsoon,7.02,748.3,486.4,177.4,17.9,111.4,1.12,395.1,0.54,0.61,0.39,67.4,Synthetic Environmental Simulation,2022,44,Reported Diarrheal/Gastrointestinal Cases,Synthetic Community Health Registry,2022,Synthetic Ground Water Monitoring,2022,COMPLETE,SYNTHETIC_DEMO,-0.5,-54.05,-0.111,0,20.6,0.2,0.0,0.38,0.25,0.35,0.2,LOW
DEMO_REC_0380,Tamil Nadu,Tiruchirappalli,Tiruchirappalli Central,Tiruchirappalli Station-1,78.6738,10.7925,2023,May,Pre-Monsoon,7.57,1169.8,760.4,165.6,33.4,161.9,0.98,373.4,0.54,8.15,4.48,73.0,Synthetic Environmental Simulation,2023,20,Reported Diarrheal/Gastrointestinal Cases,Synthetic Community Health Registry,2023,Synthetic Ground Water Monitoring,2023,COMPLETE,SYNTHETIC_DEMO,-0.46,-50.23,-0.129,0,18.7,0.09,0.03,0.38,0.25,0.35,0.13,LOW
DEMO_REC_0381,Andhra Pradesh,Visakhapatnam,Visakhapatnam Central,Visakhapatnam Station-2,83.2512,17.6563,2024,May,Pre-Monsoon,7.84,1735.1,1127.8,196.3,26.2,71.4,1.6,316.0,0.18,0.39,1.48,43.6,Synthetic Environmental Simulation,2024,85,Reported Diarrheal/Gastrointestinal Cases,Synthetic Community Health Registry,2024,Synthetic Ground Water Monitoring,2024,COMPLETE,SYNTHETIC_DEMO,-0.65,-70.27,-0.044,0,34.0,0.38,0.09,0.34,0.65,0.35,0.45,MODERATE
DEMO_REC_0382,Andhra Pradesh,Vijayawada,Vijayawada Central,Vijayawada Station-3,80.6973,16.528,2022,July,Monsoon,6.77,1562.6,1015.7,231.6,45.3,121.7,0.55,267.0,0.25,1.75,0.04,430.8,Synthetic Environmental Simulation,2022,31,Reported Diarrheal/Gastrointestinal Cases,Synthetic Community Health Registry,2022,Synthetic Ground Water Monitoring,2022,COMPLETE,SYNTHETIC_DEMO,1.78,193.73,-0.031,0,33.8,0.14,0.07,0.95,0.25,0.35,0.5,MODERATE
DEMO_REC_0383,Andhra Pradesh,Guntur,Guntur Central,Guntur Station-4,80.4349,16.3456,2023,July,Monsoon,6.53,879.5,571.7,193.7,43.4,72.8,0.77,298.7,0.37,1.12,0.24,269.5,Synthetic Environmental Simulation,2023,60,Reported Diarrheal/Gastrointestinal Cases,Synthetic Community Health Registry,2023,Synthetic Ground Water Monitoring,2023,COMPLETE,SYNTHETIC_DEMO,0.77,83.75,-0.037,0,36.4,0.27,0.01,0.69,0.65,0.35,0.47,MODERATE
DEMO_REC_0384,Andhra Pradesh,Anantapur,Anantapur Central,Anantapur Station-5,77.6175,14.6761,2024,July,Monsoon,7.66,797.2,518.2,205.1,15.0,69.0,0.93,226.6,0.03,0.34,1.61,351.4,Synthetic Environmental Simulation,2024,26,Reported Diarrheal/Gastrointestinal Cases,Synthetic Community Health Registry,2024,Synthetic Ground Water Monitoring,2024,COMPLETE,SYNTHETIC_DEMO,1.29,139.59,-0.057,0,28.6,0.12,0.0,0.82,0.25,0.35,0.4,LOW
DEMO_REC_0385,Assam,Kamrup Metropolitan,Kamrup Metropolitan Central,Kamrup Metropolitan Station-1,91.7507,26.1192,2022,November,Post-Monsoon,7.29,1567.0,1018.6,171.3,28.5,108.6,1.77,399.9,0.0,1.83,0.11,59.7,Synthetic Environmental Simulation,2022,69,Reported Diarrheal/Gastrointestinal Cases,Synthetic Community Health Registry,2022,Synthetic Ground Water Monitoring,2022,COMPLETE,SYNTHETIC_DEMO,-0.55,-59.3,-0.128,0,31.3,0.31,0.1,0.36,0.65,0.35,0.14,MODERATE
DEMO_REC_0386,Assam,Cachar,Cachar Central,Cachar Station-2,92.7736,24.8609,2023,November,Post-Monsoon,7.44,1176.2,764.5,206.3,16.6,196.1,0.69,332.4,0.48,2.5,2.1,20.7,Synthetic Environmental Simulation,2023,110,Reported Diarrheal/Gastrointestinal Cases,Synthetic Community Health Registry,2023,Synthetic Ground Water Monitoring,2023,COMPLETE,SYNTHETIC_DEMO,-0.79,-85.89,-0.145,0,26.7,0.49,0.04,0.3,0.25,0.35,0.07,LOW
DEMO_REC_0387,Arunachal Pradesh,Papum Pare,Papum Pare Central,Papum Pare Station-3,93.5909,27.1412,2024,November,Post-Monsoon,7.38,1281.4,832.9,289.3,37.5,96.0,1.14,214.5,0.25,0.23,1.6,64.3,Synthetic Environmental Simulation,2024,105,Reported Diarrheal/Gastrointestinal Cases,Synthetic Community Health Registry,2024,Synthetic Ground Water Monitoring,2024,COMPLETE,SYNTHETIC_DEMO,-0.52,-56.16,-0.129,0,28.1,0.47,0.04,0.37,0.25,0.35,0.13,LOW
DEMO_REC_0388,Kerala,Wayanad,Wayanad Central,Wayanad Station-4,76.0961,11.6988,2022,May,Pre-Monsoon,7.98,563.5,366.3,238.1,17.2,180.6,1.49,121.2,0.26,8.06,3.24,36.3,Synthetic Environmental Simulation,2022,52,Reported Diarrheal/Gastrointestinal Cases,Synthetic Community Health Registry,2022,Synthetic Ground Water Monitoring,2022,COMPLETE,SYNTHETIC_DEMO,-0.69,-75.25,-0.014,0,22.4,0.23,0.0,0.33,0.25,0.35,0.56,LOW
DEMO_REC_0389,Karnataka,Raichur,Raichur Central,Raichur Station-5,77.3904,16.2088,2023,May,Pre-Monsoon,7.21,1151.5,748.5,116.5,14.1,104.6,0.94,335.8,0.43,1.76,13.36,40.9,Synthetic Environmental Simulation,2023,57,Reported Diarrheal/Gastrointestinal Cases,Synthetic Community Health Registry,2023,Synthetic Ground Water Monitoring,2023,COMPLETE,SYNTHETIC_DEMO,-0.66,-72.11,-0.157,0,21.2,0.25,0.03,0.33,0.25,0.35,0.02,LOW
DEMO_REC_0390,Maharashtra,Latur,Latur Central,Latur Station-1,76.544,18.3725,2024,May,Pre-Monsoon,6.84,1268.0,824.2,253.4,10.8,73.1,1.4,277.8,0.09,1.69,0.24,75.9,Synthetic Environmental Simulation,2024,37,Reported Diarrheal/Gastrointestinal Cases,Synthetic Community Health Registry,2024,Synthetic Ground Water Monitoring,2024,COMPLETE,SYNTHETIC_DEMO,-0.44,-48.25,-0.14,0,20.7,0.16,0.04,0.39,0.25,0.35,0.09,LOW
DEMO_REC_0391,Tamil Nadu,Salem,Salem Central,Salem Station-2,78.1086,11.6258,2022,July,Monsoon,7.64,593.3,385.6,227.8,58.6,201.4,1.75,224.8,0.24,4.6,17.28,497.6,Synthetic Environmental Simulation,2022,186,Reported Diarrheal/Gastrointestinal Cases,Synthetic Community Health Registry,2022,Synthetic Ground Water Monitoring,2022,COMPLETE,SYNTHETIC_DEMO,2.2,239.27,0.063,1,60.0,0.83,0.07,1.0,0.65,0.35,0.85,HIGH
DEMO_REC_0392,Tamil Nadu,Chennai,Chennai Central,Chennai Station-3,80.2808,13.0826,2023,July,Monsoon,7.25,1112.4,723.1,126.3,33.7,144.7,1.72,306.4,0.2,3.03,5.73,201.9,Synthetic Environmental Simulation,2023,63,Reported Diarrheal/Gastrointestinal Cases,Synthetic Community Health Registry,2023,Synthetic Ground Water Monitoring,2023,COMPLETE,SYNTHETIC_DEMO,0.35,37.66,-0.116,0,34.2,0.28,0.05,0.59,0.65,0.35,0.18,MODERATE
DEMO_REC_0393,Tamil Nadu,Coimbatore,Coimbatore Central,Coimbatore Station-4,76.9716,11.0434,2024,July,Monsoon,6.88,1369.2,890.0,200.0,41.4,127.1,1.08,285.7,0.04,2.24,1.98,227.8,Synthetic Environmental Simulation,2024,78,Reported Diarrheal/Gastrointestinal Cases,Synthetic Community Health Registry,2024,Synthetic Ground Water Monitoring,2024,COMPLETE,SYNTHETIC_DEMO,0.51,55.32,-0.091,0,31.1,0.35,0.05,0.63,0.25,0.35,0.27,MODERATE
DEMO_REC_0394,Tamil Nadu,Madurai,Madurai Central,Madurai Station-5,78.0893,9.8762,2022,November,Post-Monsoon,7.46,1195.7,777.2,85.1,6.3,64.6,0.92,341.3,0.07,8.46,0.42,39.8,Synthetic Environmental Simulation,2022,95,Reported Diarrheal/Gastrointestinal Cases,Synthetic Community Health Registry,2022,Synthetic Ground Water Monitoring,2022,COMPLETE,SYNTHETIC_DEMO,-0.67,-72.86,-0.131,0,26.0,0.42,0.04,0.33,0.25,0.35,0.12,LOW
DEMO_REC_0395,Tamil Nadu,Tiruchirappalli,Tiruchirappalli Central,Tiruchirappalli Station-1,78.7155,10.8368,2023,November,Post-Monsoon,7.17,1231.6,800.5,94.6,16.2,136.2,0.82,381.1,0.07,1.93,4.01,59.2,Synthetic Environmental Simulation,2023,82,Reported Diarrheal/Gastrointestinal Cases,Synthetic Community Health Registry,2023,Synthetic Ground Water Monitoring,2023,COMPLETE,SYNTHETIC_DEMO,-0.55,-59.64,-0.155,0,24.8,0.36,0.04,0.36,0.25,0.35,0.03,LOW
DEMO_REC_0396,Andhra Pradesh,Visakhapatnam,Visakhapatnam Central,Visakhapatnam Station-2,83.2478,17.658,2024,November,Post-Monsoon,7.03,1570.3,1020.7,239.9,23.1,115.6,1.3,264.1,0.66,1.54,2.8,55.4,Synthetic Environmental Simulation,2024,51,Reported Diarrheal/Gastrointestinal Cases,Synthetic Community Health Registry,2024,Synthetic Ground Water Monitoring,2024,COMPLETE,SYNTHETIC_DEMO,-0.57,-62.23,-0.13,0,28.4,0.23,0.07,0.36,0.65,0.35,0.13,LOW
DEMO_REC_0397,Andhra Pradesh,Vijayawada,Vijayawada Central,Vijayawada Station-3,80.6499,16.4898,2022,May,Pre-Monsoon,6.99,798.2,518.8,139.2,34.3,159.1,1.03,202.9,0.01,0.84,2.42,27.5,Synthetic Environmental Simulation,2022,107,Reported Diarrheal/Gastrointestinal Cases,Synthetic Community Health Registry,2022,Synthetic Ground Water Monitoring,2022,COMPLETE,SYNTHETIC_DEMO,-0.75,-81.25,-0.101,0,26.6,0.48,0.0,0.31,0.25,0.35,0.23,LOW
DEMO_REC_0398,Andhra Pradesh,Guntur,Guntur Central,Guntur Station-4,80.4746,16.285,2023,May,Pre-Monsoon,7.88,1713.7,1113.9,134.2,58.7,117.1,1.28,285.2,0.13,3.44,2.39,19.9,Synthetic Environmental Simulation,2023,95,Reported Diarrheal/Gastrointestinal Cases,Synthetic Community Health Registry,2023,Synthetic Ground Water Monitoring,2023,COMPLETE,SYNTHETIC_DEMO,-0.8,-86.43,0.018,1,36.5,0.42,0.13,0.3,0.65,0.35,0.68,MODERATE
DEMO_REC_0399,Andhra Pradesh,Anantapur,Anantapur Central,Anantapur Station-5,77.6213,14.6397,2024,May,Pre-Monsoon,7.13,1129.8,734.4,229.6,26.3,126.3,1.71,252.3,0.33,1.32,1.91,49.3,Synthetic Environmental Simulation,2024,47,Reported Diarrheal/Gastrointestinal Cases,Synthetic Community Health Registry,2024,Synthetic Ground Water Monitoring,2024,COMPLETE,SYNTHETIC_DEMO,-0.61,-66.39,-0.158,0,20.8,0.21,0.05,0.35,0.25,0.35,0.02,LOW
DEMO_REC_0400,Assam,Kamrup Metropolitan,Kamrup Metropolitan Central,Kamrup Metropolitan Station-1,91.7112,26.1232,2022,July,Monsoon,6.77,1032.2,670.9,256.3,72.7,147.5,0.34,264.2,0.44,5.8,1.77,559.7,Synthetic Environmental Simulation,2022,188,Reported Diarrheal/Gastrointestinal Cases,Synthetic Community Health Registry,2022,Synthetic Ground Water Monitoring,2022,COMPLETE,SYNTHETIC_DEMO,2.59,281.62,0.033,1,60.9,0.84,0.12,1.0,0.65,0.35,0.73,HIGH
DEMO_REC_0401,Assam,Cachar,Cachar Central,Cachar Station-2,92.7812,24.864,2023,July,Monsoon,7.23,1453.5,944.8,198.0,21.0,137.7,0.67,216.7,0.14,1.74,3.88,377.8,Synthetic Environmental Simulation,2023,62,Reported Diarrheal/Gastrointestinal Cases,Synthetic Community Health Registry,2023,Synthetic Ground Water Monitoring,2023,COMPLETE,SYNTHETIC_DEMO,1.45,157.59,-0.098,0,34.1,0.28,0.06,0.86,0.25,0.35,0.25,MODERATE
DEMO_REC_0402,Arunachal Pradesh,Papum Pare,Papum Pare Central,Papum Pare Station-3,93.6352,27.1025,2024,July,Monsoon,7.48,1456.6,946.8,151.4,17.0,165.3,1.12,261.1,0.8,7.38,0.22,521.0,Synthetic Environmental Simulation,2024,119,Reported Diarrheal/Gastrointestinal Cases,Synthetic Community Health Registry,2024,Synthetic Ground Water Monitoring,2024,COMPLETE,SYNTHETIC_DEMO,2.35,255.23,-0.028,0,44.5,0.53,0.06,1.0,0.25,0.35,0.51,MODERATE
DEMO_REC_0403,Kerala,Wayanad,Wayanad Central,Wayanad Station-4,76.1498,11.6761,2022,November,Post-Monsoon,6.85,1379.7,896.8,179.7,5.4,88.7,0.69,217.2,0.67,1.41,0.66,57.1,Synthetic Environmental Simulation,2022,96,Reported Diarrheal/Gastrointestinal Cases,Synthetic Community Health Registry,2022,Synthetic Ground Water Monitoring,2022,COMPLETE,SYNTHETIC_DEMO,-0.56,-61.07,-0.119,0,27.3,0.43,0.05,0.36,0.25,0.35,0.17,LOW
DEMO_REC_0404,Karnataka,Raichur,Raichur Central,Raichur Station-5,77.3141,16.1897,2023,November,Post-Monsoon,7.01,681.0,442.7,123.3,9.8,141.4,0.96,150.6,0.13,3.43,6.72,29.7,Synthetic Environmental Simulation,2023,36,Reported Diarrheal/Gastrointestinal Cases,Synthetic Community Health Registry,2023,Synthetic Ground Water Monitoring,2023,COMPLETE,SYNTHETIC_DEMO,-0.73,-79.75,-0.084,0,19.1,0.16,0.0,0.32,0.25,0.35,0.3,LOW
DEMO_REC_0405,Maharashtra,Latur,Latur Central,Latur Station-1,76.5897,18.3983,2024,November,Post-Monsoon,7.67,1508.2,980.3,277.0,5.7,165.1,1.08,323.1,0.42,0.04,2.18,37.7,Synthetic Environmental Simulation,2024,95,Reported Diarrheal/Gastrointestinal Cases,Synthetic Community Health Registry,2024,Synthetic Ground Water Monitoring,2024,COMPLETE,SYNTHETIC_DEMO,-0.68,-74.3,-0.098,0,27.2,0.42,0.06,0.33,0.25,0.35,0.25,LOW
DEMO_REC_0406,Tamil Nadu,Salem,Salem Central,Salem Station-2,78.1333,11.6159,2022,May,Pre-Monsoon,7.44,472.1,306.9,126.0,32.4,176.7,1.29,311.2,0.13,4.14,1.05,76.5,Synthetic Environmental Simulation,2022,66,Reported Diarrheal/Gastrointestinal Cases,Synthetic Community Health Registry,2022,Synthetic Ground Water Monitoring,2022,COMPLETE,SYNTHETIC_DEMO,-0.44,-47.84,-0.017,0,31.1,0.29,0.0,0.39,0.65,0.35,0.55,MODERATE
DEMO_REC_0407,Tamil Nadu,Chennai,Chennai Central,Chennai Station-3,80.2613,13.0554,2023,May,Pre-Monsoon,7.38,1329.3,864.0,140.6,27.5,94.2,0.81,62.8,0.07,0.35,0.04,43.3,Synthetic Environmental Simulation,2023,20,Reported Diarrheal/Gastrointestinal Cases,Synthetic Community Health Registry,2023,Synthetic Ground Water Monitoring,2023,COMPLETE,SYNTHETIC_DEMO,-0.65,-70.48,-0.147,0,23.7,0.09,0.05,0.34,0.65,0.35,0.06,LOW
DEMO_REC_0408,Tamil Nadu,Coimbatore,Coimbatore Central,Coimbatore Station-4,76.9496,10.9757,2024,May,Pre-Monsoon,6.9,857.4,557.3,241.7,16.1,110.9,0.43,230.8,0.98,4.12,1.85,25.3,Synthetic Environmental Simulation,2024,18,Reported Diarrheal/Gastrointestinal Cases,Synthetic Community Health Registry,2024,Synthetic Ground Water Monitoring,2024,COMPLETE,SYNTHETIC_DEMO,-0.76,-82.75,-0.125,0,16.4,0.08,0.01,0.31,0.25,0.35,0.14,LOW
DEMO_REC_0409,Tamil Nadu,Madurai,Madurai Central,Madurai Station-5,78.0876,9.9461,2022,July,Monsoon,7.02,1149.2,747.0,216.4,39.1,143.2,1.26,313.5,0.64,1.42,4.13,379.9,Synthetic Environmental Simulation,2022,113,Reported Diarrheal/Gastrointestinal Cases,Synthetic Community Health Registry,2022,Synthetic Ground Water Monitoring,2022,COMPLETE,SYNTHETIC_DEMO,1.46,159.02,-0.101,0,39.1,0.5,0.03,0.87,0.25,0.35,0.23,MODERATE
DEMO_REC_0410,Tamil Nadu,Tiruchirappalli,Tiruchirappalli Central,Tiruchirappalli Station-1,78.6834,10.7813,2023,July,Monsoon,6.47,1387.9,902.1,170.8,45.6,93.0,0.55,242.7,0.1,3.94,7.09,288.8,Synthetic Environmental Simulation,2023,62,Reported Diarrheal/Gastrointestinal Cases,Synthetic Community Health Registry,2023,Synthetic Ground Water Monitoring,2023,COMPLETE,SYNTHETIC_DEMO,0.89,96.91,-0.053,0,32.1,0.28,0.06,0.72,0.25,0.35,0.41,MODERATE
DEMO_REC_0411,Andhra Pradesh,Visakhapatnam,Visakhapatnam Central,Visakhapatnam Station-2,83.2492,17.6879,2024,July,Monsoon,7.51,1244.1,808.7,220.0,12.6,60.5,0.51,393.3,0.27,0.8,1.53,128.0,Synthetic Environmental Simulation,2024,101,Reported Diarrheal/Gastrointestinal Cases,Synthetic Community Health Registry,2024,Synthetic Ground Water Monitoring,2024,COMPLETE,SYNTHETIC_DEMO,-0.12,-12.73,-0.11,0,35.9,0.45,0.04,0.47,0.65,0.35,0.2,MODERATE
DEMO_REC_0412,Andhra Pradesh,Vijayawada,Vijayawada Central,Vijayawada Station-3,80.6785,16.5501,2022,November,Post-Monsoon,7.27,1606.8,1044.4,224.7,12.8,107.8,0.73,133.1,0.98,0.94,0.31,31.2,Synthetic Environmental Simulation,2022,25,Reported Diarrheal/Gastrointestinal Cases,Synthetic Community Health Registry,2022,Synthetic Ground Water Monitoring,2022,COMPLETE,SYNTHETIC_DEMO,-0.72,-78.73,-0.116,0,19.1,0.11,0.07,0.32,0.25,0.35,0.18,LOW
DEMO_REC_0413,Andhra Pradesh,Guntur,Guntur Central,Guntur Station-4,80.423,16.3195,2023,November,Post-Monsoon,7.22,1711.9,1112.7,116.1,22.9,129.1,0.45,291.7,0.49,1.78,0.17,36.6,Synthetic Environmental Simulation,2023,114,Reported Diarrheal/Gastrointestinal Cases,Synthetic Community Health Registry,2023,Synthetic Ground Water Monitoring,2023,COMPLETE,SYNTHETIC_DEMO,-0.69,-75.05,-0.088,0,35.9,0.51,0.08,0.33,0.65,0.35,0.28,MODERATE
DEMO_REC_0414,Andhra Pradesh,Anantapur,Anantapur Central,Anantapur Station-5,77.6366,14.7252,2024,November,Post-Monsoon,7.14,1848.7,1201.7,181.0,27.7,141.3,0.6,238.2,0.07,2.82,1.56,61.8,Synthetic Environmental Simulation,2024,60,Reported Diarrheal/Gastrointestinal Cases,Synthetic Community Health Registry,2024,Synthetic Ground Water Monitoring,2024,COMPLETE,SYNTHETIC_DEMO,-0.53,-57.86,-0.043,0,25.9,0.27,0.09,0.37,0.25,0.35,0.45,LOW
DEMO_REC_0415,Assam,Kamrup Metropolitan,Kamrup Metropolitan Central,Kamrup Metropolitan Station-1,91.7252,26.1308,2022,May,Pre-Monsoon,7.21,1308.6,850.6,265.9,10.8,176.3,1.38,287.4,0.12,4.54,1.11,78.7,Synthetic Environmental Simulation,2022,75,Reported Diarrheal/Gastrointestinal Cases,Synthetic Community Health Registry,2022,Synthetic Ground Water Monitoring,2022,COMPLETE,SYNTHETIC_DEMO,-0.43,-46.34,-0.14,0,31.1,0.33,0.05,0.39,0.65,0.35,0.09,MODERATE
DEMO_REC_0416,Assam,Cachar,Cachar Central,Cachar Station-2,92.7361,24.8432,2023,May,Pre-Monsoon,7.24,1252.3,814.0,220.2,5.1,98.0,1.66,294.8,0.95,0.2,2.28,27.8,Synthetic Environmental Simulation,2023,80,Reported Diarrheal/Gastrointestinal Cases,Synthetic Community Health Registry,2023,Synthetic Ground Water Monitoring,2023,COMPLETE,SYNTHETIC_DEMO,-0.75,-81.05,-0.122,0,24.6,0.36,0.06,0.31,0.25,0.35,0.16,LOW
DEMO_REC_0417,Arunachal Pradesh,Papum Pare,Papum Pare Central,Papum Pare Station-3,93.5852,27.0806,2024,May,Pre-Monsoon,6.57,1027.4,667.8,117.5,4.0,78.2,0.73,180.1,0.2,3.04,0.09,43.2,Synthetic Environmental Simulation,2024,79,Reported Diarrheal/Gastrointestinal Cases,Synthetic Community Health Registry,2024,Synthetic Ground Water Monitoring,2024,COMPLETE,SYNTHETIC_DEMO,-0.65,-70.55,-0.079,0,24.9,0.35,0.02,0.34,0.25,0.35,0.32,LOW
DEMO_REC_0418,Kerala,Wayanad,Wayanad Central,Wayanad Station-4,76.1142,11.656,2022,July,Monsoon,7.47,1181.4,767.9,160.2,8.3,152.4,1.7,273.2,0.15,1.69,6.8,250.6,Synthetic Environmental Simulation,2022,77,Reported Diarrheal/Gastrointestinal Cases,Synthetic Community Health Registry,2022,Synthetic Ground Water Monitoring,2022,COMPLETE,SYNTHETIC_DEMO,0.65,70.86,-0.11,0,31.5,0.34,0.06,0.66,0.25,0.35,0.2,MODERATE
DEMO_REC_0419,Karnataka,Raichur,Raichur Central,Raichur Station-5,77.3822,16.2257,2023,July,Monsoon,6.49,1659.9,1078.9,113.3,31.7,90.3,1.5,339.3,0.02,0.15,7.85,298.3,Synthetic Environmental Simulation,2023,67,Reported Diarrheal/Gastrointestinal Cases,Synthetic Community Health Registry,2023,Synthetic Ground Water Monitoring,2023,COMPLETE,SYNTHETIC_DEMO,0.95,103.39,-0.033,0,33.8,0.3,0.08,0.74,0.25,0.35,0.49,MODERATE
DEMO_REC_0420,Maharashtra,Latur,Latur Central,Latur Station-1,76.5277,18.388,2024,July,Monsoon,7.5,1122.3,729.5,268.4,5.5,190.0,0.36,365.5,0.15,2.62,3.59,193.1,Synthetic Environmental Simulation,2024,91,Reported Diarrheal/Gastrointestinal Cases,Synthetic Community Health Registry,2024,Synthetic Ground Water Monitoring,2024,COMPLETE,SYNTHETIC_DEMO,0.29,31.66,-0.091,0,31.0,0.4,0.03,0.57,0.25,0.35,0.27,MODERATE
DEMO_REC_0421,Tamil Nadu,Salem,Salem Central,Salem Station-2,78.1119,11.6655,2022,November,Post-Monsoon,7.63,1172.5,762.1,81.8,11.6,160.6,1.44,339.4,0.23,0.01,0.23,11.9,Synthetic Environmental Simulation,2022,47,Reported Diarrheal/Gastrointestinal Cases,Synthetic Community Health Registry,2022,Synthetic Ground Water Monitoring,2022,COMPLETE,SYNTHETIC_DEMO,-0.85,-91.89,-0.126,0,25.8,0.21,0.03,0.29,0.65,0.35,0.14,LOW
DEMO_REC_0422,Tamil Nadu,Chennai,Chennai Central,Chennai Station-3,80.2344,13.109,2023,November,Post-Monsoon,7.37,1097.5,713.4,115.5,0.7,103.1,1.11,362.4,0.34,3.03,9.37,-2.7,Synthetic Environmental Simulation,2023,73,Reported Diarrheal/Gastrointestinal Cases,Synthetic Community Health Registry,2023,Synthetic Ground Water Monitoring,2023,COMPLETE,SYNTHETIC_DEMO,-0.94,-101.84,-0.077,0,29.0,0.32,0.03,0.27,0.65,0.35,0.32,LOW
DEMO_REC_0423,Tamil Nadu,Coimbatore,Coimbatore Central,Coimbatore Station-4,76.9929,11.0601,2024,November,Post-Monsoon,7.5,1809.1,1175.9,166.4,10.9,158.8,0.47,290.3,0.31,4.74,1.04,29.9,Synthetic Environmental Simulation,2024,43,Reported Diarrheal/Gastrointestinal Cases,Synthetic Community Health Registry,2024,Synthetic Ground Water Monitoring,2024,COMPLETE,SYNTHETIC_DEMO,-0.73,-79.61,-0.044,0,22.9,0.19,0.09,0.32,0.25,0.35,0.45,LOW
DEMO_REC_0424,Tamil Nadu,Madurai,Madurai Central,Madurai Station-5,78.1526,9.9501,2022,May,Pre-Monsoon,7.27,716.3,465.6,222.1,13.4,77.3,0.35,272.2,0.88,0.69,0.82,81.0,Synthetic Environmental Simulation,2022,81,Reported Diarrheal/Gastrointestinal Cases,Synthetic Community Health Registry,2022,Synthetic Ground Water Monitoring,2022,COMPLETE,SYNTHETIC_DEMO,-0.41,-44.77,-0.091,0,25.6,0.36,0.0,0.4,0.25,0.35,0.27,LOW
DEMO_REC_0425,Tamil Nadu,Tiruchirappalli,Tiruchirappalli Central,Tiruchirappalli Station-1,78.7368,10.8111,2023,May,Pre-Monsoon,7.54,1453.4,944.7,252.3,6.7,85.0,0.88,355.0,0.03,2.82,0.86,35.8,Synthetic Environmental Simulation,2023,87,Reported Diarrheal/Gastrointestinal Cases,Synthetic Community Health Registry,2023,Synthetic Ground Water Monitoring,2023,COMPLETE,SYNTHETIC_DEMO,-0.7,-75.59,-0.122,0,25.7,0.39,0.06,0.33,0.25,0.35,0.16,LOW
DEMO_REC_0426,Andhra Pradesh,Visakhapatnam,Visakhapatnam Central,Visakhapatnam Station-2,83.1965,17.7174,2024,May,Pre-Monsoon,7.21,713.6,463.8,207.1,14.6,165.2,1.13,223.8,0.51,8.02,4.72,41.8,Synthetic Environmental Simulation,2024,57,Reported Diarrheal/Gastrointestinal Cases,Synthetic Community Health Registry,2024,Synthetic Ground Water Monitoring,2024,COMPLETE,SYNTHETIC_DEMO,-0.66,-71.5,-0.112,0,27.3,0.25,0.0,0.34,0.65,0.35,0.19,LOW
DEMO_REC_0427,Andhra Pradesh,Vijayawada,Vijayawada Central,Vijayawada Station-3,80.6597,16.5295,2022,July,Monsoon,8.2,987.2,641.7,235.3,34.7,115.1,1.68,248.9,0.27,1.76,0.05,377.9,Synthetic Environmental Simulation,2022,64,Reported Diarrheal/Gastrointestinal Cases,Synthetic Community Health Registry,2022,Synthetic Ground Water Monitoring,2022,COMPLETE,SYNTHETIC_DEMO,1.45,157.66,-0.004,0,35.5,0.28,0.04,0.86,0.25,0.35,0.6,MODERATE
DEMO_REC_0428,Andhra Pradesh,Guntur,Guntur Central,Guntur Station-4,80.4248,16.35,2023,July,Monsoon,7.17,692.2,449.9,232.4,21.2,55.6,0.48,46.0,0.49,0.71,6.9,501.6,Synthetic Environmental Simulation,2023,28,Reported Diarrheal/Gastrointestinal Cases,Synthetic Community Health Registry,2023,Synthetic Ground Water Monitoring,2023,COMPLETE,SYNTHETIC_DEMO,2.23,242.0,-0.001,0,39.4,0.12,0.0,1.0,0.65,0.35,0.61,MODERATE
DEMO_REC_0429,Andhra Pradesh,Anantapur,Anantapur Central,Anantapur Station-5,77.5956,14.6953,2024,July,Monsoon,7.29,816.4,530.7,182.1,4.1,148.2,0.32,328.3,0.02,6.35,6.22,267.2,Synthetic Environmental Simulation,2024,104,Reported Diarrheal/Gastrointestinal Cases,Synthetic Community Health Registry,2024,Synthetic Ground Water Monitoring,2024,COMPLETE,SYNTHETIC_DEMO,0.76,82.18,-0.068,0,34.5,0.46,0.0,0.69,0.25,0.35,0.36,MODERATE
DEMO_REC_0430,Assam,Kamrup Metropolitan,Kamrup Metropolitan Central,Kamrup Metropolitan Station-1,91.7198,26.1683,2022,November,Post-Monsoon,7.05,1727.0,1122.5,168.3,76.7,161.5,0.76,395.5,0.03,0.24,7.7,29.9,Synthetic Environmental Simulation,2022,58,Reported Diarrheal/Gastrointestinal Cases,Synthetic Community Health Registry,2022,Synthetic Ground Water Monitoring,2022,COMPLETE,SYNTHETIC_DEMO,-0.73,-79.61,0.008,1,34.2,0.26,0.2,0.32,0.65,0.35,0.64,MODERATE
DEMO_REC_0431,Assam,Cachar,Cachar Central,Cachar Station-2,92.7609,24.8143,2023,November,Post-Monsoon,7.35,1358.0,882.7,150.4,39.6,85.9,1.03,306.5,1.05,3.22,0.71,86.3,Synthetic Environmental Simulation,2023,81,Reported Diarrheal/Gastrointestinal Cases,Synthetic Community Health Registry,2023,Synthetic Ground Water Monitoring,2023,COMPLETE,SYNTHETIC_DEMO,-0.38,-41.16,-0.119,0,26.5,0.36,0.05,0.41,0.25,0.35,0.17,LOW
DEMO_REC_0432,Arunachal Pradesh,Papum Pare,Papum Pare Central,Papum Pare Station-3,93.5891,27.0908,2024,November,Post-Monsoon,7.56,1213.2,788.6,268.3,32.1,123.3,1.62,201.4,0.16,1.64,0.22,26.3,Synthetic Environmental Simulation,2024,96,Reported Diarrheal/Gastrointestinal Cases,Synthetic Community Health Registry,2024,Synthetic Ground Water Monitoring,2024,COMPLETE,SYNTHETIC_DEMO,-0.76,-82.07,-0.133,0,26.0,0.43,0.05,0.31,0.25,0.35,0.11,LOW
DEMO_REC_0433,Kerala,Wayanad,Wayanad Central,Wayanad Station-4,76.1281,11.6637,2022,May,Pre-Monsoon,6.73,871.0,566.1,210.6,28.3,133.9,1.24,219.2,0.87,0.36,4.47,52.3,Synthetic Environmental Simulation,2022,66,Reported Diarrheal/Gastrointestinal Cases,Synthetic Community Health Registry,2022,Synthetic Ground Water Monitoring,2022,COMPLETE,SYNTHETIC_DEMO,-0.59,-64.34,-0.125,0,22.6,0.29,0.01,0.35,0.25,0.35,0.15,LOW
DEMO_REC_0434,Karnataka,Raichur,Raichur Central,Raichur Station-5,77.3587,16.1622,2023,May,Pre-Monsoon,7.54,1295.1,841.8,180.5,9.8,77.6,0.72,334.3,0.52,2.19,2.13,67.9,Synthetic Environmental Simulation,2023,87,Reported Diarrheal/Gastrointestinal Cases,Synthetic Community Health Registry,2023,Synthetic Ground Water Monitoring,2023,COMPLETE,SYNTHETIC_DEMO,-0.49,-53.7,-0.128,0,26.3,0.39,0.05,0.38,0.25,0.35,0.13,LOW
DEMO_REC_0435,Maharashtra,Latur,Latur Central,Latur Station-1,76.5834,18.4169,2024,May,Pre-Monsoon,6.84,1820.4,1183.3,171.2,6.4,122.9,1.59,153.9,0.08,1.65,6.54,39.1,Synthetic Environmental Simulation,2024,33,Reported Diarrheal/Gastrointestinal Cases,Synthetic Community Health Registry,2024,Synthetic Ground Water Monitoring,2024,COMPLETE,SYNTHETIC_DEMO,-0.68,-73.34,-0.039,0,22.4,0.15,0.1,0.33,0.25,0.35,0.47,LOW
DEMO_REC_0436,Tamil Nadu,Salem,Salem Central,Salem Station-2,78.1316,11.6951,2022,July,Monsoon,6.96,1920.5,1248.3,172.2,43.5,50.6,1.02,182.1,0.05,0.74,7.38,489.6,Synthetic Environmental Simulation,2022,151,Reported Diarrheal/Gastrointestinal Cases,Synthetic Community Health Registry,2022,Synthetic Ground Water Monitoring,2022,COMPLETE,SYNTHETIC_DEMO,2.15,233.82,0.057,1,56.6,0.67,0.1,1.0,0.65,0.35,0.82,HIGH
DEMO_REC_0437,Tamil Nadu,Chennai,Chennai Central,Chennai Station-3,80.2712,13.0813,2023,July,Monsoon,7.38,1036.6,673.8,186.1,7.5,86.7,1.08,254.4,0.04,6.79,0.61,269.2,Synthetic Environmental Simulation,2023,45,Reported Diarrheal/Gastrointestinal Cases,Synthetic Community Health Registry,2023,Synthetic Ground Water Monitoring,2023,COMPLETE,SYNTHETIC_DEMO,0.77,83.55,-0.111,0,33.7,0.2,0.02,0.69,0.65,0.35,0.2,MODERATE
DEMO_REC_0438,Tamil Nadu,Coimbatore,Coimbatore Central,Coimbatore Station-4,77.0002,11.0088,2024,July,Monsoon,6.6,1105.0,718.2,202.1,23.1,121.6,0.96,317.3,0.09,4.89,2.37,323.9,Synthetic Environmental Simulation,2024,60,Reported Diarrheal/Gastrointestinal Cases,Synthetic Community Health Registry,2024,Synthetic Ground Water Monitoring,2024,COMPLETE,SYNTHETIC_DEMO,1.11,120.84,-0.093,0,31.5,0.27,0.03,0.78,0.25,0.35,0.26,MODERATE
DEMO_REC_0439,Tamil Nadu,Madurai,Madurai Central,Madurai Station-5,78.126,9.9095,2022,November,Post-Monsoon,7.44,1082.2,703.4,161.9,8.3,137.6,1.75,230.2,0.45,0.06,2.75,63.0,Synthetic Environmental Simulation,2022,108,Reported Diarrheal/Gastrointestinal Cases,Synthetic Community Health Registry,2022,Synthetic Ground Water Monitoring,2022,COMPLETE,SYNTHETIC_DEMO,-0.53,-57.05,-0.142,0,28.3,0.48,0.05,0.37,0.25,0.35,0.08,LOW
DEMO_REC_0440,Tamil Nadu,Tiruchirappalli,Tiruchirappalli Central,Tiruchirappalli Station-1,78.741,10.8074,2023,November,Post-Monsoon,7.42,1338.1,869.8,169.1,14.1,133.4,1.66,321.7,0.02,0.11,3.82,6.9,Synthetic Environmental Simulation,2023,27,Reported Diarrheal/Gastrointestinal Cases,Synthetic Community Health Registry,2023,Synthetic Ground Water Monitoring,2023,COMPLETE,SYNTHETIC_DEMO,-0.88,-95.3,-0.137,0,18.0,0.12,0.07,0.28,0.25,0.35,0.1,LOW
DEMO_REC_0441,Andhra Pradesh,Visakhapatnam,Visakhapatnam Central,Visakhapatnam Station-2,83.2011,17.7154,2024,November,Post-Monsoon,7.06,1633.9,1062.0,138.7,44.1,117.5,0.97,233.9,0.68,0.34,0.39,49.2,Synthetic Environmental Simulation,2024,35,Reported Diarrheal/Gastrointestinal Cases,Synthetic Community Health Registry,2024,Synthetic Ground Water Monitoring,2024,COMPLETE,SYNTHETIC_DEMO,-0.61,-66.45,-0.082,0,27.5,0.16,0.07,0.35,0.65,0.35,0.31,LOW
DEMO_REC_0442,Andhra Pradesh,Vijayawada,Vijayawada Central,Vijayawada Station-3,80.6738,16.4657,2022,May,Pre-Monsoon,6.98,1652.7,1074.3,196.9,68.0,85.3,0.61,511.7,0.1,7.41,5.54,50.6,Synthetic Environmental Simulation,2022,83,Reported Diarrheal/Gastrointestinal Cases,Synthetic Community Health Registry,2022,Synthetic Ground Water Monitoring,2022,COMPLETE,SYNTHETIC_DEMO,-0.6,-65.5,-0.027,0,30.0,0.37,0.16,0.35,0.25,0.35,0.51,LOW
DEMO_REC_0443,Andhra Pradesh,Guntur,Guntur Central,Guntur Station-4,80.4412,16.3529,2023,May,Pre-Monsoon,7.27,1004.3,652.8,189.9,37.3,129.4,1.5,273.5,0.3,0.87,1.4,34.3,Synthetic Environmental Simulation,2023,64,Reported Diarrheal/Gastrointestinal Cases,Synthetic Community Health Registry,2023,Synthetic Ground Water Monitoring,2023,COMPLETE,SYNTHETIC_DEMO,-0.71,-76.61,-0.136,0,27.9,0.28,0.02,0.32,0.65,0.35,0.1,LOW
DEMO_REC_0444,Andhra Pradesh,Anantapur,Anantapur Central,Anantapur Station-5,77.5804,14.7152,2024,May,Pre-Monsoon,7.28,1210.3,786.7,150.7,29.1,113.5,1.78,288.0,0.18,7.44,0.85,38.6,Synthetic Environmental Simulation,2024,31,Reported Diarrheal/Gastrointestinal Cases,Synthetic Community Health Registry,2024,Synthetic Ground Water Monitoring,2024,COMPLETE,SYNTHETIC_DEMO,-0.68,-73.68,-0.152,0,19.2,0.14,0.07,0.33,0.25,0.35,0.04,LOW
DEMO_REC_0445,Assam,Kamrup Metropolitan,Kamrup Metropolitan Central,Kamrup Metropolitan Station-1,91.7265,26.1553,2022,July,Monsoon,7.43,1012.4,658.1,241.1,70.4,125.8,1.13,214.1,0.06,0.14,0.25,616.1,Synthetic Environmental Simulation,2022,141,Reported Diarrheal/Gastrointestinal Cases,Synthetic Community Health Registry,2022,Synthetic Ground Water Monitoring,2022,COMPLETE,SYNTHETIC_DEMO,2.95,320.07,0.034,1,55.4,0.63,0.11,1.0,0.65,0.35,0.74,HIGH
DEMO_REC_0446,Assam,Cachar,Cachar Central,Cachar Station-2,92.7557,24.8346,2023,July,Monsoon,7.21,631.1,410.2,202.2,17.5,228.4,0.55,260.6,0.43,10.49,8.74,346.6,Synthetic Environmental Simulation,2023,42,Reported Diarrheal/Gastrointestinal Cases,Synthetic Community Health Registry,2023,Synthetic Ground Water Monitoring,2023,COMPLETE,SYNTHETIC_DEMO,1.25,136.32,-0.042,0,30.5,0.19,0.0,0.81,0.25,0.35,0.46,MODERATE
DEMO_REC_0447,Arunachal Pradesh,Papum Pare,Papum Pare Central,Papum Pare Station-3,93.6241,27.0954,2024,July,Monsoon,7.1,1176.3,764.6,315.2,44.7,111.9,0.58,301.9,0.3,0.26,2.78,380.5,Synthetic Environmental Simulation,2024,71,Reported Diarrheal/Gastrointestinal Cases,Synthetic Community Health Registry,2024,Synthetic Ground Water Monitoring,2024,COMPLETE,SYNTHETIC_DEMO,1.47,159.43,-0.095,0,34.6,0.32,0.04,0.87,0.25,0.35,0.26,MODERATE
DEMO_REC_0448,Kerala,Wayanad,Wayanad Central,Wayanad Station-4,76.0984,11.6617,2022,November,Post-Monsoon,6.67,946.2,615.0,237.2,43.5,139.4,1.17,313.8,0.29,0.83,6.76,44.5,Synthetic Environmental Simulation,2022,21,Reported Diarrheal/Gastrointestinal Cases,Synthetic Community Health Registry,2022,Synthetic Ground Water Monitoring,2022,COMPLETE,SYNTHETIC_DEMO,-0.64,-69.66,-0.088,0,18.2,0.09,0.02,0.34,0.25,0.35,0.28,LOW
DEMO_REC_0449,Karnataka,Raichur,Raichur Central,Raichur Station-5,77.2988,16.2226,2023,November,Post-Monsoon,7.17,1256.2,816.5,195.7,49.4,143.3,0.67,293.8,0.25,1.3,1.36,36.6,Synthetic Environmental Simulation,2023,114,Reported Diarrheal/Gastrointestinal Cases,Synthetic Community Health Registry,2023,Synthetic Ground Water Monitoring,2023,COMPLETE,SYNTHETIC_DEMO,-0.69,-75.05,-0.109,0,28.9,0.51,0.06,0.33,0.25,0.35,0.2,LOW
DEMO_REC_0450,Maharashtra,Latur,Latur Central,Latur Station-1,76.56,18.4101,2024,November,Post-Monsoon,6.99,1126.8,732.4,137.6,18.0,52.5,1.33,292.0,0.6,0.89,0.64,50.4,Synthetic Environmental Simulation,2024,93,Reported Diarrheal/Gastrointestinal Cases,Synthetic Community Health Registry,2024,Synthetic Ground Water Monitoring,2024,COMPLETE,SYNTHETIC_DEMO,-0.6,-65.64,-0.16,0,25.4,0.41,0.03,0.35,0.25,0.35,0.01,LOW
DEMO_REC_0451,Tamil Nadu,Salem,Salem Central,Salem Station-2,78.135,11.6833,2022,May,Pre-Monsoon,6.84,884.7,575.1,165.0,1.0,97.9,1.3,187.1,0.18,0.54,0.71,64.2,Synthetic Environmental Simulation,2022,15,Reported Diarrheal/Gastrointestinal Cases,Synthetic Community Health Registry,2022,Synthetic Ground Water Monitoring,2022,COMPLETE,SYNTHETIC_DEMO,-0.52,-56.23,-0.078,0,24.2,0.07,0.01,0.37,0.65,0.35,0.32,LOW
DEMO_REC_0452,Tamil Nadu,Chennai,Chennai Central,Chennai Station-3,80.2418,13.1224,2023,May,Pre-Monsoon,6.9,875.6,569.1,135.2,25.6,132.6,0.81,211.7,0.37,2.04,0.89,28.7,Synthetic Environmental Simulation,2023,99,Reported Diarrheal/Gastrointestinal Cases,Synthetic Community Health Registry,2023,Synthetic Ground Water Monitoring,2023,COMPLETE,SYNTHETIC_DEMO,-0.74,-80.43,-0.132,0,31.4,0.44,0.01,0.31,0.65,0.35,0.12,MODERATE
DEMO_REC_0453,Tamil Nadu,Coimbatore,Coimbatore Central,Coimbatore Station-4,76.9517,11.0561,2024,May,Pre-Monsoon,7.33,1188.9,772.8,176.2,71.1,126.9,1.79,306.0,0.01,5.79,2.45,66.6,Synthetic Environmental Simulation,2024,116,Reported Diarrheal/Gastrointestinal Cases,Synthetic Community Health Registry,2024,Synthetic Ground Water Monitoring,2024,COMPLETE,SYNTHETIC_DEMO,-0.5,-54.59,-0.062,0,33.5,0.52,0.16,0.37,0.25,0.35,0.38,MODERATE
DEMO_REC_0454,Tamil Nadu,Madurai,Madurai Central,Madurai Station-5,78.1349,9.9589,2022,July,Monsoon,6.57,1578.5,1026.0,234.6,20.6,193.2,0.32,277.3,0.62,1.48,1.26,303.5,Synthetic Environmental Simulation,2022,101,Reported Diarrheal/Gastrointestinal Cases,Synthetic Community Health Registry,2022,Synthetic Ground Water Monitoring,2022,COMPLETE,SYNTHETIC_DEMO,0.98,106.93,-0.054,0,37.2,0.45,0.07,0.75,0.25,0.35,0.41,MODERATE
DEMO_REC_0455,Tamil Nadu,Tiruchirappalli,Tiruchirappalli Central,Tiruchirappalli Station-1,78.6797,10.8121,2023,July,Monsoon,6.76,1261.4,819.9,201.5,23.5,147.9,0.56,214.7,0.28,1.75,6.05,257.7,Synthetic Environmental Simulation,2023,86,Reported Diarrheal/Gastrointestinal Cases,Synthetic Community Health Registry,2023,Synthetic Ground Water Monitoring,2023,COMPLETE,SYNTHETIC_DEMO,0.7,75.71,-0.118,0,32.2,0.38,0.04,0.67,0.25,0.35,0.17,MODERATE
DEMO_REC_0456,Andhra Pradesh,Visakhapatnam,Visakhapatnam Central,Visakhapatnam Station-2,83.2191,17.6773,2024,July,Monsoon,6.94,1439.3,935.5,221.6,7.1,74.1,0.64,299.2,0.2,8.15,4.4,129.8,Synthetic Environmental Simulation,2024,56,Reported Diarrheal/Gastrointestinal Cases,Synthetic Community Health Registry,2024,Synthetic Ground Water Monitoring,2024,COMPLETE,SYNTHETIC_DEMO,-0.11,-11.5,-0.105,0,31.5,0.25,0.06,0.47,0.65,0.35,0.22,MODERATE
DEMO_REC_0457,Andhra Pradesh,Vijayawada,Vijayawada Central,Vijayawada Station-3,80.6767,16.4801,2022,November,Post-Monsoon,7.14,1144.8,744.1,263.7,12.8,135.5,0.83,381.8,0.24,2.56,0.9,80.8,Synthetic Environmental Simulation,2022,35,Reported Diarrheal/Gastrointestinal Cases,Synthetic Community Health Registry,2022,Synthetic Ground Water Monitoring,2022,COMPLETE,SYNTHETIC_DEMO,-0.41,-44.91,-0.144,0,20.3,0.16,0.03,0.4,0.25,0.35,0.08,LOW
DEMO_REC_0458,Andhra Pradesh,Guntur,Guntur Central,Guntur Station-4,80.409,16.2686,2023,November,Post-Monsoon,7.7,1200.3,780.2,213.8,39.1,61.7,0.59,167.9,0.02,2.23,13.59,30.7,Synthetic Environmental Simulation,2023,108,Reported Diarrheal/Gastrointestinal Cases,Synthetic Community Health Registry,2023,Synthetic Ground Water Monitoring,2023,COMPLETE,SYNTHETIC_DEMO,-0.73,-79.07,-0.122,0,33.3,0.48,0.04,0.32,0.65,0.35,0.15,MODERATE
DEMO_REC_0459,Andhra Pradesh,Anantapur,Anantapur Central,Anantapur Station-5,77.5611,14.6923,2024,November,Post-Monsoon,7.52,1207.8,785.1,190.5,3.7,65.8,1.16,298.5,0.52,0.07,2.99,18.5,Synthetic Environmental Simulation,2024,26,Reported Diarrheal/Gastrointestinal Cases,Synthetic Community Health Registry,2024,Synthetic Ground Water Monitoring,2024,COMPLETE,SYNTHETIC_DEMO,-0.8,-87.39,-0.094,0,18.4,0.12,0.04,0.3,0.25,0.35,0.26,LOW
DEMO_REC_0460,Assam,Kamrup Metropolitan,Kamrup Metropolitan Central,Kamrup Metropolitan Station-1,91.7694,26.1287,2022,May,Pre-Monsoon,6.82,1531.5,995.5,186.8,8.9,137.5,1.36,225.8,0.08,6.74,2.01,11.8,Synthetic Environmental Simulation,2022,73,Reported Diarrheal/Gastrointestinal Cases,Synthetic Community Health Registry,2022,Synthetic Ground Water Monitoring,2022,COMPLETE,SYNTHETIC_DEMO,-0.85,-91.95,-0.113,0,29.7,0.32,0.07,0.29,0.65,0.35,0.19,LOW
DEMO_REC_0461,Assam,Cachar,Cachar Central,Cachar Station-2,92.7961,24.8538,2023,May,Pre-Monsoon,7.24,837.3,544.2,268.1,9.7,92.1,0.59,283.1,0.55,3.23,6.75,25.0,Synthetic Environmental Simulation,2023,109,Reported Diarrheal/Gastrointestinal Cases,Synthetic Community Health Registry,2023,Synthetic Ground Water Monitoring,2023,COMPLETE,SYNTHETIC_DEMO,-0.76,-82.95,-0.122,0,26.5,0.48,0.01,0.31,0.25,0.35,0.15,LOW
DEMO_REC_0462,Arunachal Pradesh,Papum Pare,Papum Pare Central,Papum Pare Station-3,93.602,27.1404,2024,May,Pre-Monsoon,7.41,841.1,546.7,124.3,30.0,97.9,0.77,172.3,0.18,0.97,4.09,33.4,Synthetic Environmental Simulation,2024,78,Reported Diarrheal/Gastrointestinal Cases,Synthetic Community Health Registry,2024,Synthetic Ground Water Monitoring,2024,COMPLETE,SYNTHETIC_DEMO,-0.71,-77.23,-0.117,0,23.4,0.35,0.01,0.32,0.25,0.35,0.17,LOW
DEMO_REC_0463,Kerala,Wayanad,Wayanad Central,Wayanad Station-4,76.1009,11.7316,2022,July,Monsoon,6.95,1295.6,842.1,244.2,9.5,84.9,0.91,253.0,0.04,2.15,0.13,410.7,Synthetic Environmental Simulation,2022,83,Reported Diarrheal/Gastrointestinal Cases,Synthetic Community Health Registry,2022,Synthetic Ground Water Monitoring,2022,COMPLETE,SYNTHETIC_DEMO,1.66,180.02,-0.098,0,37.1,0.37,0.05,0.91,0.25,0.35,0.24,MODERATE
DEMO_REC_0464,Karnataka,Raichur,Raichur Central,Raichur Station-5,77.3007,16.2243,2023,July,Monsoon,7.23,1575.0,1023.8,177.8,4.6,105.5,0.8,157.5,0.05,2.92,2.17,281.8,Synthetic Environmental Simulation,2023,114,Reported Diarrheal/Gastrointestinal Cases,Synthetic Community Health Registry,2023,Synthetic Ground Water Monitoring,2023,COMPLETE,SYNTHETIC_DEMO,0.85,92.14,-0.071,0,37.6,0.51,0.07,0.71,0.25,0.35,0.35,MODERATE
DEMO_REC_0465,Maharashtra,Latur,Latur Central,Latur Station-1,76.5789,18.4072,2024,July,Monsoon,7.27,1531.8,995.7,205.8,29.0,131.4,0.53,236.9,0.57,3.24,5.53,225.4,Synthetic Environmental Simulation,2024,20,Reported Diarrheal/Gastrointestinal Cases,Synthetic Community Health Registry,2024,Synthetic Ground Water Monitoring,2024,COMPLETE,SYNTHETIC_DEMO,0.49,53.68,-0.104,0,24.7,0.09,0.07,0.62,0.25,0.35,0.22,LOW
DEMO_REC_0466,Tamil Nadu,Salem,Salem Central,Salem Station-2,78.1603,11.642,2022,November,Post-Monsoon,6.74,1462.7,950.8,197.1,26.7,172.5,1.62,412.5,0.26,3.46,10.03,100.7,Synthetic Environmental Simulation,2022,91,Reported Diarrheal/Gastrointestinal Cases,Synthetic Community Health Registry,2022,Synthetic Ground Water Monitoring,2022,COMPLETE,SYNTHETIC_DEMO,-0.29,-31.34,-0.111,0,34.7,0.4,0.07,0.43,0.65,0.35,0.2,MODERATE
DEMO_REC_0467,Tamil Nadu,Chennai,Chennai Central,Chennai Station-3,80.3137,13.0594,2023,November,Post-Monsoon,7.32,772.9,502.4,199.0,57.7,93.0,1.23,240.1,0.38,2.11,4.02,24.7,Synthetic Environmental Simulation,2023,104,Reported Diarrheal/Gastrointestinal Cases,Synthetic Community Health Registry,2023,Synthetic Ground Water Monitoring,2023,COMPLETE,SYNTHETIC_DEMO,-0.77,-83.16,-0.05,0,34.3,0.46,0.05,0.31,0.65,0.35,0.43,MODERATE
DEMO_REC_0468,Tamil Nadu,Coimbatore,Coimbatore Central,Coimbatore Station-4,76.9323,11.0566,2024,November,Post-Monsoon,7.29,1004.2,652.7,270.4,24.9,139.6,1.49,253.5,0.03,0.99,1.72,44.7,Synthetic Environmental Simulation,2024,60,Reported Diarrheal/Gastrointestinal Cases,Synthetic Community Health Registry,2024,Synthetic Ground Water Monitoring,2024,COMPLETE,SYNTHETIC_DEMO,-0.64,-69.52,-0.153,0,21.4,0.27,0.02,0.34,0.25,0.35,0.04,LOW
DEMO_REC_0469,Tamil Nadu,Madurai,Madurai Central,Madurai Station-5,78.077,9.9199,2022,May,Pre-Monsoon,7.15,1470.3,955.7,195.1,20.5,114.3,1.7,214.7,0.23,1.87,0.46,49.7,Synthetic Environmental Simulation,2022,99,Reported Diarrheal/Gastrointestinal Cases,Synthetic Community Health Registry,2022,Synthetic Ground Water Monitoring,2022,COMPLETE,SYNTHETIC_DEMO,-0.61,-66.11,-0.144,0,27.6,0.44,0.08,0.35,0.25,0.35,0.07,LOW
DEMO_REC_0470,Tamil Nadu,Tiruchirappalli,Tiruchirappalli Central,Tiruchirappalli Station-1,78.7274,10.7921,2023,May,Pre-Monsoon,6.91,788.0,512.2,193.8,24.6,108.4,1.78,209.4,0.01,0.03,7.63,3.2,Synthetic Environmental Simulation,2023,50,Reported Diarrheal/Gastrointestinal Cases,Synthetic Community Health Registry,2023,Synthetic Ground Water Monitoring,2023,COMPLETE,SYNTHETIC_DEMO,-0.9,-97.82,-0.091,0,20.4,0.22,0.03,0.27,0.25,0.35,0.27,LOW
DEMO_REC_0471,Andhra Pradesh,Visakhapatnam,Visakhapatnam Central,Visakhapatnam Station-2,83.2373,17.6526,2024,May,Pre-Monsoon,7.12,839.1,545.4,138.2,35.6,136.2,0.43,187.6,0.15,3.12,3.23,16.2,Synthetic Environmental Simulation,2024,69,Reported Diarrheal/Gastrointestinal Cases,Synthetic Community Health Registry,2024,Synthetic Ground Water Monitoring,2024,COMPLETE,SYNTHETIC_DEMO,-0.82,-88.95,-0.11,0,28.0,0.31,0.01,0.3,0.65,0.35,0.2,LOW
DEMO_REC_0472,Andhra Pradesh,Vijayawada,Vijayawada Central,Vijayawada Station-3,80.6628,16.5402,2022,July,Monsoon,7.53,1064.7,692.1,169.2,27.9,144.6,1.42,380.7,0.17,6.74,3.0,401.3,Synthetic Environmental Simulation,2022,61,Reported Diarrheal/Gastrointestinal Cases,Synthetic Community Health Registry,2022,Synthetic Ground Water Monitoring,2022,COMPLETE,SYNTHETIC_DEMO,1.6,173.61,-0.098,0,33.9,0.27,0.03,0.9,0.25,0.35,0.24,MODERATE
DEMO_REC_0473,Andhra Pradesh,Guntur,Guntur Central,Guntur Station-4,80.4354,16.3512,2023,July,Monsoon,6.65,1406.8,914.4,246.4,16.8,197.3,0.63,421.9,0.39,0.0,8.29,240.5,Synthetic Environmental Simulation,2023,69,Reported Diarrheal/Gastrointestinal Cases,Synthetic Community Health Registry,2023,Synthetic Ground Water Monitoring,2023,COMPLETE,SYNTHETIC_DEMO,0.59,63.98,-0.097,0,36.5,0.31,0.06,0.65,0.65,0.35,0.25,MODERATE
DEMO_REC_0474,Andhra Pradesh,Anantapur,Anantapur Central,Anantapur Station-5,77.5693,14.7,2024,July,Monsoon,7.53,975.7,634.2,153.4,68.6,121.5,1.57,156.0,0.08,1.34,2.86,66.3,Synthetic Environmental Simulation,2024,45,Reported Diarrheal/Gastrointestinal Cases,Synthetic Community Health Registry,2024,Synthetic Ground Water Monitoring,2024,COMPLETE,SYNTHETIC_DEMO,-0.5,-54.8,-0.051,0,24.6,0.2,0.11,0.37,0.25,0.35,0.42,LOW
DEMO_REC_0475,Assam,Kamrup Metropolitan,Kamrup Metropolitan Central,Kamrup Metropolitan Station-1,91.7115,26.1461,2022,November,Post-Monsoon,6.68,521.2,338.8,259.0,37.2,98.6,0.98,333.3,0.03,0.56,1.6,6.6,Synthetic Environmental Simulation,2022,18,Reported Diarrheal/Gastrointestinal Cases,Synthetic Community Health Registry,2022,Synthetic Ground Water Monitoring,2022,COMPLETE,SYNTHETIC_DEMO,-0.88,-95.5,-0.007,0,23.8,0.08,0.0,0.28,0.65,0.35,0.58,LOW
DEMO_REC_0476,Assam,Cachar,Cachar Central,Cachar Station-2,92.7817,24.7869,2023,November,Post-Monsoon,6.76,1415.0,919.8,139.9,1.0,97.7,1.32,309.9,0.55,0.65,6.04,51.4,Synthetic Environmental Simulation,2023,21,Reported Diarrheal/Gastrointestinal Cases,Synthetic Community Health Registry,2023,Synthetic Ground Water Monitoring,2023,COMPLETE,SYNTHETIC_DEMO,-0.6,-64.95,-0.086,0,19.4,0.09,0.06,0.35,0.25,0.35,0.29,LOW
DEMO_REC_0477,Arunachal Pradesh,Papum Pare,Papum Pare Central,Papum Pare Station-3,93.5996,27.129,2024,November,Post-Monsoon,6.86,250.6,162.9,154.5,17.8,106.8,0.6,238.6,0.13,0.02,5.48,23.1,Synthetic Environmental Simulation,2024,21,Reported Diarrheal/Gastrointestinal Cases,Synthetic Community Health Registry,2024,Synthetic Ground Water Monitoring,2024,COMPLETE,SYNTHETIC_DEMO,-0.78,-84.25,0.025,1,19.2,0.09,0.0,0.31,0.25,0.35,0.71,LOW
DEMO_REC_0478,Kerala,Wayanad,Wayanad Central,Wayanad Station-4,76.1712,11.7294,2022,May,Pre-Monsoon,8.12,1853.6,1204.8,259.1,6.9,195.6,1.63,140.4,0.03,4.32,0.71,12.9,Synthetic Environmental Simulation,2022,76,Reported Diarrheal/Gastrointestinal Cases,Synthetic Community Health Registry,2022,Synthetic Ground Water Monitoring,2022,COMPLETE,SYNTHETIC_DEMO,-0.84,-91.2,0.036,1,27.9,0.34,0.11,0.29,0.25,0.35,0.74,LOW
DEMO_REC_0479,Karnataka,Raichur,Raichur Central,Raichur Station-5,77.3467,16.1726,2023,May,Pre-Monsoon,6.83,1107.1,719.6,203.3,49.6,147.7,1.04,319.1,0.26,0.62,0.94,38.4,Synthetic Environmental Simulation,2023,91,Reported Diarrheal/Gastrointestinal Cases,Synthetic Community Health Registry,2023,Synthetic Ground Water Monitoring,2023,COMPLETE,SYNTHETIC_DEMO,-0.68,-73.82,-0.101,0,26.3,0.4,0.05,0.33,0.25,0.35,0.23,LOW
DEMO_REC_0480,Maharashtra,Latur,Latur Central,Latur Station-1,76.5149,18.4067,2024,May,Pre-Monsoon,6.75,841.8,547.2,232.4,30.4,184.1,1.21,228.2,0.44,1.48,1.92,29.0,Synthetic Environmental Simulation,2024,85,Reported Diarrheal/Gastrointestinal Cases,Synthetic Community Health Registry,2024,Synthetic Ground Water Monitoring,2024,COMPLETE,SYNTHETIC_DEMO,-0.74,-80.23,-0.119,0,24.0,0.38,0.01,0.32,0.25,0.35,0.17,LOW
DEMO_REC_0481,Tamil Nadu,Salem,Salem Central,Salem Station-2,78.1138,11.6855,2022,July,Monsoon,7.32,1430.6,929.9,149.8,48.9,137.4,1.53,317.9,0.12,0.76,0.39,626.6,Synthetic Environmental Simulation,2022,201,Reported Diarrheal/Gastrointestinal Cases,Synthetic Community Health Registry,2022,Synthetic Ground Water Monitoring,2022,COMPLETE,SYNTHETIC_DEMO,3.01,327.23,0.03,1,61.1,0.89,0.07,1.0,0.65,0.35,0.73,HIGH
DEMO_REC_0482,Tamil Nadu,Chennai,Chennai Central,Chennai Station-3,80.2566,13.0912,2023,July,Monsoon,6.31,1059.2,688.5,193.3,34.2,84.9,1.24,255.1,0.39,6.72,0.98,266.0,Synthetic Environmental Simulation,2023,17,Reported Diarrheal/Gastrointestinal Cases,Synthetic Community Health Registry,2023,Synthetic Ground Water Monitoring,2023,COMPLETE,SYNTHETIC_DEMO,0.75,81.36,-0.038,0,32.3,0.08,0.04,0.69,0.65,0.35,0.47,MODERATE
DEMO_REC_0483,Tamil Nadu,Coimbatore,Coimbatore Central,Coimbatore Station-4,76.9972,11.0494,2024,July,Monsoon,7.26,1478.9,961.3,212.2,10.2,125.4,0.65,264.9,0.01,0.09,7.39,288.8,Synthetic Environmental Simulation,2024,63,Reported Diarrheal/Gastrointestinal Cases,Synthetic Community Health Registry,2024,Synthetic Ground Water Monitoring,2024,COMPLETE,SYNTHETIC_DEMO,0.89,96.91,-0.109,0,31.3,0.28,0.06,0.72,0.25,0.35,0.2,MODERATE
DEMO_REC_0484,Tamil Nadu,Madurai,Madurai Central,Madurai Station-5,78.1455,9.9674,2022,November,Post-Monsoon,7.57,1556.6,1011.8,149.2,12.1,108.8,1.47,170.8,0.46,1.51,4.71,54.0,Synthetic Environmental Simulation,2022,100,Reported Diarrheal/Gastrointestinal Cases,Synthetic Community Health Registry,2022,Synthetic Ground Water Monitoring,2022,COMPLETE,SYNTHETIC_DEMO,-0.58,-63.18,-0.116,0,28.1,0.44,0.07,0.35,0.25,0.35,0.18,LOW
DEMO_REC_0485,Tamil Nadu,Tiruchirappalli,Tiruchirappalli Central,Tiruchirappalli Station-1,78.7156,10.8318,2023,November,Post-Monsoon,7.6,1387.0,901.6,136.0,21.1,84.3,1.36,212.8,0.13,11.79,0.32,66.5,Synthetic Environmental Simulation,2023,37,Reported Diarrheal/Gastrointestinal Cases,Synthetic Community Health Registry,2023,Synthetic Ground Water Monitoring,2023,COMPLETE,SYNTHETIC_DEMO,-0.5,-54.66,-0.132,0,20.8,0.16,0.05,0.37,0.25,0.35,0.12,LOW
DEMO_REC_0486,Andhra Pradesh,Visakhapatnam,Visakhapatnam Central,Visakhapatnam Station-2,83.2442,17.6732,2024,November,Post-Monsoon,7.54,822.1,534.4,140.7,72.4,158.5,1.01,333.7,0.29,1.52,6.74,69.7,Synthetic Environmental Simulation,2024,34,Reported Diarrheal/Gastrointestinal Cases,Synthetic Community Health Registry,2024,Synthetic Ground Water Monitoring,2024,COMPLETE,SYNTHETIC_DEMO,-0.48,-52.48,-0.015,0,30.0,0.15,0.1,0.38,0.65,0.35,0.56,LOW
DEMO_REC_0487,Andhra Pradesh,Vijayawada,Vijayawada Central,Vijayawada Station-3,80.6434,16.5151,2022,May,Pre-Monsoon,7.2,917.4,596.3,210.7,32.7,138.5,0.39,163.1,0.47,5.19,5.71,73.4,Synthetic Environmental Simulation,2022,17,Reported Diarrheal/Gastrointestinal Cases,Synthetic Community Health Registry,2022,Synthetic Ground Water Monitoring,2022,COMPLETE,SYNTHETIC_DEMO,-0.46,-49.95,-0.129,0,17.8,0.08,0.01,0.39,0.25,0.35,0.13,LOW
DEMO_REC_0488,Andhra Pradesh,Guntur,Guntur Central,Guntur Station-4,80.472,16.2838,2023,May,Pre-Monsoon,7.26,1184.2,769.7,174.3,8.8,154.1,0.9,326.8,0.12,0.67,1.97,86.8,Synthetic Environmental Simulation,2023,66,Reported Diarrheal/Gastrointestinal Cases,Synthetic Community Health Registry,2023,Synthetic Ground Water Monitoring,2023,COMPLETE,SYNTHETIC_DEMO,-0.38,-40.82,-0.144,0,30.0,0.29,0.04,0.41,0.65,0.35,0.07,LOW
DEMO_REC_0489,Andhra Pradesh,Anantapur,Anantapur Central,Anantapur Station-5,77.5903,14.6752,2024,May,Pre-Monsoon,7.53,1020.9,663.6,199.8,30.1,96.2,0.4,188.5,0.24,3.28,2.28,26.1,Synthetic Environmental Simulation,2024,56,Reported Diarrheal/Gastrointestinal Cases,Synthetic Community Health Registry,2024,Synthetic Ground Water Monitoring,2024,COMPLETE,SYNTHETIC_DEMO,-0.76,-82.2,-0.138,0,20.7,0.25,0.02,0.31,0.25,0.35,0.09,LOW
DEMO_REC_0490,Assam,Kamrup Metropolitan,Kamrup Metropolitan Central,Kamrup Metropolitan Station-1,91.7176,26.1431,2022,July,Monsoon,7.05,1038.9,675.3,146.1,60.3,114.0,1.18,362.4,1.12,1.9,7.07,685.2,Synthetic Environmental Simulation,2022,214,Reported Diarrheal/Gastrointestinal Cases,Synthetic Community Health Registry,2022,Synthetic Ground Water Monitoring,2022,COMPLETE,SYNTHETIC_DEMO,3.38,367.18,0.03,1,62.8,0.95,0.09,1.0,0.65,0.35,0.72,HIGH
DEMO_REC_0491,Assam,Cachar,Cachar Central,Cachar Station-2,92.7678,24.8821,2023,July,Monsoon,6.62,756.6,491.8,222.1,27.6,146.4,1.05,207.2,0.1,3.28,0.83,475.5,Synthetic Environmental Simulation,2023,30,Reported Diarrheal/Gastrointestinal Cases,Synthetic Community Health Registry,2023,Synthetic Ground Water Monitoring,2023,COMPLETE,SYNTHETIC_DEMO,2.06,224.21,-0.002,0,33.6,0.13,0.0,1.0,0.25,0.35,0.6,MODERATE
DEMO_REC_0492,Arunachal Pradesh,Papum Pare,Papum Pare Central,Papum Pare Station-3,93.6494,27.1095,2024,July,Monsoon,6.9,1091.7,709.6,155.0,33.2,214.0,1.14,340.5,0.19,3.91,0.43,404.6,Synthetic Environmental Simulation,2024,107,Reported Diarrheal/Gastrointestinal Cases,Synthetic Community Health Registry,2024,Synthetic Ground Water Monitoring,2024,COMPLETE,SYNTHETIC_DEMO,1.62,175.86,-0.099,0,39.2,0.48,0.03,0.9,0.25,0.35,0.24,MODERATE
DEMO_REC_0493,Kerala,Wayanad,Wayanad Central,Wayanad Station-4,76.1108,11.6893,2022,November,Post-Monsoon,6.58,1327.6,862.9,204.7,11.2,115.2,0.33,316.9,0.12,0.73,2.29,40.4,Synthetic Environmental Simulation,2022,18,Reported Diarrheal/Gastrointestinal Cases,Synthetic Community Health Registry,2022,Synthetic Ground Water Monitoring,2022,COMPLETE,SYNTHETIC_DEMO,-0.67,-72.45,-0.111,0,18.1,0.08,0.05,0.33,0.25,0.35,0.2,LOW
DEMO_REC_0494,Karnataka,Raichur,Raichur Central,Raichur Station-5,77.3906,16.1679,2023,November,Post-Monsoon,6.98,1378.4,896.0,255.0,9.9,112.4,1.02,203.8,0.14,1.13,0.16,32.4,Synthetic Environmental Simulation,2023,73,Reported Diarrheal/Gastrointestinal Cases,Synthetic Community Health Registry,2023,Synthetic Ground Water Monitoring,2023,COMPLETE,SYNTHETIC_DEMO,-0.72,-77.91,-0.146,0,23.4,0.32,0.05,0.32,0.25,0.35,0.07,LOW
DEMO_REC_0495,Maharashtra,Latur,Latur Central,Latur Station-1,76.5755,18.4207,2024,November,Post-Monsoon,7.93,981.2,637.8,162.3,10.7,109.8,0.38,249.8,0.0,0.63,1.25,59.4,Synthetic Environmental Simulation,2024,26,Reported Diarrheal/Gastrointestinal Cases,Synthetic Community Health Registry,2024,Synthetic Ground Water Monitoring,2024,COMPLETE,SYNTHETIC_DEMO,-0.55,-59.5,-0.09,0,19.2,0.12,0.02,0.36,0.25,0.35,0.27,LOW
DEMO_REC_0496,Tamil Nadu,Salem,Salem Central,Salem Station-2,78.1201,11.6292,2022,May,Pre-Monsoon,7.21,1457.5,947.4,163.7,37.5,81.6,0.87,233.6,0.11,2.83,1.03,31.0,Synthetic Environmental Simulation,2022,20,Reported Diarrheal/Gastrointestinal Cases,Synthetic Community Health Registry,2022,Synthetic Ground Water Monitoring,2022,COMPLETE,SYNTHETIC_DEMO,-0.73,-78.86,-0.118,0,24.2,0.09,0.06,0.32,0.65,0.35,0.17,LOW
DEMO_REC_0497,Tamil Nadu,Chennai,Chennai Central,Chennai Station-3,80.3138,13.033,2023,May,Pre-Monsoon,7.25,1122.6,729.7,211.6,8.9,116.8,1.0,295.5,1.19,6.53,6.85,50.0,Synthetic Environmental Simulation,2023,26,Reported Diarrheal/Gastrointestinal Cases,Synthetic Community Health Registry,2023,Synthetic Ground Water Monitoring,2023,COMPLETE,SYNTHETIC_DEMO,-0.61,-65.91,-0.15,0,24.4,0.12,0.04,0.35,0.65,0.35,0.05,LOW
DEMO_REC_0498,Tamil Nadu,Coimbatore,Coimbatore Central,Coimbatore Station-4,76.9565,11.0047,2024,May,Pre-Monsoon,6.47,1415.6,920.1,134.5,40.8,110.0,1.13,336.5,0.13,0.34,2.67,16.3,Synthetic Environmental Simulation,2024,35,Reported Diarrheal/Gastrointestinal Cases,Synthetic Community Health Registry,2024,Synthetic Ground Water Monitoring,2024,COMPLETE,SYNTHETIC_DEMO,-0.82,-88.89,-0.062,0,20.4,0.16,0.06,0.3,0.25,0.35,0.38,LOW
DEMO_REC_0499,Tamil Nadu,Madurai,Madurai Central,Madurai Station-5,78.1022,9.9279,2022,July,Monsoon,7.25,1150.0,747.5,239.3,8.4,75.5,1.4,423.0,0.13,2.76,0.12,276.5,Synthetic Environmental Simulation,2022,49,Reported Diarrheal/Gastrointestinal Cases,Synthetic Community Health Registry,2022,Synthetic Ground Water Monitoring,2022,COMPLETE,SYNTHETIC_DEMO,0.81,88.52,-0.124,0,28.3,0.22,0.03,0.7,0.25,0.35,0.15,LOW
DEMO_REC_0500,Tamil Nadu,Tiruchirappalli,Tiruchirappalli Central,Tiruchirappalli Station-1,78.7468,10.8203,2023,July,Monsoon,6.69,1825.3,1186.4,210.2,14.2,164.4,0.43,316.9,0.06,3.55,0.07,209.9,Synthetic Environmental Simulation,2023,62,Reported Diarrheal/Gastrointestinal Cases,Synthetic Community Health Registry,2023,Synthetic Ground Water Monitoring,2023,COMPLETE,SYNTHETIC_DEMO,0.4,43.11,-0.01,0,31.3,0.28,0.09,0.6,0.25,0.35,0.57,MODERATE
DEMO_REC_0501,Andhra Pradesh,Visakhapatnam,Visakhapatnam Central,Visakhapatnam Station-2,83.1748,17.7184,2024,July,Monsoon,7.77,1192.1,774.9,195.7,49.2,148.4,0.55,191.3,0.08,0.06,3.85,356.1,Synthetic Environmental Simulation,2024,20,Reported Diarrheal/Gastrointestinal Cases,Synthetic Community Health Registry,2024,Synthetic Ground Water Monitoring,2024,COMPLETE,SYNTHETIC_DEMO,1.31,142.8,-0.047,0,35.5,0.09,0.05,0.83,0.65,0.35,0.43,MODERATE
DEMO_REC_0502,Andhra Pradesh,Vijayawada,Vijayawada Central,Vijayawada Station-3,80.6827,16.515,2022,November,Post-Monsoon,7.06,1185.5,770.6,139.9,20.3,104.3,0.58,295.2,0.44,4.6,2.88,40.6,Synthetic Environmental Simulation,2022,55,Reported Diarrheal/Gastrointestinal Cases,Synthetic Community Health Registry,2022,Synthetic Ground Water Monitoring,2022,COMPLETE,SYNTHETIC_DEMO,-0.67,-72.32,-0.163,0,21.0,0.24,0.04,0.33,0.25,0.35,0.0,LOW
DEMO_REC_0503,Andhra Pradesh,Guntur,Guntur Central,Guntur Station-4,80.4344,16.2587,2023,November,Post-Monsoon,7.23,634.9,412.7,252.8,21.3,136.6,1.79,335.8,0.29,10.66,3.06,58.1,Synthetic Environmental Simulation,2023,72,Reported Diarrheal/Gastrointestinal Cases,Synthetic Community Health Registry,2023,Synthetic Ground Water Monitoring,2023,COMPLETE,SYNTHETIC_DEMO,-0.56,-60.39,-0.087,0,30.6,0.32,0.03,0.36,0.65,0.35,0.28,MODERATE
DEMO_REC_0504,Andhra Pradesh,Anantapur,Anantapur Central,Anantapur Station-5,77.5902,14.6924,2024,November,Post-Monsoon,7.5,1058.0,687.7,201.3,31.2,133.9,0.61,223.9,0.17,0.17,5.23,42.8,Synthetic Environmental Simulation,2024,76,Reported Diarrheal/Gastrointestinal Cases,Synthetic Community Health Registry,2024,Synthetic Ground Water Monitoring,2024,COMPLETE,SYNTHETIC_DEMO,-0.65,-70.82,-0.141,0,23.5,0.34,0.03,0.34,0.25,0.35,0.09,LOW
DEMO_REC_0505,Assam,Kamrup Metropolitan,Kamrup Metropolitan Central,Kamrup Metropolitan Station-1,91.7291,26.1122,2022,May,Pre-Monsoon,7.64,1264.4,821.9,139.1,7.9,101.3,0.8,379.5,0.05,0.33,0.08,82.8,Synthetic Environmental Simulation,2022,104,Reported Diarrheal/Gastrointestinal Cases,Synthetic Community Health Registry,2022,Synthetic Ground Water Monitoring,2022,COMPLETE,SYNTHETIC_DEMO,-0.4,-43.55,-0.101,0,35.0,0.46,0.04,0.4,0.65,0.35,0.23,MODERATE
DEMO_REC_0506,Assam,Cachar,Cachar Central,Cachar Station-2,92.8042,24.8801,2023,May,Pre-Monsoon,8.06,1035.6,673.1,237.8,22.6,79.7,1.1,207.7,0.02,0.43,5.03,37.7,Synthetic Environmental Simulation,2023,20,Reported Diarrheal/Gastrointestinal Cases,Synthetic Community Health Registry,2023,Synthetic Ground Water Monitoring,2023,COMPLETE,SYNTHETIC_DEMO,-0.68,-74.3,-0.09,0,18.0,0.09,0.02,0.33,0.25,0.35,0.28,LOW
DEMO_REC_0507,Arunachal Pradesh,Papum Pare,Papum Pare Central,Papum Pare Station-3,93.6404,27.1126,2024,May,Pre-Monsoon,7.0,1286.9,836.5,144.5,21.3,117.1,1.01,347.6,0.23,1.58,1.04,76.7,Synthetic Environmental Simulation,2024,25,Reported Diarrheal/Gastrointestinal Cases,Synthetic Community Health Registry,2024,Synthetic Ground Water Monitoring,2024,COMPLETE,SYNTHETIC_DEMO,-0.44,-47.7,-0.147,0,19.3,0.11,0.04,0.39,0.25,0.35,0.06,LOW
DEMO_REC_0508,Kerala,Wayanad,Wayanad Central,Wayanad Station-4,76.1396,11.6581,2022,July,Monsoon,7.41,263.5,171.3,130.2,28.6,117.9,1.76,152.4,0.12,2.26,0.28,249.2,Synthetic Environmental Simulation,2022,33,Reported Diarrheal/Gastrointestinal Cases,Synthetic Community Health Registry,2022,Synthetic Ground Water Monitoring,2022,COMPLETE,SYNTHETIC_DEMO,0.64,69.91,0.037,1,28.5,0.15,0.03,0.66,0.25,0.35,0.75,LOW
DEMO_REC_0509,Karnataka,Raichur,Raichur Central,Raichur Station-5,77.3139,16.2322,2023,July,Monsoon,7.28,1243.0,808.0,222.2,11.1,98.4,0.85,344.6,0.56,1.1,5.36,279.5,Synthetic Environmental Simulation,2023,20,Reported Diarrheal/Gastrointestinal Cases,Synthetic Community Health Registry,2023,Synthetic Ground Water Monitoring,2023,COMPLETE,SYNTHETIC_DEMO,0.83,90.57,-0.123,0,25.4,0.09,0.04,0.71,0.25,0.35,0.15,LOW
DEMO_REC_0510,Maharashtra,Latur,Latur Central,Latur Station-1,76.5346,18.3592,2024,July,Monsoon,6.25,1267.4,823.8,178.0,26.2,81.8,0.37,269.3,0.45,2.11,4.29,341.0,Synthetic Environmental Simulation,2024,28,Reported Diarrheal/Gastrointestinal Cases,Synthetic Community Health Registry,2024,Synthetic Ground Water Monitoring,2024,COMPLETE,SYNTHETIC_DEMO,1.22,132.5,-0.029,0,30.7,0.12,0.07,0.8,0.25,0.35,0.5,MODERATE
DEMO_REC_0511,Tamil Nadu,Salem,Salem Central,Salem Station-2,78.1868,11.6773,2022,November,Post-Monsoon,6.75,1689.5,1098.2,179.0,14.4,59.0,0.93,237.5,0.39,2.77,0.22,24.0,Synthetic Environmental Simulation,2022,41,Reported Diarrheal/Gastrointestinal Cases,Synthetic Community Health Registry,2022,Synthetic Ground Water Monitoring,2022,COMPLETE,SYNTHETIC_DEMO,-0.77,-83.64,-0.07,0,27.7,0.18,0.08,0.31,0.65,0.35,0.35,LOW
DEMO_REC_0512,Tamil Nadu,Chennai,Chennai Central,Chennai Station-3,80.2861,13.0534,2023,November,Post-Monsoon,6.7,1086.3,706.1,270.5,31.3,129.0,1.31,254.2,0.04,2.97,1.75,19.6,Synthetic Environmental Simulation,2023,111,Reported Diarrheal/Gastrointestinal Cases,Synthetic Community Health Registry,2023,Synthetic Ground Water Monitoring,2023,COMPLETE,SYNTHETIC_DEMO,-0.8,-86.64,-0.124,0,33.0,0.49,0.03,0.3,0.65,0.35,0.15,MODERATE
DEMO_REC_0513,Tamil Nadu,Coimbatore,Coimbatore Central,Coimbatore Station-4,76.9801,10.9872,2024,November,Post-Monsoon,7.81,1582.0,1028.3,202.1,34.7,124.7,0.45,348.2,1.0,0.25,0.07,13.8,Synthetic Environmental Simulation,2024,30,Reported Diarrheal/Gastrointestinal Cases,Synthetic Community Health Registry,2024,Synthetic Ground Water Monitoring,2024,COMPLETE,SYNTHETIC_DEMO,-0.83,-90.59,-0.06,0,20.1,0.13,0.07,0.29,0.25,0.35,0.39,LOW
DEMO_REC_0514,Tamil Nadu,Madurai,Madurai Central,Madurai Station-5,78.0869,9.9196,2022,May,Pre-Monsoon,7.35,1445.9,939.8,146.7,24.0,125.0,1.7,273.6,0.38,3.63,0.29,13.5,Synthetic Environmental Simulation,2022,90,Reported Diarrheal/Gastrointestinal Cases,Synthetic Community Health Registry,2022,Synthetic Ground Water Monitoring,2022,COMPLETE,SYNTHETIC_DEMO,-0.84,-90.8,-0.138,0,25.5,0.4,0.08,0.29,0.25,0.35,0.1,LOW
DEMO_REC_0515,Tamil Nadu,Tiruchirappalli,Tiruchirappalli Central,Tiruchirappalli Station-1,78.7346,10.7491,2023,May,Pre-Monsoon,7.23,1058.2,687.8,125.8,32.9,112.3,0.33,291.8,0.28,6.54,3.28,66.4,Synthetic Environmental Simulation,2023,73,Reported Diarrheal/Gastrointestinal Cases,Synthetic Community Health Registry,2023,Synthetic Ground Water Monitoring,2023,COMPLETE,SYNTHETIC_DEMO,-0.5,-54.73,-0.142,0,23.9,0.32,0.03,0.37,0.25,0.35,0.08,LOW
DEMO_REC_0516,Andhra Pradesh,Visakhapatnam,Visakhapatnam Central,Visakhapatnam Station-2,83.1801,17.7155,2024,May,Pre-Monsoon,7.32,1169.6,760.2,172.4,43.2,110.5,1.03,197.1,0.09,1.1,0.53,74.1,Synthetic Environmental Simulation,2024,51,Reported Diarrheal/Gastrointestinal Cases,Synthetic Community Health Registry,2024,Synthetic Ground Water Monitoring,2024,COMPLETE,SYNTHETIC_DEMO,-0.46,-49.48,-0.122,0,28.3,0.23,0.03,0.39,0.65,0.35,0.16,LOW
DEMO_REC_0517,Andhra Pradesh,Vijayawada,Vijayawada Central,Vijayawada Station-3,80.6517,16.4988,2022,July,Monsoon,7.18,1183.9,769.5,233.6,14.5,170.0,1.66,283.0,0.46,1.95,1.17,289.2,Synthetic Environmental Simulation,2022,75,Reported Diarrheal/Gastrointestinal Cases,Synthetic Community Health Registry,2022,Synthetic Ground Water Monitoring,2022,COMPLETE,SYNTHETIC_DEMO,0.89,97.18,-0.128,0,32.0,0.33,0.05,0.72,0.25,0.35,0.13,MODERATE
DEMO_REC_0518,Andhra Pradesh,Guntur,Guntur Central,Guntur Station-4,80.4821,16.2852,2023,July,Monsoon,7.54,1632.5,1061.1,189.6,16.7,60.3,1.52,353.6,0.49,4.67,0.37,268.7,Synthetic Environmental Simulation,2023,29,Reported Diarrheal/Gastrointestinal Cases,Synthetic Community Health Registry,2023,Synthetic Ground Water Monitoring,2023,COMPLETE,SYNTHETIC_DEMO,0.77,83.21,-0.075,0,33.9,0.13,0.08,0.69,0.65,0.35,0.33,MODERATE
DEMO_REC_0519,Andhra Pradesh,Anantapur,Anantapur Central,Anantapur Station-5,77.6186,14.6725,2024,July,Monsoon,7.13,1251.6,813.5,160.9,11.2,133.3,1.65,340.9,0.2,1.95,7.54,349.9,Synthetic Environmental Simulation,2024,83,Reported Diarrheal/Gastrointestinal Cases,Synthetic Community Health Registry,2024,Synthetic Ground Water Monitoring,2024,COMPLETE,SYNTHETIC_DEMO,1.28,138.57,-0.108,0,35.3,0.37,0.06,0.82,0.25,0.35,0.21,MODERATE
DEMO_REC_0520,Assam,Kamrup Metropolitan,Kamrup Metropolitan Central,Kamrup Metropolitan Station-1,91.7064,26.126,2022,November,Post-Monsoon,7.17,1410.6,916.9,154.6,13.6,161.6,0.74,184.3,0.07,0.43,1.12,37.8,Synthetic Environmental Simulation,2022,48,Reported Diarrheal/Gastrointestinal Cases,Synthetic Community Health Registry,2022,Synthetic Ground Water Monitoring,2022,COMPLETE,SYNTHETIC_DEMO,-0.68,-74.23,-0.144,0,26.9,0.21,0.06,0.33,0.65,0.35,0.07,LOW
